no_campagne,id_site,code_dept,date_complete,x_theo,y_theo,profondeur_hz_sup,profondeur_hz_inf,argile,limon_fin,limon_grossier,sable_fin,sable_grossier,cec_40_1,ph_eau_6_1,carbone_16_5_1,mat_org_0,n_tot_31_1,p_ass_81_1,ca_ech_40_3,mg_ech_40_3,k_ech_40_3,calc_tot_2_1_2,cond_elec_119_1,teneur_eau_res_166_1
1,6,59,2002-09-10,652326.99,7101219.71,0,23,247.0,122.0,131.0,479.0,21.0,17.35,8.16,12.92,,1.315,0.039,16.25,0.839,0.61,55.0,,20.9
1,6,59,2002-09-10,652326.99,7101219.71,29,50,312.0,184.0,128.0,370.0,6.0,17.35,8.42,5.247,,0.597,0.008,17.42,0.575,0.46,170.0,,17.0
1,7,59,2002-09-02,668319.25,7101085.53,0,27,186.0,134.0,232.0,442.0,6.0,14.3,8.2,14.3,,1.42,0.088,13.89,0.49,0.57,63.0,,15.9
1,7,59,2002-09-02,668319.25,7101085.53,31,50,333.0,261.0,256.0,147.0,3.0,19.15,8.3,7.45,,0.91,0.01,18.41,0.89,0.49,71.0,,28.0
1,8,62,2003-07-02,604216.81,7085629.01,0,30,313.0,166.0,195.0,271.0,55.0,24.43,7.56,37.513,,3.797,0.042,23.43,2.483,0.4,39.0,,31.3
1,8,62,2003-07-02,604216.81,7085629.01,30,50,444.0,213.0,129.0,173.0,41.0,24.01,8.33,6.891,,0.833,0.006,21.9,2.762,0.52,92.0,,38.0
1,9,62,2003-09-16,620208.83,7085495.39,0,30,160.0,208.0,491.0,129.0,12.0,11.04,8.05,9.502,,1.055,0.171,11.95,0.231,0.39,10.0,,13.33
1,9,62,2003-09-16,620208.83,7085495.39,33,50,208.0,224.0,458.0,107.0,3.0,11.96,8.03,5.034,,0.607,0.069,12.28,0.281,0.34,2.0,,15.0
1,10,62,2003-09-17,636200.84,7085361.59,0,29,188.0,231.0,501.0,59.0,21.0,11.97,6.62,12.768,,1.331,0.229,11.11,0.767,0.59,1.0,,15.36
1,10,62,2003-09-17,636200.84,7085361.59,34,50,204.0,222.0,460.0,99.0,15.0,13.74,7.21,6.354,,0.742,0.133,12.7,0.714,0.23,1.0,,17.0
1,11,59,2002-10-01,652192.84,7085227.59,0,25,176.0,193.0,446.0,153.0,32.0,13.18,7.5,16.868,,1.749,0.145,12.43,1.002,0.47,4.0,,15.7
1,11,59,2002-10-01,652192.84,7085227.59,29,50,177.0,199.0,456.0,144.0,24.0,10.04,6.11,6.639,,0.807,0.019,7.78,0.691,0.18,1.0,,11.0
1,12,59,2002-10-02,668184.88,7085093.38,0,24,215.0,188.0,320.0,229.0,48.0,20.21,7.45,29.652,,2.959,0.189,18.31,1.246,0.69,2.0,,23.5
1,12,59,2002-10-02,668184.88,7085093.38,29,50,223.0,182.0,324.0,227.0,44.0,14.71,7.48,7.362,,0.868,0.024,11.5,1.626,0.32,1.0,,14.0
1,16,62,2003-06-26,604083.36,7069637.17,0,30,345.0,196.0,150.0,272.0,37.0,20.42,6.2,32.598,,3.256,0.04,19.31,1.432,0.24,2.0,,28.4
1,16,62,2003-06-26,604083.36,7069637.17,30,50,351.0,202.0,151.0,256.0,40.0,17.59,6.2,16.738,,1.808,0.015,16.13,1.154,0.25,1.0,,25.0
1,17,62,2003-05-21,620075.13,7069503.54,0,30,350.0,142.0,131.0,320.0,57.0,22.32,5.66,42.333,,4.47,0.05,20.17,2.495,0.58,1.0,,37.35
1,17,62,2003-05-21,620075.13,7069503.54,30,50,371.0,136.0,124.0,301.0,68.0,21.41,6.93,11.039,,1.223,0.01,18.71,2.199,0.44,1.0,,35.0
1,18,62,2003-02-13,636066.89,7069369.71,0,29,207.0,249.0,447.0,78.0,19.0,13.27,8.0,11.162,,1.176,0.146,13.46,0.329,0.57,10.0,,18.9
1,18,62,2003-02-13,636066.89,7069369.71,32,50,250.0,235.0,397.0,92.0,26.0,13.34,7.87,4.262,,0.525,0.033,12.86,0.304,0.27,1.0,,28.0
1,19,62,2003-02-14,652058.67,7069235.66,0,30,151.0,239.0,505.0,80.0,25.0,10.25,8.01,10.964,,1.062,0.224,10.24,0.69,0.51,2.0,,13.5
1,19,62,2003-02-14,652058.67,7069235.66,32,50,190.0,250.0,478.0,72.0,10.0,9.71,7.84,4.885,,0.595,0.053,9.25,0.523,0.34,1.0,,19.0
1,20,59,2002-08-30,668050.51,7069101.41,0,19,415.0,178.0,242.0,133.0,32.0,29.13,6.6,19.87,,2.25,0.067,27.39,2.05,0.33,0.5,,55.3
1,20,59,2002-08-30,668050.51,7069101.41,22,50,407.0,176.0,231.0,154.0,32.0,29.81,7.5,8.26,,1.1,0.007,28.12,2.19,0.15,0.5,,61.0
1,21,59,2003-04-01,684042.41,7068966.98,0,26,312.0,260.0,293.0,102.0,33.0,19.84,7.54,12.497,,1.36,0.136,18.02,1.388,0.63,0.5,,30.45
1,21,59,2003-04-01,684042.41,7068966.98,29,50,320.0,250.0,282.0,115.0,33.0,19.18,7.62,4.711,,0.608,0.008,17.37,1.21,0.28,0.5,,35.0
1,22,59,2002-09-05,700034.41,7068832.42,0,30,124.0,102.0,410.0,345.0,19.0,10.07,7.7,12.24,,0.93,0.163,9.63,0.47,0.31,2.0,,13.7
1,22,59,2002-09-05,700034.41,7068832.42,40,50,130.0,104.0,396.0,358.0,12.0,9.62,7.7,3.25,,0.42,0.07,9.0,0.4,0.11,0.5,,15.0
1,24,62,2003-07-22,603949.79,7053645.56,0,28,293.0,388.0,129.0,88.0,102.0,10.42,8.25,12.865,,1.436,0.036,11.67,0.33,0.48,759.0,,11.5
1,25,62,2003-05-22,619941.32,7053511.92,0,30,296.0,260.0,274.0,119.0,51.0,20.78,7.92,30.42,,3.387,0.234,21.36,0.705,0.69,405.0,,23.1
1,25,62,2003-05-22,619941.32,7053511.92,30,50,300.0,262.0,281.0,108.0,49.0,16.22,8.27,11.841,,1.462,0.097,17.24,0.409,0.48,360.0,,20.0
1,26,62,2003-10-09,635932.87,7053378.02,0,23,296.0,181.0,326.0,148.0,49.0,15.31,7.44,17.44,,1.64,0.067,12.95,0.948,0.73,2.0,,21.2
1,26,62,2003-10-09,635932.87,7053378.02,27,50,507.0,96.0,136.0,199.0,62.0,17.52,7.56,5.198,,0.662,0.006,15.13,0.85,0.44,1.0,,33.0
1,27,62,2003-02-18,651924.47,7053243.9,0,29,170.0,248.0,498.0,72.0,12.0,11.93,7.97,16.009,,1.22,0.105,11.47,0.354,0.34,1.0,,16.4
1,27,62,2003-02-18,651924.47,7053243.9,33,50,227.0,263.0,451.0,58.0,1.0,12.06,7.78,4.167,,0.513,0.027,11.12,0.354,0.27,0.5,,22.0
1,28,62,2003-08-28,667916.13,7053109.6,0,21,318.0,260.0,333.0,71.0,18.0,22.23,7.87,11.359,,1.319,0.108,19.66,1.595,0.57,2.0,,26.7
1,28,62,2003-08-28,667916.13,7053109.6,24,50,336.0,250.0,319.0,78.0,17.0,21.9,7.9,6.599,,0.81,0.029,19.51,1.598,0.37,1.0,,28.0
1,29,62,2003-02-19,683907.85,7052975.11,0,30,273.0,237.0,280.0,122.0,88.0,19.23,8.15,15.436,,1.274,0.235,18.09,0.845,1.07,5.0,,28.5
1,29,62,2003-02-19,683907.85,7052975.11,34,50,277.0,238.0,291.0,122.0,72.0,20.23,8.26,6.494,,0.707,0.03,19.68,0.991,0.3,7.0,,30.0
1,30,59,2002-10-08,699899.64,7052840.48,0,28,164.0,235.0,518.0,76.0,7.0,12.75,7.46,14.49,,1.276,0.205,10.68,0.786,0.72,2.0,,14.3
1,30,59,2002-10-08,699899.64,7052840.48,32,50,199.0,237.0,486.0,75.0,3.0,12.3,7.42,4.23,,0.534,0.042,10.56,0.67,0.23,1.0,,11.0
1,31,59,2002-08-28,715891.5,7052705.67,0,30,153.0,187.0,457.0,190.0,13.0,11.83,7.5,11.13,,1.05,0.15,11.05,0.38,0.34,1.0,,17.7
1,31,59,2002-08-28,715891.5,7052705.67,35,50,213.0,176.0,403.0,194.0,14.0,13.84,7.5,4.4,,0.59,0.039,11.85,0.63,0.23,0.5,,24.0
1,34,62,2003-09-11,603816.03,7037654.18,0,26,111.0,109.0,200.0,341.0,239.0,8.22,8.05,11.712,,1.179,0.121,9.34,0.181,0.18,16.0,,9.54
1,34,62,2003-09-11,603816.03,7037654.18,30,50,110.0,111.0,223.0,350.0,206.0,6.2,8.14,4.943,,0.554,0.103,7.33,0.164,0.18,5.0,,8.0
1,35,62,2003-07-03,619807.4,7037520.49,0,30,258.0,280.0,244.0,112.0,106.0,13.42,8.14,20.705,,2.357,0.061,15.44,0.358,0.19,576.0,,13.8
1,35,62,2003-07-03,619807.4,7037520.49,30,50,229.0,309.0,230.0,151.0,81.0,5.69,8.58,7.066,,0.704,0.044,7.83,0.134,0.08,804.0,,6.0
1,36,62,2003-08-26,635798.78,7037386.52,0,33,192.0,251.0,442.0,108.0,7.0,11.2,7.13,16.528,,1.641,0.068,10.7,0.605,0.59,1.0,,16.6
1,36,62,2003-08-26,635798.78,7037386.52,38,50,197.0,244.0,434.0,118.0,7.0,8.56,7.48,6.507,,0.729,0.018,8.2,0.378,0.48,1.0,,14.0
1,37,62,2003-03-18,651790.26,7037252.35,0,30,198.0,249.0,457.0,85.0,11.0,13.57,6.34,22.467,,2.347,0.112,12.21,1.276,0.43,1.0,,19.6
1,37,62,2003-03-18,651790.26,7037252.35,30,50,225.0,248.0,444.0,76.0,7.0,12.48,7.62,5.603,,0.701,0.025,11.26,0.522,0.31,1.0,,24.0
1,38,62,2003-10-08,667781.77,7037118.02,0,27,228.0,237.0,419.0,80.0,36.0,13.22,6.48,16.737,,1.588,0.16,12.45,0.76,0.7,1.0,,19.4
1,38,62,2003-10-08,667781.77,7037118.02,31,50,202.0,245.0,434.0,93.0,26.0,10.95,6.54,9.19,,0.975,0.06,10.47,0.53,0.47,1.0,,17.0
1,39,62,2003-08-27,683773.28,7036983.5,0,25,205.0,255.0,457.0,74.0,9.0,12.76,6.62,22.31,,1.539,0.081,12.1,0.871,0.35,1.0,,15.9
1,39,62,2003-08-27,683773.28,7036983.5,29,50,216.0,259.0,450.0,73.0,2.0,13.37,7.77,6.575,,0.717,0.027,12.93,0.776,0.19,2.0,,19.0
1,40,62,2003-02-11,699764.87,7036848.8,0,24,188.0,230.0,481.0,89.0,12.0,14.39,7.97,17.573,,1.264,0.117,14.0,0.469,0.51,1.0,,18.68
1,40,62,2003-02-11,699764.87,7036848.8,27,50,222.0,227.0,462.0,80.0,9.0,15.16,7.8,4.893,,0.595,0.022,14.1,0.558,0.19,1.0,,27.0
1,41,59,2006-10-04,715756.5,7036713.9,0,30,100.0,103.0,128.0,260.0,409.0,5.12,3.9,25.6,44.2,1.37,0.013,0.29,0.12,0.153,0.5,,11.39
1,41,59,2006-10-04,715756.5,7036713.9,30,50,94.0,104.0,124.0,264.0,414.0,3.46,4.3,4.24,7.3,0.27,0.003,0.07,0.05,0.071,0.5,,8.2
1,42,59,2006-10-03,731748.18,7036578.7,0,30,114.0,122.0,147.0,450.0,167.0,4.89,3.9,35.6,61.6,1.82,0.011,0.63,0.23,0.194,0.5,,13.6
1,42,59,2006-10-03,731748.18,7036578.7,30,50,81.0,100.0,166.0,495.0,158.0,2.91,4.4,5.98,10.3,0.29,0.003,0.11,0.06,0.092,0.5,,6.9
1,43,59,2003-02-20,747739.96,7036443.2,0,26,166.0,217.0,479.0,121.0,17.0,13.48,6.58,16.611,,1.295,0.107,10.96,0.847,0.19,0.5,,19.75
1,43,59,2003-02-20,747739.96,7036443.2,30,50,204.0,239.0,438.0,104.0,15.0,15.11,7.51,6.154,,0.678,0.051,13.06,0.8,0.15,1.0,,22.0
1,47,80,2004-02-19,603682.18,7021662.95,0,30,137.0,99.0,218.0,536.0,10.0,10.6,8.37,9.61,16.6,1.02,0.0193,9.36,0.229,0.243,241.0,,9.7
1,47,80,2004-02-19,603682.18,7021662.95,37,50,147.0,118.0,227.0,502.0,6.0,9.11,8.64,4.74,8.2,0.47,0.001,8.05,0.186,0.223,275.0,,8.0
1,48,80,2007-01-25,619673.44,7021529.2,0,30,132.0,104.0,212.0,267.0,285.0,5.05,4.4,14.8,25.6,1.12,0.03,2.02,0.36,0.115,0.5,,11.4
1,48,80,2007-01-25,619673.44,7021529.2,30,50,164.0,103.0,196.0,250.0,287.0,5.05,5.2,4.9,8.5,0.46,0.017,3.3,0.51,0.077,0.5,,11.1
1,49,62,2003-10-10,635664.72,7021395.2,0,23,219.0,199.0,386.0,142.0,54.0,13.44,6.63,14.273,,1.52,0.093,12.23,0.867,0.5,1.0,,18.7
1,49,62,2003-10-10,635664.72,7021395.2,25,50,297.0,142.0,276.0,146.0,139.0,16.68,7.64,4.959,,0.654,0.03,16.06,0.501,0.29,2.0,,29.0
1,50,62,2003-09-10,651656.06,7021261.04,0,27,173.0,274.0,452.0,95.0,6.0,11.15,7.54,12.003,,1.268,0.107,10.82,0.684,0.31,1.0,,14.9
1,50,62,2003-09-10,651656.06,7021261.04,31,50,226.0,286.0,393.0,90.0,5.0,11.41,7.63,4.223,,0.549,0.028,11.13,0.329,0.18,1.0,,20.0
1,51,62,2003-09-02,667647.43,7021126.67,0,26,171.0,237.0,474.0,106.0,12.0,13.9,7.62,17.992,,1.928,0.103,13.81,0.783,0.6,3.0,,15.0
1,51,62,2003-09-02,667647.43,7021126.67,30,50,161.0,244.0,471.0,114.0,10.0,10.46,8.18,6.513,,0.782,0.035,11.48,0.398,0.24,7.0,,13.0
1,52,62,2003-07-23,683638.75,7020992.13,0,30,240.0,258.0,412.0,65.0,25.0,14.32,7.06,15.336,,1.29,0.103,13.53,0.886,0.38,1.0,,19.7
1,52,62,2003-07-23,683638.75,7020992.13,32,50,254.0,262.0,413.0,67.0,4.0,13.66,7.11,3.894,,0.486,0.028,12.92,0.889,0.24,0.5,,22.0
1,53,62,2003-03-04,699630.08,7020857.39,0,30,317.0,346.0,230.0,70.0,37.0,30.87,8.03,47.351,,4.96,0.114,29.76,0.846,0.44,390.0,,37.3
1,53,62,2003-03-04,699630.08,7020857.39,30,50,321.0,368.0,218.0,64.0,29.0,27.8,8.37,25.859,,2.848,0.022,26.59,0.687,0.13,414.0,,36.0
1,54,59,2002-10-10,715621.46,7020722.39,0,32,194.0,236.0,446.0,112.0,12.0,15.44,7.93,12.407,,1.223,0.161,14.79,0.841,0.68,3.0,,17.5
1,54,59,2002-10-10,715621.46,7020722.39,35,50,212.0,240.0,430.0,106.0,12.0,14.27,7.77,4.487,,0.554,0.022,12.94,0.543,0.24,1.0,,14.0
1,55,59,2002-11-05,731612.9,7020587.14,0,30,172.0,252.0,495.0,77.0,4.0,12.49,7.7,11.943,,1.154,0.18,10.82,0.524,0.63,1.0,,17.1
1,55,59,2002-11-05,731612.9,7020587.14,35,50,186.0,250.0,473.0,86.0,5.0,11.59,7.7,4.845,,0.585,0.093,9.95,0.42,0.23,3.0,,17.0
1,56,59,2002-12-17,747604.38,7020451.64,0,25,210.0,206.0,493.0,85.0,6.0,14.22,7.65,13.016,,1.19,0.16,12.03,0.452,0.59,1.0,,20.7
1,56,59,2002-12-17,747604.38,7020451.64,27,50,234.0,180.0,511.0,74.0,1.0,14.62,7.69,3.706,,0.482,0.047,12.61,0.389,0.25,1.0,,24.0
1,57,59,2002-11-19,763595.85,7020315.82,0,30,187.0,289.0,439.0,69.0,16.0,12.81,6.62,25.132,,2.178,0.083,10.2,1.261,0.46,0.5,,18.9
1,57,59,2002-11-19,763595.85,7020315.82,30,50,204.0,294.0,427.0,67.0,8.0,9.76,6.29,8.98,,0.831,0.024,7.56,0.769,0.23,1.0,,19.0
1,58,59,2006-10-05,779587.29,7020179.64,0,30,178.0,325.0,441.0,47.0,9.0,5.08,4.2,22.5,38.9,1.51,0.015,0.23,0.12,0.173,0.5,,15.6
1,58,59,2006-10-05,779587.29,7020179.64,30,50,194.0,307.0,444.0,43.0,12.0,4.97,4.3,7.05,12.2,0.59,0.006,0.11,0.09,0.143,0.5,,14.0
1,60,80,2003-04-24,603548.35,7005671.72,0,25,94.0,97.0,333.0,455.0,21.0,6.38,7.66,7.785,,0.811,0.1,7.19,0.577,0.26,2.0,,7.19
1,60,80,2003-04-24,603548.35,7005671.72,30,50,95.0,103.0,336.0,447.0,19.0,5.29,6.85,4.222,,0.476,0.032,4.62,0.386,0.14,0.5,,5.0
1,60,80,2003-04-24,603548.35,7005671.72,50,70,137.0,91.0,321.0,416.0,35.0,7.83,7.29,2.607,,0.317,0.016,6.97,0.477,0.11,1.0,,8.0
1,61,80,2004-03-12,619539.48,7005537.99,0,30,180.0,190.0,372.0,216.0,42.0,21.8,7.85,32.6,56.3,3.42,0.0639,20.5,0.309,0.161,20.6,,19.8
1,61,80,2004-03-12,619539.48,7005537.99,30,50,160.0,202.0,375.0,217.0,46.0,14.3,8.29,7.22,12.5,0.865,0.0176,13.1,0.071,0.0957,44.1,,13.0
1,61,80,2004-03-12,619539.48,7005537.99,50,70,167.0,212.0,380.0,202.0,39.0,14.2,8.34,6.14,10.6,0.752,0.0307,13.1,0.0674,0.093,42.9,,13.0
1,62,80,2003-10-03,635530.68,7005404.02,0,19,162.0,264.0,419.0,148.0,7.0,12.1,7.82,12.5,21.6,1.34,0.18,11.6,0.311,0.338,3.77,,13.2
1,62,80,2003-10-03,635530.68,7005404.02,25,50,193.0,265.0,408.0,130.0,4.0,12.0,7.81,6.55,11.3,0.769,0.106,11.1,0.339,0.319,2.2,,11.0
1,62,80,2003-10-03,635530.68,7005404.02,50,70,252.0,282.0,360.0,103.0,3.0,13.4,7.5,2.8,4.85,0.38,0.0417,11.6,0.535,0.263,0.5,,15.0
1,63,80,2003-03-11,651521.83,7005269.94,0,30,304.0,238.0,275.0,108.0,75.0,24.71,8.23,29.692,,2.846,0.018,23.74,0.374,0.13,264.0,,22.4
1,63,80,2003-03-11,651521.83,7005269.94,30,50,272.0,263.0,263.0,115.0,87.0,16.29,8.54,10.334,,0.863,0.008,15.8,0.173,0.08,343.0,,31.0
1,63,80,2003-03-11,651521.83,7005269.94,50,70,281.0,269.0,238.0,108.0,104.0,13.12,8.7,4.716,,0.438,0.011,13.22,0.145,0.07,498.0,,29.0
1,64,62,2003-09-23,667513.05,7005135.55,0,29,154.0,262.0,480.0,95.0,9.0,10.26,7.04,12.406,,1.299,0.12,9.4,0.883,0.44,1.0,,13.5
1,64,62,2003-09-23,667513.05,7005135.55,32,50,151.0,275.0,471.0,98.0,5.0,8.33,7.91,4.7,,0.558,0.039,8.55,0.199,0.15,1.0,,13.0
1,65,62,2003-09-03,683504.19,7005000.92,0,28,208.0,236.0,475.0,77.0,4.0,14.06,7.95,12.174,,1.356,0.125,14.3,0.383,0.71,4.0,,17.65
1,65,62,2003-09-03,683504.19,7005000.92,31,50,213.0,243.0,445.0,90.0,9.0,13.33,8.26,5.804,,0.714,0.036,14.47,0.258,0.31,7.0,,19.0
1,66,62,2003-09-24,699495.27,7004866.15,0,26,203.0,281.0,449.0,62.0,5.0,11.98,7.38,11.408,,1.193,0.095,11.68,0.713,0.47,1.0,,17.7
1,66,62,2003-09-24,699495.27,7004866.15,29,50,281.0,277.0,391.0,47.0,4.0,15.64,7.9,5.187,,0.633,0.048,14.74,0.563,0.27,1.0,,23.0
1,67,59,2002-12-10,715486.39,7004731.11,0,22,311.0,108.0,150.0,359.0,72.0,22.8,8.01,21.471,,1.587,0.132,20.06,0.54,0.78,5.0,,35.2
1,67,59,2002-12-10,715486.39,7004731.11,27,50,316.0,52.0,73.0,453.0,106.0,21.27,8.09,4.767,,0.481,0.019,18.85,0.523,0.35,2.0,,42.0
1,68,59,2002-12-19,731477.58,7004595.83,0,25,192.0,257.0,478.0,59.0,14.0,11.59,6.24,16.145,,1.537,0.141,8.62,0.744,0.85,1.0,,18.43
1,68,59,2002-12-19,731477.58,7004595.83,34,50,234.0,234.0,478.0,49.0,5.0,12.47,6.7,4.977,,0.629,0.063,9.84,0.732,0.56,1.0,,25.0
1,69,59,2003-01-23,747468.76,7004460.29,0,24,182.0,325.0,419.0,61.0,13.0,8.66,5.58,18.799,,1.606,0.058,6.21,0.636,0.28,0.5,,18.3
1,69,59,2003-01-23,747468.76,7004460.29,30,50,219.0,317.0,406.0,46.0,12.0,8.75,5.8,5.901,,0.586,0.019,6.09,0.8,0.42,1.0,,25.0
1,70,59,2003-04-02,763459.92,7004324.45,0,30,380.0,321.0,268.0,22.0,9.0,20.62,5.59,37.9,,4.035,0.055,17.94,2.237,0.17,0.5,,65.8
1,70,59,2003-04-02,763459.92,7004324.45,30,50,343.0,360.0,272.0,13.0,12.0,17.1,6.4,11.904,,1.378,0.006,14.2,2.051,0.16,0.5,,38.0
1,71,59,2002-10-29,779451.11,7004188.3,0,30,252.0,297.0,348.0,60.0,43.0,15.61,6.61,30.072,,2.736,0.155,12.42,0.989,0.91,1.0,,18.03
1,71,59,2002-10-29,779451.11,7004188.3,30,50,355.0,272.0,292.0,45.0,36.0,9.43,6.01,6.291,,0.681,0.018,7.92,1.286,0.75,1.0,,14.0
1,73,08,2008-07-10,827424.32,7003778.41,0,30,252.0,247.0,195.0,84.0,222.0,16.7,7.4,24.6,42.6,2.75,0.0025,17.3,0.85,0.162,4.8,,25.6
1,73,08,2008-07-10,827424.32,7003778.41,30,50,228.0,220.0,137.0,93.0,322.0,12.5,7.8,5.2,9.0,0.99,0.0025,13.1,0.59,0.166,3.6,,22.1
1,76,76,2006-05-17,587423.71,6989813.91,0,25,119.0,195.0,428.0,255.0,3.0,8.97,7.1,12.4,21.5,1.39,0.172,9.35,0.37,0.534,0.5,,10.22
1,76,76,2006-05-17,587423.71,6989813.91,30,50,132.0,211.0,431.0,225.0,1.0,7.53,7.4,5.88,10.2,0.56,0.068,7.77,0.24,0.408,0.5,,9.0
1,77,80,2003-04-30,603414.61,6989680.55,0,25,152.0,210.0,432.0,201.0,5.0,12.22,7.52,13.299,,1.374,0.178,12.71,0.418,0.55,1.0,,15.6
1,77,80,2003-04-30,603414.61,6989680.55,30,50,185.0,234.0,419.0,159.0,3.0,10.91,7.34,6.846,,0.748,0.051,9.97,0.504,0.37,0.5,,11.0
1,77,80,2003-04-30,603414.61,6989680.55,50,70,231.0,241.0,388.0,139.0,1.0,12.45,7.3,3.297,,0.412,0.026,10.94,0.611,0.22,0.5,,14.0
1,78,80,2003-10-01,619405.55,6989546.9,0,22,146.0,247.0,430.0,172.0,5.0,9.85,7.81,11.1,19.2,1.17,0.0779,9.25,0.221,0.434,2.59,,10.6
1,78,80,2003-10-01,619405.55,6989546.9,25,50,158.0,230.0,428.0,174.0,10.0,8.04,7.87,3.38,5.84,0.402,0.041,6.93,0.246,0.39,1.71,,8.0
1,78,80,2003-10-01,619405.55,6989546.9,50,70,180.0,236.0,409.0,168.0,7.0,8.63,7.75,1.91,3.3,0.295,0.0502,7.52,0.248,0.357,1.4,,10.0
1,79,80,2003-09-24,635396.61,6989412.99,0,20,230.0,257.0,179.0,107.0,227.0,16.54,8.19,25.651,,2.476,0.129,16.65,0.424,0.55,546.0,,16.6
1,79,80,2003-09-24,635396.61,6989412.99,25,40,248.0,311.0,119.0,59.0,263.0,6.8,8.5,9.734,,1.026,0.061,9.64,0.194,0.29,787.0,,9.0
1,80,80,2002-10-30,651387.6,6989278.96,0,25,140.0,271.0,461.0,119.0,9.0,9.47,7.07,11.292,,1.15,0.107,8.29,0.457,0.32,1.0,,13.5
1,80,80,2002-10-30,651387.6,6989278.96,35,50,145.0,282.0,467.0,100.0,6.0,7.7,6.59,5.653,,0.636,0.041,6.33,0.402,0.24,0.5,,14.0
1,80,80,2002-10-30,651387.6,6989278.96,50,80,172.0,282.0,432.0,108.0,6.0,8.44,6.66,3.509,,0.439,0.048,7.12,0.35,0.14,1.0,,19.0
1,81,80,2004-03-16,667378.62,6989144.57,0,30,156.0,273.0,463.0,97.0,11.0,11.2,7.63,11.4,19.8,1.12,0.0758,9.95,0.311,0.353,1.22,,12.7
1,81,80,2004-03-16,667378.62,6989144.57,35,50,215.0,278.0,412.0,86.0,9.0,11.5,7.26,4.1,7.1,0.487,0.0443,9.65,0.416,0.241,0.5,,14.0
1,81,80,2004-03-16,667378.62,6989144.57,50,70,247.0,273.0,397.0,76.0,7.0,12.8,7.21,2.78,4.8,0.385,0.0516,11.1,0.589,0.242,0.5,,17.0
1,82,80,2004-03-10,683369.57,6989009.88,0,25,249.0,280.0,403.0,61.0,7.0,16.0,7.97,11.6,20.1,1.22,0.203,13.3,0.817,0.7,1.21,,19.8
1,82,80,2004-03-10,683369.57,6989009.88,30,50,280.0,262.0,399.0,56.0,3.0,16.5,7.78,5.29,9.16,0.639,0.108,13.9,0.639,0.344,0.5,,19.0
1,82,80,2004-03-10,683369.57,6989009.88,50,70,294.0,237.0,414.0,54.0,1.0,16.4,7.7,2.6,4.5,0.375,0.0736,14.0,0.539,0.241,0.5,,20.0
1,83,80,2003-09-19,699360.42,6988875.08,0,20,209.0,280.0,433.0,63.0,15.0,13.8,7.76,10.5,18.2,1.13,0.0462,12.8,0.279,0.222,1.81,,16.3
1,83,80,2003-09-19,699360.42,6988875.08,30,50,249.0,278.0,405.0,57.0,11.0,14.6,7.93,4.38,7.59,0.558,0.048,13.3,0.204,0.149,1.29,,17.0
1,83,80,2003-09-19,699360.42,6988875.08,50,70,284.0,276.0,380.0,52.0,8.0,16.7,7.89,2.69,4.66,0.421,0.0596,15.1,0.2,0.165,1.11,,20.0
1,84,02,2003-08-28,715351.31,6988740.05,0,26,172.0,265.0,511.0,45.0,7.0,11.6,7.81,9.93,17.2,1.11,0.0799,10.9,0.234,0.428,2.29,,13.5
1,84,02,2003-08-28,715351.31,6988740.05,30,50,178.0,281.0,497.0,40.0,4.0,11.4,8.11,5.06,8.75,0.621,0.0561,10.9,0.19,0.204,1.95,,11.0
1,85,02,2003-08-29,731342.25,6988604.77,0,24,222.0,210.0,348.0,189.0,31.0,15.4,8.2,10.8,18.7,1.18,0.176,14.8,0.396,0.477,23.4,,17.5
1,85,02,2003-08-29,731342.25,6988604.77,30,50,232.0,230.0,348.0,175.0,15.0,14.7,8.2,4.7,8.13,0.607,0.0823,14.1,0.386,0.283,8.44,,14.0
1,86,02,2003-08-11,747333.15,6988469.16,0,25,164.0,291.0,476.0,53.0,16.0,11.1,7.74,11.9,20.6,1.16,0.0742,10.3,0.36,0.303,0.5,,11.95
1,86,02,2003-08-11,747333.15,6988469.16,35,50,203.0,305.0,441.0,42.0,9.0,10.5,7.63,4.78,8.27,0.578,0.0307,9.56,0.4,0.193,0.5,,11.0
1,87,02,2003-10-31,763324.02,6988333.31,0,30,183.0,356.0,400.0,39.0,22.0,9.65,6.05,24.3,42.1,2.49,0.0405,7.49,1.14,0.472,0.5,,16.3
1,87,02,2003-10-31,763324.02,6988333.31,30,50,212.0,354.0,381.0,31.0,22.0,6.26,5.35,6.63,11.5,0.762,0.0138,4.25,0.601,0.282,1.02,,11.0
1,88,59,2002-06-25,779314.94,6988197.21,0,30,193.0,339.0,400.0,41.0,27.0,11.83,6.0,28.51,,2.95,0.046,8.73,1.45,0.38,1.0,,23.3
1,88,59,2002-06-25,779314.94,6988197.21,30,50,211.0,345.0,376.0,31.0,37.0,8.31,5.8,6.95,,0.84,0.011,5.34,1.3,0.19,0.5,,34.0
1,91,08,2007-03-20,827287.49,6987787.45,0,30,265.0,362.0,255.0,47.0,71.0,7.15,3.9,61.2,106.0,3.45,0.005,0.19,0.12,0.128,0.5,,25.5
1,91,08,2007-03-20,827287.49,6987787.45,30,50,243.0,382.0,255.0,40.0,80.0,2.31,4.4,16.7,28.8,1.41,0.005,0.05,0.03,0.063,0.5,,14.2
1,91,08,2007-03-20,827287.49,6987787.45,-9,0,,,,,,22.7,3.9,359.0,621.0,16.2,0.086,6.27,1.85,1.09,0.5,,69.9
1,95,76,2007-11-16,523327.54,6974354.65,0,30,135.0,98.0,308.0,417.0,42.0,10.1,6.7,23.9,41.3,2.29,0.077,10.1,0.74,0.383,0.5,,11.0
1,95,76,2007-11-16,523327.54,6974354.65,30,50,209.0,109.0,321.0,307.0,54.0,7.83,6.7,6.72,11.6,0.75,0.011,7.21,0.86,0.308,0.5,,11.0
1,96,76,2005-12-20,539318.19,6974222.11,0,30,118.0,188.0,407.0,283.0,4.0,7.79,6.3,16.7,28.8,1.71,0.029,7.73,0.82,0.088,0.5,,12.4
1,96,76,2005-12-20,539318.19,6974222.11,30,50,119.0,190.0,397.0,289.0,5.0,6.63,6.7,6.76,11.7,0.8,0.019,6.66,0.38,0.08,0.5,,11.0
1,97,76,2006-12-19,555308.85,6974089.31,0,23,139.0,210.0,444.0,203.0,4.0,9.12,7.2,11.9,20.5,1.17,0.06,8.56,0.6,0.313,0.5,,12.4
1,97,76,2006-12-19,555308.85,6974089.31,25,50,144.0,210.0,436.0,207.0,3.0,8.08,7.0,7.5,13.0,0.85,0.041,7.63,0.36,0.181,0.5,,9.3
1,98,76,2007-10-09,571299.56,6973956.29,0,30,509.0,258.0,180.0,42.0,11.0,48.1,7.4,55.0,95.1,5.97,0.105,52.9,1.58,0.467,16.7,,44.1
1,98,76,2007-10-09,571299.56,6973956.29,30,50,531.0,256.0,152.0,47.0,14.0,47.7,8.1,16.7,28.9,2.09,0.014,50.1,0.62,0.312,44.8,,47.4
1,99,76,2006-10-10,587290.3,6973823.1,0,22,223.0,223.0,419.0,117.0,18.0,13.8,8.2,12.4,21.5,1.31,0.089,15.2,0.23,0.38,106.0,,16.7
1,99,76,2006-10-10,587290.3,6973823.1,26,45,215.0,210.0,379.0,177.0,19.0,13.4,8.2,11.5,19.8,1.24,0.081,15.3,0.24,0.387,116.0,,14.9
1,100,76,2006-11-09,603280.96,6973689.67,0,26,155.0,348.0,369.0,125.0,3.0,11.2,7.7,14.9,25.7,1.57,0.038,12.2,0.27,0.221,0.5,,14.2
1,100,76,2006-11-09,603280.96,6973689.67,30,50,198.0,281.0,397.0,120.0,4.0,10.5,7.6,6.1,10.6,0.69,0.015,10.2,0.34,0.148,0.5,,13.7
1,101,80,2004-02-25,619271.68,6973556.02,0,30,231.0,239.0,406.0,117.0,7.0,16.3,7.78,16.7,28.8,1.74,0.114,14.3,0.478,0.409,0.5,,18.8
1,101,80,2004-02-25,619271.68,6973556.02,31,50,266.0,243.0,376.0,110.0,5.0,15.7,7.79,7.72,13.4,0.88,0.0375,13.6,0.485,0.303,0.5,,16.0
1,101,80,2004-02-25,619271.68,6973556.02,50,70,281.0,240.0,370.0,99.0,10.0,16.2,7.79,4.44,7.69,0.55,0.0264,14.1,0.472,0.234,0.5,,19.0
1,102,80,2003-10-09,635262.48,6973422.17,0,25,182.0,277.0,424.0,108.0,9.0,13.7,7.62,14.9,25.8,1.57,0.192,13.0,0.811,0.455,3.79,,15.3
1,102,80,2003-10-09,635262.48,6973422.17,35,50,212.0,281.0,402.0,99.0,6.0,12.8,7.74,6.4,11.1,0.767,0.0666,11.3,0.753,0.312,1.33,,12.0
1,102,80,2003-10-09,635262.48,6973422.17,50,70,279.0,278.0,357.0,81.0,5.0,15.0,7.72,3.86,6.67,0.518,0.0328,13.4,0.749,0.248,0.5,,17.0
1,103,80,2003-12-09,651253.36,6973288.11,0,23,229.0,173.0,484.0,100.0,14.0,16.5,8.07,13.2,22.9,1.45,0.145,16.0,0.332,0.425,30.2,,17.9
1,103,80,2003-12-09,651253.36,6973288.11,30,50,172.0,169.0,516.0,126.0,17.0,11.3,8.32,3.02,5.22,0.481,0.0381,11.4,0.193,0.202,94.2,,11.0
1,103,80,2003-12-09,651253.36,6973288.11,50,70,146.0,162.0,555.0,111.0,26.0,9.22,8.49,3.35,5.8,0.304,0.0177,9.88,0.168,0.157,150.0,,9.0
1,104,80,2003-10-07,667244.17,6973153.71,0,22,169.0,307.0,441.0,76.0,7.0,9.04,7.85,9.146,,0.981,0.192,9.51,0.548,0.58,2.0,,14.2
1,104,80,2003-10-07,667244.17,6973153.71,30,50,242.0,299.0,395.0,60.0,4.0,11.15,7.69,4.008,,0.543,0.071,10.6,0.536,0.44,1.0,,19.0
1,104,80,2003-10-07,667244.17,6973153.71,50,70,275.0,290.0,365.0,67.0,3.0,13.69,7.76,3.007,,0.448,0.036,12.84,0.486,0.27,1.0,,21.0
1,105,80,2003-12-16,683234.92,6973019.01,0,27,230.0,281.0,428.0,56.0,5.0,14.8,8.12,8.25,14.3,0.931,0.163,13.9,0.318,0.495,4.82,,16.93
1,105,80,2003-12-16,683234.92,6973019.01,30,50,264.0,274.0,405.0,52.0,5.0,16.3,8.12,6.52,11.3,0.724,0.13,15.7,0.35,0.308,1.98,,16.0
1,105,80,2003-12-16,683234.92,6973019.01,50,70,298.0,266.0,385.0,49.0,2.0,18.0,8.0,3.05,5.28,0.412,0.0417,15.9,0.5,0.225,0.5,,20.0
1,106,80,2004-03-24,699225.53,6972884.22,0,30,253.0,238.0,305.0,148.0,56.0,24.0,8.11,23.8,41.2,2.18,0.104,21.6,0.365,0.247,138.0,,21.8
1,106,80,2004-03-24,699225.53,6972884.22,30,50,253.0,254.0,307.0,141.0,45.0,21.0,8.35,10.4,18.1,1.09,0.0606,19.0,0.264,0.176,141.0,,19.0
1,106,80,2004-03-24,699225.53,6972884.22,50,70,244.0,275.0,312.0,122.0,47.0,20.0,8.44,7.83,13.5,0.816,0.0485,17.9,0.284,0.176,176.0,,18.0
1,107,02,2003-10-28,715216.21,6972749.2,0,28,209.0,257.0,482.0,46.0,6.0,11.3,7.03,8.41,14.5,0.935,0.0766,9.73,0.851,0.405,1.09,,12.7
1,107,02,2003-10-28,715216.21,6972749.2,33,50,259.0,216.0,487.0,35.0,3.0,13.5,7.21,2.99,5.17,0.426,0.0542,11.9,0.637,0.239,0.5,,15.0
1,108,02,2003-10-29,731206.91,6972613.89,0,29,259.0,202.0,298.0,169.0,72.0,18.9,8.15,12.2,21.1,1.39,0.0808,18.3,0.386,0.411,37.6,,17.5
1,108,02,2003-10-29,731206.91,6972613.89,32,50,290.0,212.0,327.0,121.0,50.0,18.3,8.3,4.31,7.46,0.599,0.0201,17.9,0.228,0.208,12.0,,18.0
1,109,02,2003-10-21,747197.57,6972478.25,0,28,237.0,230.0,477.0,50.0,6.0,13.0,7.11,9.38,16.2,1.08,0.144,12.0,0.412,0.448,1.38,,14.4
1,109,02,2003-10-21,747197.57,6972478.25,33,50,266.0,255.0,446.0,30.0,3.0,13.3,6.98,4.89,8.46,0.659,0.0784,12.3,0.348,0.297,1.09,,15.0
1,110,02,2003-08-21,763188.2,6972342.4,0,25,212.0,294.0,452.0,33.0,9.0,13.0,7.34,14.0,24.3,1.51,0.047,12.3,0.567,0.364,0.5,,13.1
1,110,02,2003-08-21,763188.2,6972342.4,30,50,233.0,277.0,454.0,30.0,6.0,12.0,7.35,6.17,10.7,0.766,0.0167,11.0,0.476,0.231,0.5,,14.0
1,111,02,2003-05-27,779178.83,6972206.33,0,27,204.0,324.0,430.0,32.0,10.0,8.52,4.85,17.3,30.0,1.73,0.0558,6.98,0.538,0.348,0.5,,13.1
1,111,02,2003-05-27,779178.83,6972206.33,32,50,232.0,317.0,410.0,28.0,13.0,9.54,5.85,5.23,9.05,0.567,0.0088,8.3,0.443,0.167,0.5,,13.0
1,112,08,2008-04-29,795169.48,6972069.99,0,30,481.0,146.0,105.0,55.0,213.0,28.3,7.0,38.6,66.8,3.79,0.112,25.6,2.36,1.44,4.4,,43.7
1,112,08,2008-04-29,795169.48,6972069.99,30,50,466.0,137.0,65.0,56.0,276.0,27.7,7.8,10.4,18.0,1.21,0.012,28.5,0.89,0.726,20.4,,47.6
1,113,08,2008-04-25,811160.1,6971933.45,0,24,211.0,320.0,352.0,100.0,17.0,5.2,4.5,23.4,40.4,2.18,0.024,1.8,0.27,0.404,0.5,,20.1
1,113,08,2008-04-25,811160.1,6971933.45,33,50,217.0,319.0,367.0,82.0,15.0,5.4,4.8,9.18,15.9,0.94,0.005,2.19,0.23,0.103,0.5,,18.8
1,114,08,2008-06-17,827150.64,6971796.71,0,30,199.0,313.0,319.0,97.0,72.0,4.88,4.9,22.5,38.9,2.09,0.02,2.25,0.54,0.183,0.5,,19.9
1,114,08,2008-06-17,827150.64,6971796.71,30,50,228.0,311.0,295.0,93.0,73.0,5.2,5.2,8.06,14.0,0.92,0.012,3.02,0.6,0.118,0.5,,19.4
1,118,50,2006-10-31,363292.5,6959679.38,0,20,132.0,172.0,233.0,211.0,252.0,4.49,5.3,12.2,21.1,1.25,0.144,3.42,0.27,0.159,0.5,,9.13
1,118,50,2006-10-31,363292.5,6959679.38,30,50,138.0,173.0,247.0,169.0,273.0,4.76,5.5,8.42,14.6,0.88,0.062,3.86,0.31,0.094,0.5,,10.0
1,119,50,2006-05-12,379282.81,6959548.77,0,30,141.0,180.0,397.0,198.0,84.0,5.1,5.6,13.3,23.0,1.46,0.045,3.85,0.75,0.348,0.5,,12.33
1,119,50,2006-05-12,379282.81,6959548.77,30,50,168.0,193.0,418.0,189.0,32.0,5.14,5.9,6.04,10.5,0.75,0.011,4.1,0.7,0.36,0.5,,11.0
1,122,76,2006-12-14,507204.66,6958496.41,0,25,125.0,167.0,402.0,294.0,12.0,7.36,6.4,11.5,19.9,1.06,0.215,5.69,0.47,0.575,0.5,,13.1
1,122,76,2006-12-14,507204.66,6958496.41,32,50,149.0,184.0,366.0,294.0,7.0,7.8,6.4,6.64,11.5,0.65,0.216,6.12,0.54,0.521,0.5,,13.2
1,123,76,2006-06-13,523195.07,6958364.06,0,24,137.0,212.0,432.0,214.0,5.0,9.06,7.8,11.8,20.4,1.29,0.094,9.8,0.49,0.453,0.5,,12.1
1,123,76,2006-06-13,523195.07,6958364.06,30,50,144.0,223.0,422.0,207.0,4.0,7.45,7.7,7.61,13.2,0.88,0.053,7.74,0.46,0.381,0.5,,12.0
1,124,76,2005-12-15,539185.5,6958231.51,0,25,140.0,261.0,403.0,190.0,6.0,9.09,7.1,11.5,19.9,1.19,0.14,8.26,0.58,0.649,1.5,,12.0
1,124,76,2005-12-15,539185.5,6958231.51,31,50,168.0,266.0,380.0,180.0,6.0,8.53,7.0,6.07,10.5,0.66,0.051,8.23,0.59,0.387,1.1,,11.0
1,125,76,2006-06-20,555175.93,6958098.74,0,30,149.0,250.0,436.0,157.0,8.0,8.9,6.0,17.9,31.0,1.9,0.038,9.16,0.4,0.136,0.5,,13.9
1,125,76,2006-06-20,555175.93,6958098.74,30,50,174.0,227.0,432.0,162.0,5.0,9.71,6.3,9.94,17.2,1.09,0.022,9.34,0.44,0.154,0.5,,14.0
1,126,76,2007-03-08,571166.45,6957965.78,0,30,262.0,256.0,332.0,97.0,53.0,6.61,4.5,25.8,44.7,1.63,0.033,1.34,0.34,0.258,0.5,,17.8
1,126,76,2007-03-08,571166.45,6957965.78,30,50,366.0,211.0,290.0,104.0,29.0,9.1,4.6,7.81,13.5,0.65,0.005,1.08,0.56,0.178,1.1,,22.0
1,126,76,2007-03-08,571166.45,6957965.78,-2,0,158.0,202.0,243.0,233.0,164.0,29.3,4.6,265.0,458.0,12.7,0.271,19.9,4.09,1.46,0.5,,60.6
1,127,76,2006-06-27,587156.96,6957832.56,0,30,189.0,190.0,329.0,196.0,96.0,10.3,6.0,21.3,36.8,2.19,0.032,8.97,0.94,0.15,0.5,,15.54
1,127,76,2006-06-27,587156.96,6957832.56,30,50,219.0,206.0,338.0,166.0,71.0,9.27,6.1,6.36,11.0,0.76,0.013,8.15,0.81,0.162,0.5,,19.0
1,128,76,2005-10-25,603147.4,6957699.07,0,17,200.0,279.0,405.0,102.0,14.0,12.6,7.8,15.3,26.5,1.55,0.067,13.8,0.76,0.46,4.3,,14.6
1,128,76,2005-10-25,603147.4,6957699.07,22,50,228.0,273.0,398.0,86.0,15.0,11.7,7.7,9.67,16.7,1.04,0.032,12.6,0.76,0.296,3.0,,13.0
1,129,80,2007-01-24,619137.88,6957565.37,0,30,172.0,188.0,239.0,155.0,246.0,7.26,5.2,17.7,30.7,1.29,0.014,5.76,0.57,0.124,0.5,,12.5
1,129,80,2007-01-24,619137.88,6957565.37,30,50,178.0,214.0,242.0,148.0,218.0,9.92,8.0,7.42,12.8,0.64,0.005,12.6,0.4,0.078,21.4,,11.2
1,130,80,2003-09-18,635128.42,6957431.56,0,22,356.0,222.0,302.0,81.0,39.0,23.4,7.83,18.6,32.2,1.91,0.078,23.1,0.585,0.473,3.32,,25.6
1,130,80,2003-09-18,635128.42,6957431.56,30,50,480.0,190.0,256.0,52.0,22.0,27.3,8.05,8.79,15.2,1.05,0.0187,27.1,0.59,0.324,2.77,,28.0
1,131,80,2003-09-25,651119.07,6957297.48,0,20,274.0,259.0,377.0,82.0,8.0,18.7,7.98,12.7,22.0,1.38,0.131,18.2,0.591,0.41,4.89,,18.57
1,131,80,2003-09-25,651119.07,6957297.48,30,50,323.0,252.0,350.0,66.0,9.0,20.7,8.13,4.61,7.98,0.604,0.0452,19.9,0.641,0.25,15.1,,25.0
1,131,80,2003-09-25,651119.07,6957297.48,50,70,263.0,253.0,346.0,70.0,68.0,15.8,8.34,4.32,7.47,0.442,0.0455,15.5,0.381,0.215,169.0,,17.0
1,132,80,2003-10-10,667109.71,6957163.02,0,25,225.0,207.0,345.0,151.0,72.0,17.2,8.1,14.4,24.9,1.47,0.065,16.9,0.4,0.316,73.2,,18.4
1,132,80,2003-10-10,667109.71,6957163.02,35,50,221.0,215.0,328.0,167.0,69.0,16.2,8.3,8.24,14.2,0.82,0.066,16.2,0.34,0.212,119.0,,16.0
1,132,80,2003-10-10,667109.71,6957163.02,50,70,229.0,202.0,303.0,178.0,88.0,15.7,8.4,5.59,9.7,0.58,0.021,15.8,0.36,0.184,158.0,,15.0
1,133,80,2003-11-19,683100.23,6957028.35,0,20,242.0,270.0,397.0,75.0,16.0,16.0,8.11,10.3,17.7,1.02,0.136,14.8,0.484,0.554,3.85,,16.7
1,133,80,2003-11-19,683100.23,6957028.35,35,50,306.0,262.0,376.0,50.0,6.0,18.3,8.06,4.39,7.6,0.526,0.0351,16.3,0.48,0.311,1.44,,20.0
1,133,80,2003-11-19,683100.23,6957028.35,50,70,287.0,248.0,411.0,49.0,5.0,17.0,8.1,2.92,5.05,0.395,0.0186,15.4,0.393,0.258,1.07,,21.0
1,134,80,2003-09-22,699090.65,6956893.55,0,25,197.0,223.0,350.0,197.0,33.0,13.44,8.13,9.927,,1.056,0.024,13.83,0.447,0.34,7.0,,16.6
1,134,80,2003-09-22,699090.65,6956893.55,30,50,208.0,213.0,337.0,209.0,33.0,13.88,8.28,5.989,,0.677,0.01,13.94,0.346,0.21,6.0,,18.0
1,134,80,2003-09-22,699090.65,6956893.55,50,70,161.0,326.0,353.0,92.0,68.0,14.49,8.12,3.524,,0.426,0.003,13.81,0.532,0.24,0.5,,11.0
1,135,02,2003-05-22,715081.09,6956758.5,0,27,158.0,212.0,278.0,234.0,118.0,11.5,8.18,18.4,31.8,1.25,0.12,12.4,0.268,0.581,58.7,,10.9
1,135,02,2003-05-22,715081.09,6956758.5,37,50,138.0,223.0,299.0,244.0,96.0,9.22,8.52,12.5,21.6,0.729,0.0923,10.3,0.179,0.46,41.9,,8.0
1,136,02,2003-09-04,731071.55,6956623.17,0,25,245.0,207.0,487.0,58.0,3.0,15.4,7.68,10.3,17.8,1.12,0.0973,13.5,0.666,0.627,0.5,,19.7
1,136,02,2003-09-04,731071.55,6956623.17,30,50,282.0,200.0,473.0,43.0,2.0,16.6,7.82,5.24,9.06,0.596,0.056,14.4,0.525,0.333,0.5,,18.0
1,137,02,2003-10-27,747061.99,6956487.55,0,29,283.0,218.0,415.0,79.0,5.0,17.9,8.16,9.55,16.5,1.08,0.106,16.3,0.82,0.567,2.12,,18.7
1,137,02,2003-10-27,747061.99,6956487.55,33,50,315.0,231.0,368.0,81.0,5.0,19.4,8.13,3.88,6.71,0.52,0.017,17.0,0.684,0.273,1.23,,25.0
1,138,02,2003-08-12,763052.39,6956351.71,0,27,267.0,272.0,405.0,50.0,6.0,16.0,7.62,10.5,18.1,1.16,0.124,15.7,0.835,0.657,1.35,,20.43
1,138,02,2003-08-12,763052.39,6956351.71,32,50,268.0,274.0,393.0,58.0,7.0,14.9,7.71,3.69,6.39,0.479,0.0259,14.4,0.446,0.24,0.5,,16.0
1,139,02,2003-05-26,779042.76,6956215.65,0,28,251.0,299.0,420.0,27.0,3.0,15.4,7.45,11.8,20.4,1.28,0.0961,15.0,0.958,0.554,1.06,,15.0
1,139,02,2003-05-26,779042.76,6956215.65,35,50,287.0,306.0,376.0,28.0,3.0,15.6,7.25,3.66,6.33,0.496,0.0403,14.8,0.723,0.313,0.5,,17.0
1,140,08,2007-03-22,795033.15,6956079.37,0,30,206.0,290.0,366.0,92.0,46.0,13.8,5.8,18.3,31.6,1.48,0.022,10.9,1.71,0.698,0.5,,20.3
1,140,08,2007-03-22,795033.15,6956079.37,30,50,244.0,301.0,350.0,77.0,28.0,14.7,5.8,9.85,17.0,0.92,0.015,11.4,1.85,0.492,0.5,,17.3
1,141,08,2008-05-21,811023.51,6955942.86,0,16,290.0,276.0,316.0,103.0,15.0,17.9,7.5,23.4,40.5,2.2,0.089,19.0,0.44,0.429,5.7,,26.4
1,141,08,2008-05-21,811023.51,6955942.86,20,50,367.0,263.0,263.0,96.0,11.0,17.0,8.0,7.8,13.5,0.83,0.009,18.9,0.3,0.311,11.4,,25.8
1,142,08,2008-04-24,827013.81,6955806.15,0,30,213.0,282.0,403.0,80.0,22.0,8.46,5.3,22.0,38.1,2.21,0.034,7.7,0.57,0.194,0.5,,22.5
1,142,08,2008-04-24,827013.81,6955806.15,30,50,297.0,74.0,540.0,72.0,17.0,10.7,5.6,4.55,7.9,0.54,0.005,9.47,0.96,0.206,0.5,,26.5
1,143,08,2008-10-09,843004.07,6955669.25,0,30,327.0,278.0,259.0,83.0,53.0,15.1,5.7,21.3,36.8,2.02,0.015,13.2,1.0,0.296,0.5,,27.8
1,143,08,2008-10-09,843004.07,6955669.25,30,50,458.0,265.0,192.0,54.0,31.0,19.8,5.9,5.12,8.9,0.65,0.0025,17.4,1.34,0.398,0.5,,33.6
1,144,08,2008-06-18,858994.35,6955532.1,0,30,136.0,152.0,131.0,563.0,18.0,4.12,5.1,13.8,23.9,1.42,0.049,2.9,0.45,0.285,0.5,,13.22
1,144,08,2008-06-18,858994.35,6955532.1,30,50,184.0,148.0,119.0,535.0,14.0,4.61,5.4,4.86,8.4,0.57,0.012,3.59,0.39,0.191,0.5,,12.2
1,147,50,2007-02-15,363162.02,6943689.29,0,25,120.0,240.0,433.0,155.0,52.0,6.01,6.3,14.2,24.5,1.38,0.12,4.6,0.5,0.428,0.5,,9.79
1,147,50,2007-02-15,363162.02,6943689.29,30,50,190.0,260.0,411.0,121.0,18.0,7.0,6.5,4.34,7.5,0.47,0.016,6.06,0.53,0.235,0.5,,13.2
1,148,50,2006-10-24,379152.09,6943558.67,0,30,170.0,234.0,403.0,140.0,53.0,7.74,5.7,19.4,33.5,1.92,0.014,7.14,0.64,0.14,0.5,,12.0
1,148,50,2006-10-24,379152.09,6943558.67,30,50,167.0,231.0,396.0,158.0,48.0,6.76,6.0,6.57,11.4,0.75,0.005,6.49,0.35,0.127,0.5,,10.7
1,150,76,2005-11-22,491082.26,6942638.26,0,35,97.0,122.0,285.0,453.0,43.0,6.58,6.7,11.6,20.0,1.01,0.184,5.02,1.03,0.625,1.0,,7.66
1,150,76,2005-11-22,491082.26,6942638.26,40,50,101.0,132.0,271.0,461.0,35.0,5.39,6.6,8.42,14.6,0.77,0.122,4.21,1.04,0.54,1.0,,6.0
1,151,76,2007-02-13,507072.4,6942506.09,0,30,133.0,201.0,427.0,233.0,6.0,6.04,6.1,11.4,19.7,1.13,0.098,5.01,0.55,0.599,0.5,,11.9
1,151,76,2007-02-13,507072.4,6942506.09,30,50,152.0,206.0,418.0,220.0,4.0,5.75,6.4,5.82,10.1,0.65,0.049,5.26,0.4,0.324,0.5,,9.6
1,152,76,2006-07-11,523062.63,6942373.7,0,30,143.0,225.0,451.0,173.0,8.0,8.17,6.5,13.8,24.0,1.48,0.103,7.32,0.77,0.446,0.5,,12.3
1,152,76,2006-07-11,523062.63,6942373.7,30,50,173.0,224.0,432.0,168.0,3.0,6.96,6.7,6.64,11.5,0.79,0.052,6.22,0.58,0.491,0.5,,13.0
1,153,76,2007-01-23,539052.83,6942241.09,0,30,212.0,256.0,375.0,132.0,25.0,17.9,7.6,28.2,48.8,2.24,0.03,21.2,0.4,0.148,44.5,,17.8
1,153,76,2007-01-23,539052.83,6942241.09,30,50,222.0,271.0,308.0,140.0,59.0,8.45,8.2,7.44,12.9,0.63,0.005,13.2,0.13,0.082,257.0,,12.3
1,154,76,2005-10-06,555043.02,6942108.33,0,20,138.0,242.0,462.0,150.0,8.0,7.91,6.9,10.6,18.3,1.13,0.047,7.58,0.47,0.508,1.4,,9.64
1,154,76,2005-10-06,555043.02,6942108.33,25,50,168.0,257.0,434.0,135.0,6.0,5.54,6.8,6.93,12.0,0.78,0.03,7.51,0.44,0.27,0.5,,10.0
1,155,76,2005-11-18,571033.32,6941975.4,0,15,160.0,254.0,445.0,134.0,7.0,11.3,7.6,12.3,21.2,1.32,0.053,11.4,0.46,0.297,2.2,,12.2
1,155,76,2005-11-18,571033.32,6941975.4,30,50,204.0,252.0,428.0,111.0,5.0,10.7,7.0,5.68,9.8,0.71,0.016,9.81,0.51,0.153,0.5,,10.0
1,156,76,2007-12-07,587023.62,6941842.2,0,30,197.0,282.0,402.0,105.0,14.0,6.08,4.8,26.1,45.2,2.48,0.061,3.87,0.99,0.475,0.5,,15.1
1,156,76,2007-12-07,587023.62,6941842.2,30,50,201.0,299.0,396.0,95.0,9.0,5.66,5.2,8.44,14.6,0.85,0.012,3.77,0.44,0.341,0.5,,11.6
1,157,76,2006-06-22,603013.85,6941708.69,0,30,222.0,183.0,181.0,242.0,172.0,13.5,6.3,21.9,37.8,2.21,0.082,12.4,0.62,0.268,0.5,,18.0
1,157,76,2006-06-22,603013.85,6941708.69,30,50,221.0,190.0,192.0,241.0,156.0,12.1,7.1,10.1,17.5,1.14,0.06,11.5,0.34,0.247,0.5,,17.0
1,158,60,2003-09-25,619004.14,6941574.96,0,27,182.0,287.0,427.0,97.0,7.0,12.9,7.6,12.0,20.7,1.31,0.082,12.0,0.6,0.34,1.7,,12.7
1,158,60,2003-09-25,619004.14,6941574.96,30,50,249.0,296.0,373.0,77.0,5.0,13.8,7.7,5.42,9.4,0.69,0.025,12.8,0.55,0.267,1.0,,15.0
1,159,60,2003-09-24,634994.48,6941441.1,0,28,212.0,269.0,359.0,114.0,46.0,13.2,7.2,13.5,23.4,1.39,0.064,12.9,0.47,0.488,1.5,,14.8
1,160,60,2003-04-02,650984.83,6941307.01,0,36,247.0,247.0,431.0,66.0,9.0,15.3,8.1,11.41,19.6,1.09,0.134,14.49,0.54,0.56,2.0,,15.8
1,160,60,2003-04-02,650984.83,6941307.01,40,50,297.0,201.0,422.0,76.0,4.0,17.0,7.9,3.2,5.5,0.44,0.028,15.38,0.6,0.23,1.0,,21.0
1,161,60,2003-09-23,666975.22,6941172.57,0,28,169.0,325.0,443.0,59.0,4.0,8.21,6.27,8.017,,0.864,0.097,7.13,0.765,0.39,1.0,,10.91
1,161,60,2003-09-23,666975.22,6941172.57,33,50,288.0,289.0,373.0,48.0,2.0,14.19,6.67,2.884,,0.394,0.023,12.28,0.962,0.31,1.0,,21.0
1,162,60,2003-04-01,682965.54,6941037.93,0,29,69.0,80.0,95.0,722.0,34.0,4.07,6.62,7.638,,0.743,0.146,3.95,0.179,0.14,1.0,,5.36
1,162,60,2003-04-01,682965.54,6941037.93,34,50,71.0,88.0,107.0,700.0,34.0,2.94,6.82,2.292,,0.275,0.064,2.81,0.201,0.12,1.0,,4.0
1,163,60,2003-05-13,698955.79,6940903.07,0,30,530.0,209.0,125.0,97.0,39.0,55.2,7.9,50.09,86.2,5.4,0.023,52.92,3.35,0.23,69.0,,73.1
1,163,60,2003-05-13,698955.79,6940903.07,30,50,550.0,204.0,127.0,88.0,31.0,49.6,8.1,16.02,27.6,1.97,0.006,46.5,3.55,0.22,45.0,,50.0
1,164,02,2003-09-05,714946.0,6940767.99,0,30,212.0,53.0,73.0,425.0,237.0,20.7,7.41,19.8,34.2,2.01,0.0685,19.6,1.12,0.194,2.71,,19.9
1,164,02,2003-09-05,714946.0,6940767.99,30,50,248.0,51.0,70.0,375.0,256.0,19.8,8.18,7.08,12.2,0.705,0.0379,18.5,1.27,0.258,8.26,,19.0
1,165,02,2007-03-21,730936.2,6940632.64,0,30,91.0,172.0,246.0,357.0,134.0,2.85,4.3,15.7,27.2,0.58,0.005,0.12,0.06,0.077,0.5,,5.97
1,165,02,2007-03-21,730936.2,6940632.64,30,50,136.0,162.0,243.0,332.0,127.0,3.91,4.5,5.24,9.1,0.25,0.005,0.08,0.05,0.084,0.5,,9.0
1,165,02,2007-03-21,730936.2,6940632.64,-3,0,116.0,136.0,77.0,284.0,387.0,25.2,4.6,302.0,523.0,15.0,0.143,12.3,2.28,1.69,0.5,,64.8
1,166,02,2003-11-03,746926.4,6940497.06,0,30,180.0,94.0,54.0,521.0,151.0,10.5,8.32,12.2,21.1,1.04,0.0484,11.0,0.287,0.398,175.0,,9.24
1,166,02,2003-11-03,746926.4,6940497.06,33,50,207.0,127.0,46.0,433.0,187.0,8.51,8.45,5.19,8.97,0.574,0.0316,9.17,0.239,0.266,310.0,,8.0
1,167,02,2003-05-23,762916.55,6940361.23,0,28,81.0,12.0,18.0,613.0,276.0,7.01,8.0,7.67,13.3,0.783,0.0883,7.47,0.184,0.429,21.3,,5.41
1,167,02,2003-05-23,762916.55,6940361.23,35,50,157.0,94.0,25.0,500.0,224.0,6.53,8.27,6.69,11.6,0.663,0.0429,8.13,0.106,0.192,240.0,,6.0
1,168,08,2008-09-10,778906.68,6940225.18,0,29,205.0,217.0,463.0,110.0,5.0,13.1,7.9,10.3,17.9,1.15,0.108,14.7,0.36,0.406,1.8,,15.2
1,168,08,2008-09-10,778906.68,6940225.18,32,50,192.0,216.0,484.0,104.0,4.0,9.81,7.9,3.25,5.6,0.45,0.035,10.8,0.26,0.189,0.5,,18.7
1,169,08,2008-09-09,794896.82,6940088.96,0,36,271.0,254.0,369.0,100.0,6.0,21.8,8.1,15.3,26.4,1.63,0.022,23.7,0.44,0.378,28.5,,27.4
1,169,08,2008-09-09,794896.82,6940088.96,40,50,256.0,247.0,384.0,110.0,3.0,19.4,8.3,6.27,10.9,0.76,0.0025,21.5,0.3,0.27,28.1,,30.1
1,170,08,2008-08-20,810886.93,6939952.48,0,19,443.0,184.0,109.0,89.0,175.0,30.3,7.4,20.7,35.8,2.11,0.142,30.0,0.93,0.865,4.5,,48.7
1,170,08,2008-08-20,810886.93,6939952.48,23,50,466.0,220.0,125.0,76.0,113.0,31.7,7.3,13.4,23.1,1.32,0.19,30.9,1.09,0.703,3.8,,47.9
1,171,08,2008-07-09,826877.01,6939815.78,0,30,271.0,230.0,179.0,110.0,210.0,23.1,7.9,32.9,56.9,3.5,0.03,25.6,0.56,0.325,360.0,,26.4
1,172,08,2007-03-27,842867.06,6939678.9,0,30,300.0,217.0,270.0,209.0,4.0,16.4,5.3,20.8,36.1,1.77,0.005,14.9,1.01,0.446,0.5,,28.8
1,172,08,2007-03-27,842867.06,6939678.9,30,50,374.0,213.0,237.0,174.0,2.0,21.0,6.4,8.88,15.4,0.89,0.005,19.3,0.97,0.466,1.1,,23.0
1,173,55,2007-03-28,858857.11,6939541.84,0,30,494.0,213.0,165.0,86.0,42.0,20.8,5.8,20.7,35.9,1.86,0.005,19.6,1.25,0.309,1.2,,36.8
1,173,55,2007-03-28,858857.11,6939541.84,30,50,648.0,161.0,97.0,69.0,25.0,30.6,7.4,10.4,17.9,1.09,0.005,31.4,1.07,0.354,10.8,,34.0
1,174,55,2008-09-16,874847.13,6939404.54,0,12,265.0,161.0,162.0,291.0,121.0,9.79,5.4,18.1,31.4,1.77,0.052,9.22,0.59,0.414,0.5,,18.2
1,174,55,2008-09-16,874847.13,6939404.54,14,50,327.0,180.0,160.0,238.0,95.0,12.6,5.8,11.4,19.8,1.18,0.048,11.8,0.7,0.268,0.5,,25.3
1,175,54,2008-09-12,890837.13,6939267.02,0,30,285.0,188.0,161.0,302.0,64.0,13.7,6.5,19.3,33.4,1.99,0.012,13.2,0.7,0.381,0.5,,17.7
1,175,54,2008-09-12,890837.13,6939267.02,30,50,323.0,181.0,136.0,299.0,61.0,15.0,7.3,9.75,16.9,1.07,0.008,15.2,0.41,0.314,1.4,,19.6
1,176,54,2008-09-11,906827.02,6939129.36,0,30,412.0,183.0,74.0,302.0,29.0,33.8,7.0,39.9,69.0,2.74,0.006,33.5,1.23,0.298,3.7,,46.5
1,181,50,2006-12-06,363031.5,6927699.41,0,30,135.0,176.0,375.0,244.0,70.0,6.85,5.3,20.1,34.7,2.01,0.108,4.77,1.11,0.359,2.7,,16.4
1,181,50,2006-12-06,363031.5,6927699.41,30,50,135.0,184.0,394.0,229.0,58.0,5.7,5.7,6.18,10.7,0.66,0.022,3.83,0.59,0.349,0.5,,10.1
1,182,50,2006-10-03,379021.33,6927568.77,0,30,737.0,188.0,58.0,12.0,5.0,20.2,4.7,88.9,154.0,8.28,0.023,15.8,2.07,0.371,1.2,,53.93
1,182,50,2006-10-03,379021.33,6927568.77,30,50,512.0,239.0,196.0,49.0,4.0,20.5,4.9,113.0,195.0,8.45,0.011,17.3,1.43,0.166,1.5,,48.9
1,183,50,2005-11-04,395011.21,6927437.95,0,20,171.0,214.0,444.0,156.0,15.0,9.79,6.0,17.9,31.0,1.91,0.101,8.76,0.92,0.441,1.2,,11.8
1,183,50,2005-11-04,395011.21,6927437.95,35,50,180.0,221.0,438.0,148.0,13.0,9.32,6.1,10.7,18.6,1.27,0.031,8.62,0.94,0.254,1.3,,12.0
1,184,14,2005-10-18,411001.12,6927306.91,0,14,220.0,215.0,405.0,106.0,54.0,13.3,5.5,28.2,48.9,2.93,0.025,13.7,1.15,0.299,1.1,,22.8
1,184,14,2005-10-18,411001.12,6927306.91,21,50,208.0,214.0,406.0,121.0,51.0,10.8,5.7,13.1,22.7,1.42,0.011,11.5,0.88,0.201,2.0,,14.0
1,189,14,2007-08-29,490950.19,6926648.2,0,30,192.0,200.0,351.0,194.0,63.0,13.6,6.0,24.8,42.9,2.58,0.046,12.7,0.97,0.172,0.5,,19.5
1,189,14,2007-08-29,490950.19,6926648.2,30,50,202.0,194.0,343.0,208.0,53.0,12.7,6.6,13.2,22.8,1.33,0.05,11.8,0.7,0.19,0.5,,12.9
1,190,27,2005-09-06,506940.15,6926516.03,0,25,115.0,188.0,495.0,195.0,7.0,4.66,5.3,7.88,13.6,0.79,0.086,3.62,0.3,0.294,0.5,,12.01
1,190,27,2005-09-06,506940.15,6926516.03,30,50,156.0,200.0,447.0,192.0,5.0,6.5,5.9,4.81,8.3,0.54,0.045,5.61,0.42,0.332,0.5,,11.0
1,191,27,2007-11-27,522930.16,6926383.62,0,30,115.0,190.0,434.0,249.0,12.0,4.88,5.1,11.8,20.5,1.24,0.05,3.73,0.39,0.339,0.5,,7.66
1,191,27,2007-11-27,522930.16,6926383.62,30,50,145.0,202.0,421.0,223.0,9.0,5.93,6.0,4.49,7.8,0.58,0.013,5.53,0.23,0.159,0.5,,8.5
1,192,76,2007-02-05,538920.14,6926250.97,0,30,180.0,222.0,312.0,171.0,115.0,6.52,4.2,52.3,90.5,2.03,0.016,0.92,0.29,0.181,0.5,,15.6
1,193,76,2007-01-22,554910.11,6926118.17,0,20,92.0,198.0,271.0,211.0,228.0,3.92,4.1,43.3,74.9,1.17,0.075,0.91,0.15,0.071,1.2,,9.48
1,193,76,2007-01-22,554910.11,6926118.17,-15,0,,,,,,18.5,3.8,285.0,494.0,11.4,0.106,8.21,1.43,0.534,0.5,,49.2
1,194,76,2007-03-06,570900.19,6925985.21,0,30,119.0,180.0,267.0,308.0,126.0,3.87,4.2,18.8,32.6,0.89,0.005,0.38,0.1,0.091,0.5,,9.08
1,194,76,2007-03-06,570900.19,6925985.21,30,50,254.0,133.0,241.0,260.0,112.0,5.07,4.2,4.23,7.3,0.32,0.005,0.19,0.08,0.08,0.5,,12.8
1,194,76,2007-03-06,570900.19,6925985.21,-5,0,,,,,,25.4,4.0,293.0,507.0,14.8,0.167,12.4,1.98,0.978,0.5,,58.5
1,195,27,2005-10-11,586890.28,6925851.99,0,20,182.0,283.0,404.0,93.0,38.0,14.6,8.0,23.6,40.8,2.2,0.064,17.0,0.35,0.198,30.0,,16.5
1,195,27,2005-10-11,586890.28,6925851.99,30,40,219.0,283.0,375.0,76.0,47.0,11.4,8.2,5.74,9.9,0.65,0.028,13.8,0.28,0.144,7.4,,12.0
1,196,76,2007-01-18,602880.34,6925718.51,0,30,167.0,310.0,407.0,97.0,19.0,4.52,4.2,19.9,34.4,1.25,0.005,0.24,0.11,0.092,1.8,,16.2
1,196,76,2007-01-18,602880.34,6925718.51,30,50,186.0,301.0,398.0,99.0,16.0,4.61,4.4,6.38,11.0,0.5,0.005,0.14,0.09,0.084,0.5,,13.8
1,196,76,2007-01-18,602880.34,6925718.51,-2,0,,,,,,20.2,4.1,238.0,411.0,13.3,0.145,9.27,2.17,1.14,1.5,,52.5
1,197,60,2003-05-16,618870.43,6925584.83,0,30,116.0,189.0,349.0,187.0,159.0,6.0,5.5,12.95,22.3,1.25,0.014,5.38,0.31,0.1,1.0,,8.96
1,197,60,2003-05-16,618870.43,6925584.83,30,50,133.0,204.0,344.0,159.0,160.0,5.8,6.4,4.61,7.9,0.47,0.013,5.59,0.5,0.08,1.0,,9.0
1,198,60,2002-12-16,634860.55,6925450.91,0,20,392.0,393.0,168.0,23.0,24.0,37.83,8.02,40.516,,4.293,0.033,39.83,0.574,0.19,108.0,,39.1
1,198,60,2002-12-16,634860.55,6925450.91,25,50,385.0,408.0,167.0,22.0,18.0,34.99,8.22,28.62,,3.295,0.01,33.86,0.204,0.1,109.0,,36.0
1,199,60,2003-10-14,650850.65,6925316.76,0,28,183.0,230.0,364.0,191.0,32.0,11.7,7.8,9.55,16.5,1.06,0.085,11.2,0.49,0.394,1.5,,12.9
1,199,60,2003-10-14,650850.65,6925316.76,31,50,247.0,242.0,317.0,165.0,29.0,14.5,7.8,4.79,8.3,0.61,0.038,13.3,0.4,0.269,1.5,,19.0
1,200,60,2003-10-07,666840.77,6925182.37,0,32,240.0,185.0,506.0,65.0,4.0,15.9,7.7,10.5,18.1,1.2,0.041,15.5,0.43,0.305,1.7,,22.3
1,200,60,2003-10-07,666840.77,6925182.37,40,50,272.0,171.0,506.0,49.0,2.0,16.3,7.8,3.51,6.1,0.5,0.022,15.9,0.27,0.244,1.5,,22.0
1,201,60,2003-04-04,682830.87,6925047.75,0,26,133.0,223.0,359.0,243.0,42.0,7.7,7.7,7.93,13.6,0.75,0.097,7.79,0.39,0.28,1.0,,8.63
1,201,60,2003-04-04,682830.87,6925047.75,32,50,191.0,204.0,316.0,245.0,44.0,10.4,7.6,4.4,7.6,0.47,0.048,9.46,0.61,0.24,1.0,,11.0
1,202,60,2007-01-15,698820.95,6924912.87,0,30,56.0,83.0,118.0,535.0,208.0,3.71,4.8,17.6,30.5,0.97,0.005,1.53,0.14,0.084,0.5,,9.92
1,202,60,2007-01-15,698820.95,6924912.87,30,50,82.0,76.0,117.0,538.0,187.0,5.2,6.5,5.07,8.8,0.28,0.005,5.43,0.16,0.068,1.4,,6.8
1,203,02,2007-01-31,714810.94,6924777.73,0,30,250.0,193.0,330.0,182.0,45.0,21.3,7.7,20.1,34.7,1.91,0.005,21.8,0.83,0.326,15.0,,27.8
1,203,02,2007-01-31,714810.94,6924777.73,30,50,238.0,194.0,335.0,189.0,44.0,16.9,8.3,7.5,13.0,0.87,0.005,17.9,0.53,0.232,19.8,,20.4
1,204,02,2003-11-05,730800.87,6924642.38,0,32,272.0,249.0,395.0,80.0,4.0,17.4,7.93,8.49,14.7,1.0,0.137,15.7,0.716,0.544,1.65,,22.9
1,204,02,2003-11-05,730800.87,6924642.38,36,50,308.0,217.0,429.0,44.0,2.0,18.8,7.92,3.14,5.44,0.436,0.0155,16.5,0.704,0.322,0.5,,21.0
1,205,02,2003-05-20,746790.8,6924506.79,0,25,256.0,166.0,180.0,340.0,58.0,24.7,7.9,20.53,35.3,2.19,0.053,25.0,0.78,0.29,31.0,,24.9
1,205,02,2003-05-20,746790.8,6924506.79,35,50,242.0,171.0,183.0,348.0,56.0,22.5,8.1,14.11,24.3,1.55,0.02,22.38,0.77,0.2,36.0,,23.0
1,206,02,2003-11-04,762780.68,6924370.96,0,26,211.0,139.0,45.0,373.0,232.0,10.5,8.16,7.68,13.3,0.851,0.0419,10.7,0.34,0.263,286.0,,14.46
1,206,02,2003-11-04,762780.68,6924370.96,30,50,183.0,104.0,31.0,433.0,249.0,9.81,8.48,1.59,2.76,0.526,0.013,10.4,0.174,0.208,250.0,,11.0
1,207,08,2008-08-21,778770.56,6924234.95,0,27,246.0,211.0,118.0,141.0,284.0,13.2,8.3,20.8,36.0,1.82,0.083,15.7,0.36,0.74,547.0,,16.6
1,207,08,2008-08-21,778770.56,6924234.95,28,50,218.0,192.0,99.0,155.0,336.0,8.35,8.4,9.01,15.6,1.0,0.041,11.7,0.26,0.372,664.0,,12.2
1,208,08,2008-10-23,794760.48,6924098.76,0,24,266.0,270.0,273.0,94.0,97.0,16.9,8.2,13.8,23.8,1.45,0.068,18.5,0.37,0.358,325.0,,19.1
1,208,08,2008-10-23,794760.48,6924098.76,27,50,199.0,245.0,226.0,79.0,251.0,10.1,8.6,4.53,7.8,0.47,0.018,12.5,0.21,0.152,492.0,,12.6
1,209,08,2008-08-19,810750.38,6923962.33,0,24,295.0,337.0,132.0,56.0,180.0,14.5,8.1,20.6,35.7,2.1,0.032,18.1,0.24,0.422,587.0,,20.6
1,209,08,2008-08-19,810750.38,6923962.33,28,50,316.0,362.0,74.0,44.0,204.0,6.46,8.5,8.12,14.0,0.85,0.016,10.6,0.12,0.154,794.0,,9.8
1,210,08,2007-03-19,826740.26,6923825.64,0,30,144.0,195.0,361.0,281.0,19.0,8.49,5.7,12.7,21.9,1.18,0.051,7.61,1.03,0.567,0.5,,15.2
1,210,08,2007-03-19,826740.26,6923825.64,30,50,164.0,213.0,353.0,245.0,25.0,8.93,5.4,4.01,6.9,0.49,0.041,8.39,1.11,0.337,0.5,,12.2
1,211,08,2008-10-09,842730.13,6923688.78,0,23,469.0,256.0,203.0,41.0,31.0,29.3,8.1,19.1,33.1,2.15,0.053,30.1,0.74,1.0,68.8,,30.2
1,211,08,2008-10-09,842730.13,6923688.78,27,50,400.0,338.0,126.0,30.0,106.0,19.7,8.4,6.03,10.4,0.73,0.008,21.9,0.45,0.447,401.0,,24.0
1,212,55,2008-05-06,858719.94,6923551.76,0,18,320.0,231.0,235.0,119.0,95.0,23.6,8.1,21.3,36.8,2.17,0.15,26.1,0.42,0.63,210.0,,27.4
1,212,55,2008-05-06,858719.94,6923551.76,20,50,331.0,219.0,214.0,121.0,115.0,24.0,8.2,13.3,23.0,1.39,0.135,26.4,0.48,0.493,236.0,,31.7
1,213,55,2008-05-07,874709.7,6923414.53,0,30,394.0,280.0,263.0,40.0,23.0,23.6,6.5,25.2,43.6,2.41,0.017,22.9,1.34,0.402,1.5,,38.5
1,213,55,2008-05-07,874709.7,6923414.53,30,50,572.0,231.0,154.0,26.0,17.0,32.5,8.0,5.58,9.7,0.75,0.005,33.9,1.43,0.488,10.2,,46.4
1,214,55,2008-05-26,890699.45,6923277.09,0,30,226.0,333.0,377.0,56.0,8.0,11.1,6.1,11.6,20.1,1.21,0.077,10.8,0.59,0.227,0.5,,19.4
1,214,55,2008-05-26,890699.45,6923277.09,30,50,312.0,320.0,323.0,41.0,4.0,15.0,6.6,5.96,10.3,0.73,0.057,14.5,0.75,0.287,0.5,,26.8
1,215,54,2007-05-16,906689.15,6923139.46,0,30,386.0,216.0,160.0,113.0,125.0,42.2,7.6,56.0,96.8,4.21,0.017,42.2,0.95,0.397,185.0,,35.3
1,216,57,2006-09-19,922678.75,6923001.67,0,30,272.0,112.0,81.0,332.0,203.0,20.3,6.5,22.9,39.6,1.62,0.1,19.9,1.01,0.25,0.5,,28.6
1,216,57,2006-09-19,922678.75,6923001.67,30,50,297.0,116.0,84.0,291.0,212.0,24.8,7.2,12.9,22.4,0.99,0.092,25.0,1.07,0.226,8.5,,29.7
1,217,57,2007-12-05,938668.32,6922863.68,0,20,361.0,146.0,108.0,197.0,188.0,17.6,6.8,14.3,24.7,1.48,0.104,13.2,3.42,0.817,0.5,,24.4
1,217,57,2007-12-05,938668.32,6922863.68,25,50,438.0,117.0,75.0,180.0,190.0,18.6,7.4,2.82,4.9,0.56,0.013,13.7,4.28,0.605,0.5,,32.3
1,218,57,2008-07-04,954657.81,6922725.47,0,30,643.0,302.0,37.0,12.0,6.0,40.3,7.4,40.3,69.6,4.04,0.013,32.5,11.9,0.444,11.6,,51.2
1,218,57,2008-07-04,954657.81,6922725.47,30,50,639.0,300.0,45.0,8.0,8.0,34.5,7.9,13.4,23.2,1.62,0.0025,25.6,9.34,0.31,3.0,,52.9
1,220,50,2006-01-18,362900.94,6911709.71,0,25,19.0,6.0,4.0,160.0,811.0,3.92,8.5,6.27,10.9,0.5,0.038,3.75,0.42,0.078,142.0,0.03,1.27
1,220,50,2006-01-18,362900.94,6911709.71,35,50,10.0,3.0,2.0,167.0,818.0,1.69,9.0,0.82,1.4,0.11,0.017,2.27,0.17,0.063,157.0,0.031,1.0
1,221,50,2005-05-17,378890.58,6911579.07,0,20,147.0,158.0,346.0,208.0,141.0,6.16,6.25,14.6,25.3,1.4,0.066,5.08,0.359,0.234,0.5,,9.49
1,221,50,2005-05-17,378890.58,6911579.07,30,50,148.0,164.0,347.0,200.0,141.0,5.34,6.36,10.9,18.8,1.08,0.033,4.34,0.305,0.213,0.5,,10.0
1,222,50,2006-03-28,394880.24,6911448.21,0,30,167.0,116.0,120.0,500.0,97.0,6.34,5.4,18.3,31.7,1.81,0.035,4.7,0.84,0.252,0.5,,10.77
1,222,50,2006-03-28,394880.24,6911448.21,30,50,191.0,112.0,112.0,518.0,67.0,5.45,5.9,5.43,9.4,0.64,0.013,4.49,0.65,0.137,0.5,,10.0
1,223,14,2005-11-15,410869.93,6911317.13,0,30,302.0,298.0,251.0,113.0,36.0,20.8,6.5,34.1,58.9,3.48,0.061,19.5,1.42,0.227,1.8,,23.4
1,223,14,2005-11-15,410869.93,6911317.13,30,50,300.0,292.0,284.0,103.0,21.0,14.9,7.4,10.3,17.8,1.24,0.009,14.2,0.91,0.18,1.8,,13.0
1,224,14,2005-11-22,426859.66,6911185.85,0,28,303.0,221.0,228.0,135.0,113.0,10.5,5.4,19.0,32.9,1.97,0.084,8.9,0.72,0.353,1.0,,12.5
1,224,14,2005-11-22,426859.66,6911185.85,33,50,411.0,194.0,181.0,104.0,110.0,11.9,6.0,7.91,13.7,0.91,0.03,10.6,0.81,0.198,1.0,,13.0
1,225,14,2005-02-02,442849.37,6911054.32,0,30,213.0,263.0,282.0,127.0,115.0,24.0,7.9,44.4,76.8,4.76,0.169,24.0,1.16,0.88,380.0,,24.2
1,225,14,2005-02-02,442849.37,6911054.32,30,50,203.0,256.0,270.0,133.0,138.0,16.2,8.3,22.6,39.1,2.38,0.052,15.9,0.46,0.476,470.0,,15.0
1,226,14,2006-03-06,458838.97,6910922.5,0,30,236.0,145.0,262.0,350.0,7.0,15.5,7.3,25.8,44.7,2.59,0.05,13.4,1.08,0.881,2.7,,22.8
1,226,14,2006-03-06,458838.97,6910922.5,30,50,296.0,134.0,219.0,333.0,18.0,13.7,8.0,10.1,17.4,1.09,0.013,13.6,0.67,0.525,18.8,,17.0
1,227,14,2007-05-14,474828.5,6910790.47,0,30,211.0,154.0,306.0,302.0,27.0,14.9,5.8,31.7,54.9,3.36,0.026,13.5,1.22,0.468,0.5,,21.2
1,227,14,2007-05-14,474828.5,6910790.47,30,50,213.0,155.0,312.0,287.0,33.0,14.2,7.0,15.2,26.3,1.73,0.014,14.1,0.74,0.325,2.3,,15.7
1,228,14,2006-09-28,490818.14,6910658.38,0,30,119.0,229.0,483.0,148.0,21.0,5.57,5.4,14.5,25.1,1.54,0.028,4.99,0.43,0.101,0.5,,9.87
1,228,14,2006-09-28,490818.14,6910658.38,30,50,137.0,233.0,470.0,139.0,21.0,5.84,6.0,5.58,9.7,0.68,0.015,5.39,0.41,0.083,0.5,,10.2
1,229,14,2007-10-16,506807.85,6910526.2,0,30,282.0,165.0,314.0,162.0,77.0,13.1,5.0,23.2,40.1,2.45,0.031,9.91,2.1,0.609,1.4,,22.0
1,229,14,2007-10-16,506807.85,6910526.2,30,50,364.0,144.0,234.0,139.0,119.0,18.2,5.3,5.99,10.4,0.77,0.026,13.8,2.89,0.511,0.5,,27.8
1,230,27,2005-11-04,522797.61,6910393.79,0,30,280.0,300.0,347.0,60.0,13.0,14.2,6.5,17.3,30.0,1.86,0.087,13.4,0.93,0.23,1.0,,16.0
1,230,27,2005-11-04,522797.61,6910393.79,35,50,165.0,266.0,474.0,85.0,10.0,6.26,5.9,4.12,7.1,0.51,0.013,6.48,0.41,0.099,0.5,,8.0
1,231,27,2006-12-21,538787.42,6910261.14,0,25,186.0,245.0,450.0,101.0,18.0,11.6,7.4,13.1,22.7,1.39,0.094,11.9,0.64,0.218,1.2,,12.4
1,231,27,2006-12-21,538787.42,6910261.14,30,50,220.0,246.0,423.0,99.0,12.0,11.5,7.3,5.87,10.2,0.67,0.024,10.3,0.69,0.235,0.5,,14.5
1,232,76,2007-03-29,554777.22,6910128.3,0,30,185.0,224.0,497.0,87.0,7.0,8.33,4.7,22.0,38.0,1.14,0.005,4.27,0.61,0.109,0.5,,16.5
1,232,76,2007-03-29,554777.22,6910128.3,30,50,275.0,195.0,454.0,69.0,7.0,13.0,6.2,7.82,13.5,0.46,0.005,12.9,1.18,0.129,5.2,,16.9
1,232,76,2007-03-29,554777.22,6910128.3,-2,0,,,,,,42.8,5.21,291.0,503.0,12.1,0.13,36.1,5.77,2.41,0.5,,64.4
1,233,27,2007-02-27,570767.07,6909995.26,0,30,33.0,29.0,37.0,219.0,682.0,1.38,5.0,4.49,7.8,0.46,0.088,0.56,0.07,0.119,0.5,,3.37
1,233,27,2007-02-27,570767.07,6909995.26,30,50,29.0,27.0,44.0,271.0,629.0,1.31,5.3,2.2,3.8,0.28,0.073,0.56,0.03,0.084,0.5,,3.4
1,234,27,2007-01-03,586756.94,6909862.0,0,30,428.0,237.0,219.0,85.0,31.0,46.0,7.9,43.2,74.8,3.52,0.014,38.7,1.0,0.317,172.0,,43.2
1,235,27,2005-11-23,602746.82,6909728.55,0,25,220.0,229.0,377.0,110.0,64.0,16.9,7.8,19.0,32.9,1.89,0.204,17.4,0.4,0.681,35.7,,14.0
1,235,27,2005-11-23,602746.82,6909728.55,30,40,273.0,218.0,362.0,91.0,56.0,17.7,7.9,12.0,20.7,1.3,0.153,18.4,0.37,0.583,22.5,,14.0
1,236,60,2003-04-03,618736.7,6909594.89,0,26,178.0,180.0,276.0,333.0,33.0,11.0,7.4,13.84,23.8,1.29,0.112,10.33,0.32,0.4,1.0,,10.88
1,236,60,2003-04-03,618736.7,6909594.89,28,50,321.0,128.0,162.0,370.0,19.0,15.2,7.7,4.35,7.5,0.52,0.026,14.19,0.36,0.25,1.0,,21.0
1,237,60,2003-06-06,634726.57,6909460.96,0,30,175.0,278.0,352.0,115.0,80.0,6.43,5.06,18.052,,1.848,0.061,4.72,0.663,0.58,1.0,,11.99
1,237,60,2003-06-06,634726.57,6909460.96,30,50,171.0,264.0,367.0,108.0,90.0,5.99,5.68,8.865,,0.967,0.023,4.48,0.477,0.57,1.0,,12.0
1,238,60,2006-12-19,650716.45,6909326.78,0,30,154.0,133.0,205.0,226.0,282.0,20.9,8.1,45.5,78.7,2.55,0.011,21.3,1.55,0.134,290.0,,22.9
1,238,60,2006-12-19,650716.45,6909326.78,30,50,137.0,124.0,206.0,238.0,295.0,10.2,8.3,27.7,48.0,1.12,0.005,11.9,0.83,0.075,325.0,,11.7
1,239,60,2006-12-20,666706.33,6909192.42,0,30,146.0,59.0,130.0,550.0,115.0,29.8,7.9,65.3,113.0,5.41,0.016,25.8,6.25,0.111,224.0,,31.9
1,239,60,2006-12-20,666706.33,6909192.42,30,50,105.0,49.0,125.0,590.0,131.0,17.9,8.3,26.9,46.5,2.46,0.005,16.9,3.36,0.056,407.0,,14.2
1,240,60,2003-05-12,682696.2,6909057.82,0,31,198.0,213.0,397.0,183.0,9.0,13.4,7.6,10.3,17.7,1.12,0.077,12.31,0.75,0.58,1.0,,14.0
1,240,60,2003-05-12,682696.2,6909057.82,37,50,278.0,221.0,354.0,142.0,5.0,16.6,7.7,4.66,8.0,0.55,0.02,15.52,0.61,0.3,0.5,,21.0
1,241,60,2003-09-30,698686.05,6908922.94,0,32,225.0,254.0,419.0,91.0,11.0,14.5,8.1,8.67,15.0,1.03,0.099,14.2,0.6,0.444,10.8,,16.4
1,241,60,2003-09-30,698686.05,6908922.94,36,50,302.0,228.0,410.0,57.0,3.0,17.2,8.0,3.26,5.6,0.47,0.016,16.1,0.78,0.294,1.5,,27.0
1,242,02,2003-08-14,714675.83,6908787.78,0,24,222.0,242.0,453.0,65.0,18.0,14.0,7.65,10.4,18.0,1.15,0.0975,12.0,0.689,0.391,1.15,,13.0
1,242,02,2003-08-14,714675.83,6908787.78,33,50,279.0,258.0,406.0,47.0,10.0,15.3,7.64,4.66,8.07,0.619,0.0323,13.1,0.598,0.285,1.45,,16.0
1,243,02,2007-01-30,730665.55,6908652.39,0,30,326.0,186.0,174.0,207.0,107.0,31.5,8.0,38.8,67.1,3.66,0.013,28.7,4.0,0.441,141.0,,41.5
1,243,02,2007-01-30,730665.55,6908652.39,30,50,307.0,191.0,162.0,220.0,120.0,23.2,8.3,17.0,29.4,1.57,0.005,21.2,3.85,0.284,170.0,,32.2
1,244,02,2003-09-03,746655.22,6908516.78,0,26,225.0,244.0,379.0,61.0,91.0,14.1,6.91,9.97,17.2,1.04,0.111,10.7,1.78,0.566,0.5,,14.0
1,244,02,2003-09-03,746655.22,6908516.78,31,50,196.0,237.0,379.0,87.0,101.0,12.4,7.34,5.32,9.21,0.632,0.0368,9.3,1.48,0.271,0.5,,12.0
1,245,51,2007-10-04,762644.82,6908380.95,0,28,113.0,37.0,34.0,451.0,365.0,10.1,8.2,13.8,23.9,1.13,0.035,12.1,0.34,0.268,118.0,,8.78
1,245,51,2007-10-04,762644.82,6908380.95,32,50,87.0,33.0,18.0,478.0,384.0,4.39,8.5,3.33,5.8,0.26,0.005,7.44,0.13,0.091,121.0,,4.2
1,246,51,2007-11-08,778634.46,6908244.97,0,29,287.0,242.0,73.0,108.0,290.0,14.1,8.3,22.2,38.5,1.67,0.072,16.4,0.49,0.42,592.0,,12.3
1,246,51,2007-11-08,778634.46,6908244.97,32,50,261.0,217.0,65.0,92.0,365.0,12.1,8.4,23.1,40.0,0.9,0.064,14.3,0.36,0.222,529.0,,9.7
1,247,51,2008-03-26,794624.17,6908108.83,0,21,390.0,341.0,128.0,47.0,94.0,23.9,8.3,22.6,39.2,2.18,0.082,24.3,0.89,0.697,520.0,,24.7
1,247,51,2008-03-26,794624.17,6908108.83,24,50,337.0,301.0,107.0,43.0,212.0,19.4,8.3,15.2,26.3,1.61,0.03,21.0,0.48,0.225,606.0,,22.4
1,248,51,2008-08-06,810613.89,6907972.42,0,18,287.0,383.0,171.0,51.0,108.0,19.3,8.2,20.4,35.3,2.17,0.127,20.5,0.68,1.16,473.0,,23.2
1,248,51,2008-08-06,810613.89,6907972.42,25,50,291.0,374.0,153.0,46.0,136.0,17.6,8.3,12.8,22.2,1.41,0.04,19.9,0.39,0.497,530.0,,22.2
1,249,08,2008-05-20,826603.57,6907835.76,0,30,491.0,292.0,105.0,88.0,24.0,25.3,8.1,19.7,34.0,2.3,0.041,26.7,0.7,0.807,410.0,,31.5
1,249,08,2008-05-20,826603.57,6907835.76,30,50,520.0,281.0,97.0,79.0,23.0,26.0,8.2,14.1,24.5,1.59,0.016,27.2,0.63,0.726,380.0,,39.5
1,250,08,2007-03-26,842593.23,6907698.9,0,30,122.0,260.0,283.0,276.0,59.0,4.99,4.1,17.4,30.1,1.01,0.005,0.42,0.21,0.249,0.5,,10.4
1,250,08,2007-03-26,842593.23,6907698.9,30,50,136.0,303.0,278.0,240.0,43.0,4.76,4.2,4.61,8.0,0.39,0.005,0.12,0.1,0.143,0.5,,9.4
1,250,08,2007-03-26,842593.23,6907698.9,-1,0,,,,,,27.4,4.7,276.0,478.0,13.7,0.173,16.9,3.21,2.04,0.5,,53.5
1,251,55,2007-03-29,858582.83,6907561.89,0,30,454.0,410.0,44.0,22.0,70.0,27.5,8.1,38.7,67.0,3.3,0.005,31.4,0.76,0.634,556.0,,33.8
1,251,55,2007-03-29,858582.83,6907561.89,30,40,483.0,406.0,42.0,19.0,50.0,21.0,8.2,23.5,40.7,2.0,0.005,24.5,0.44,0.358,553.0,,19.7
1,252,55,2007-05-29,874572.39,6907424.71,0,25,410.0,276.0,120.0,61.0,133.0,45.9,7.9,56.6,97.9,4.21,0.014,45.1,1.32,0.897,343.0,,35.4
1,253,55,2008-05-27,890561.91,6907287.33,0,30,589.0,279.0,92.0,29.0,11.0,24.4,5.8,33.7,58.2,3.03,0.023,19.5,4.19,0.753,0.5,,45.7
1,253,55,2008-05-27,890561.91,6907287.33,30,50,722.0,223.0,42.0,8.0,5.0,28.8,6.7,6.13,10.6,0.79,0.005,22.5,5.34,0.724,0.5,,56.9
1,254,54,2007-11-27,906551.36,6907149.77,0,20,339.0,306.0,284.0,55.0,16.0,23.4,7.6,22.1,38.3,2.32,0.081,23.1,1.05,0.417,8.4,,30.2
1,254,54,2007-11-27,906551.36,6907149.77,25,50,349.0,312.0,283.0,45.0,11.0,20.5,8.0,7.86,13.6,0.94,0.02,20.3,0.76,0.334,5.0,,26.1
1,255,57,2007-12-04,922540.77,6907012.03,0,20,340.0,326.0,288.0,33.0,13.0,18.7,7.3,15.9,27.5,1.61,0.066,18.4,0.55,0.362,2.0,,20.9
1,255,57,2007-12-04,922540.77,6907012.03,25,50,460.0,288.0,209.0,28.0,15.0,25.7,7.9,8.7,15.1,1.07,0.024,25.7,0.7,0.297,15.3,,32.3
1,256,57,2006-09-21,938530.14,6906874.1,0,30,463.0,310.0,137.0,43.0,47.0,17.0,5.6,29.5,51.1,2.34,0.01,14.5,2.08,0.352,0.5,,35.8
1,256,57,2006-09-21,938530.14,6906874.1,30,50,613.0,251.0,49.0,38.0,49.0,27.0,7.2,14.5,25.0,1.27,0.006,27.9,2.57,0.376,25.2,,35.8
1,257,57,2006-09-20,954519.41,6906736.05,0,30,328.0,373.0,186.0,50.0,63.0,12.2,5.2,18.6,32.2,1.41,0.012,3.93,6.07,0.325,0.5,,20.2
1,257,57,2006-09-20,954519.41,6906736.05,30,50,523.0,285.0,126.0,36.0,30.0,27.8,6.0,9.78,16.9,0.84,0.004,9.56,17.6,0.543,0.5,,36.9
1,259,57,2008-09-10,986498.04,6906459.77,0,30,64.0,87.0,54.0,302.0,493.0,3.15,4.2,23.8,41.2,0.91,0.05,0.34,0.06,0.089,0.5,,10.4
1,259,57,2008-09-10,986498.04,6906459.77,30,50,60.0,86.0,50.0,280.0,524.0,1.58,4.5,9.48,16.4,0.42,0.012,0.09,0.03,0.064,0.5,,6.1
1,263,50,2005-11-15,362770.36,6895720.25,0,30,100.0,66.0,89.0,202.0,543.0,5.97,8.6,7.23,12.5,0.69,0.022,5.92,0.52,0.182,175.0,0.043,5.73
1,263,50,2005-11-15,362770.36,6895720.25,30,50,85.0,68.0,86.0,180.0,581.0,4.44,8.9,1.81,3.1,0.37,0.017,4.62,0.61,0.221,178.0,0.054,4.0
1,264,50,2005-10-21,378759.82,6895589.56,0,20,151.0,226.0,389.0,171.0,63.0,5.63,5.6,17.3,30.0,1.82,0.082,4.02,0.5,0.306,2.0,,10.33
1,264,50,2005-10-21,378759.82,6895589.56,30,50,139.0,232.0,392.0,177.0,60.0,5.32,5.6,14.0,24.2,1.47,0.057,3.89,0.44,0.312,1.6,,11.0
1,265,50,2005-06-07,394749.25,6895458.64,0,30,194.0,243.0,305.0,165.0,93.0,7.47,5.53,17.9,31.0,1.87,0.017,4.86,0.706,0.126,0.5,,13.8
1,265,50,2005-06-07,394749.25,6895458.64,30,50,186.0,240.0,307.0,150.0,117.0,5.94,5.88,8.25,14.3,0.981,0.014,4.17,0.447,0.0676,0.5,,12.0
1,266,50,2006-04-20,410738.74,6895327.54,0,30,198.0,307.0,296.0,90.0,109.0,9.8,6.1,23.4,40.5,2.49,0.246,8.46,1.1,0.657,0.5,,13.7
1,266,50,2006-04-20,410738.74,6895327.54,30,50,185.0,339.0,251.0,93.0,132.0,6.07,5.8,13.3,23.0,1.66,0.134,4.74,0.7,0.606,0.5,,12.0
1,267,14,2005-10-06,426728.25,6895196.25,0,18,174.0,336.0,236.0,132.0,122.0,7.11,5.7,18.6,32.2,2.0,0.062,5.52,0.56,0.518,0.5,,11.2
1,267,14,2005-10-06,426728.25,6895196.25,24,47,162.0,336.0,235.0,129.0,138.0,6.68,5.9,13.0,22.5,1.49,0.04,5.82,0.45,0.301,1.1,,10.0
1,268,14,2006-10-24,442717.75,6895064.71,0,22,201.0,234.0,425.0,104.0,36.0,15.2,7.9,14.9,25.9,1.54,0.187,15.7,0.56,0.228,8.4,,14.83
1,268,14,2006-10-24,442717.75,6895064.71,35,50,223.0,244.0,406.0,96.0,31.0,14.1,8.0,8.28,14.3,0.93,0.144,15.7,0.47,0.147,4.9,,15.0
1,269,14,2005-01-11,458707.19,6894932.92,0,20,270.0,203.0,333.0,132.0,62.0,20.4,7.85,25.7,44.4,2.63,0.119,19.7,0.502,0.518,24.2,,23.65
1,269,14,2005-01-11,458707.19,6894932.92,30,50,268.0,213.0,346.0,126.0,47.0,17.9,8.12,13.7,23.6,1.47,0.0622,18.7,0.426,0.228,19.5,,17.0
1,270,14,2007-08-23,474696.61,6894800.92,0,24,145.0,208.0,476.0,161.0,10.0,6.84,5.2,14.7,25.3,1.65,0.062,6.22,0.47,0.371,0.5,,10.28
1,270,14,2007-08-23,474696.61,6894800.92,30,50,154.0,211.0,465.0,162.0,8.0,6.52,5.7,7.62,13.2,0.92,0.023,5.84,0.5,0.273,0.5,,8.1
1,271,14,2006-10-17,490686.06,6894668.8,0,30,140.0,251.0,442.0,137.0,30.0,6.95,5.4,18.4,31.9,1.88,0.021,6.77,0.41,0.13,0.5,,12.3
1,271,14,2006-10-17,490686.06,6894668.8,30,50,164.0,262.0,441.0,120.0,13.0,7.29,6.0,5.14,8.9,0.58,0.005,7.12,0.22,0.116,0.5,,11.7
1,272,14,2007-04-20,506675.51,6894536.58,0,30,397.0,137.0,132.0,260.0,74.0,30.5,7.0,39.7,68.6,4.12,0.02,29.7,1.25,0.762,0.5,,33.37
1,272,14,2007-04-20,506675.51,6894536.58,30,50,407.0,125.0,117.0,255.0,96.0,26.0,7.3,10.6,18.3,1.28,0.005,24.4,1.05,0.708,0.5,,29.7
1,273,27,2005-11-18,522665.06,6894404.18,0,30,173.0,223.0,415.0,127.0,62.0,12.4,8.0,10.8,18.7,1.21,0.153,12.8,0.24,0.338,47.9,,9.6
1,273,27,2005-11-18,522665.06,6894404.18,35,50,179.0,244.0,438.0,103.0,36.0,10.3,8.0,4.4,7.6,0.58,0.166,11.6,0.14,0.228,27.8,,9.0
1,274,27,2005-11-29,538654.69,6894271.53,0,30,132.0,256.0,512.0,95.0,5.0,8.22,7.2,9.4,16.3,1.0,0.168,8.31,0.42,0.454,1.6,,7.47
1,274,27,2005-11-29,538654.69,6894271.53,35,50,204.0,270.0,451.0,71.0,4.0,9.4,6.9,3.94,6.8,0.52,0.044,9.19,0.3,0.274,0.5,,9.0
1,275,27,2006-11-30,554644.33,6894138.65,0,30,126.0,216.0,328.0,168.0,162.0,3.9,4.5,27.0,46.8,1.72,0.032,1.14,0.3,0.134,0.5,,12.8
1,276,27,2006-12-01,570633.96,6894005.56,0,30,194.0,167.0,317.0,138.0,184.0,12.2,5.8,24.1,41.7,1.74,0.005,10.4,1.09,0.187,0.5,,16.7
1,276,27,2006-12-01,570633.96,6894005.56,30,50,251.0,163.0,290.0,139.0,157.0,16.1,7.9,8.85,15.3,0.71,0.005,16.7,0.81,0.155,23.7,,18.7
1,277,27,2007-03-28,586623.59,6893872.26,0,30,63.0,86.0,115.0,179.0,557.0,3.35,6.0,7.62,13.2,0.81,0.08,2.94,0.19,0.173,0.5,,6.06
1,277,27,2007-03-28,586623.59,6893872.26,30,50,60.0,90.0,103.0,177.0,570.0,2.84,6.3,3.62,6.3,0.44,0.066,2.37,0.12,0.111,0.5,,5.3
1,278,95,2002-05-22,602613.23,6893738.8,0,20,262.0,205.0,251.0,154.0,128.0,17.15,8.2,16.44,,1.81,0.05,17.07,0.23,0.33,261.0,,20.3
1,278,95,2002-05-22,602613.23,6893738.8,25,40,263.0,221.0,230.0,148.0,138.0,15.62,8.3,13.55,,1.5,0.048,15.7,0.21,0.28,347.0,,21.0
1,279,95,2003-01-30,618602.89,6893605.15,0,30,217.0,222.0,470.0,70.0,21.0,13.61,7.29,16.947,,1.278,0.098,10.73,1.028,0.44,1.0,,18.8
1,279,95,2003-01-30,618602.89,6893605.15,35,50,273.0,181.0,468.0,75.0,3.0,15.37,7.7,3.77,,0.478,0.018,12.52,1.243,0.21,1.0,,33.0
1,280,95,2007-01-17,634592.54,6893471.22,0,30,42.0,82.0,85.0,373.0,418.0,2.22,4.0,16.5,28.6,0.82,0.005,0.42,0.14,0.063,0.5,,5.24
1,280,95,2007-01-17,634592.54,6893471.22,30,50,55.0,83.0,89.0,337.0,436.0,1.48,4.6,4.59,7.9,0.28,0.005,0.09,0.04,0.04,0.5,,5.7
1,280,95,2007-01-17,634592.54,6893471.22,-3,0,,,,,,20.2,4.1,220.0,380.0,10.4,0.152,10.5,3.56,0.914,0.5,,47.9
1,281,95,2002-07-16,650582.21,6893337.06,0,25,73.0,51.0,94.0,599.0,183.0,5.84,6.7,8.81,,0.84,0.059,4.45,0.49,0.28,1.0,,5.87
1,281,95,2002-07-16,650582.21,6893337.06,30,50,60.0,49.0,85.0,614.0,192.0,4.28,7.5,2.46,,0.29,0.041,3.43,0.31,0.13,1.0,,4.0
1,282,60,2007-01-16,666571.88,6893202.69,0,30,69.0,23.0,27.0,387.0,494.0,5.27,5.7,12.0,20.8,0.87,0.014,3.73,1.16,0.084,0.5,,6.98
1,282,60,2007-01-16,666571.88,6893202.69,30,50,82.0,27.0,33.0,402.0,456.0,5.25,7.9,2.96,5.1,0.26,0.005,4.34,1.54,0.063,2.3,,6.0
1,283,60,2007-01-16,682561.55,6893068.09,0,30,62.0,237.0,271.0,249.0,181.0,4.91,4.9,11.6,20.1,0.95,0.035,2.36,0.42,0.261,0.5,,9.43
1,283,60,2007-01-16,682561.55,6893068.09,30,50,127.0,184.0,264.0,252.0,173.0,5.39,5.2,3.01,5.2,0.36,0.005,3.42,0.48,0.129,0.5,,11.5
1,284,60,2003-10-16,698551.15,6892933.24,0,31,217.0,283.0,372.0,97.0,31.0,14.7,7.6,12.2,21.1,1.26,0.117,13.1,1.21,0.53,4.4,,15.6
1,284,60,2003-10-16,698551.15,6892933.24,35,50,268.0,275.0,350.0,82.0,25.0,16.1,7.7,6.5,11.2,0.74,0.047,14.2,1.37,0.459,1.9,,20.0
1,285,02,2003-08-18,714540.7,6892798.09,0,25,139.0,104.0,149.0,435.0,173.0,9.25,7.96,7.94,13.7,0.834,0.128,8.21,1.02,0.438,7.08,,9.93
1,285,02,2003-08-18,714540.7,6892798.09,34,50,137.0,96.0,127.0,461.0,179.0,8.85,8.18,5.43,9.4,0.578,0.119,7.98,0.957,0.414,17.5,,9.0
1,286,02,2003-08-08,730530.2,6892662.68,0,24,192.0,282.0,444.0,55.0,27.0,10.5,6.84,7.91,13.7,0.885,0.106,8.85,1.19,0.351,0.5,,15.1
1,286,02,2003-08-08,730530.2,6892662.68,35,50,239.0,264.0,435.0,44.0,18.0,12.5,6.93,5.29,9.16,0.647,0.0519,9.67,2.15,0.304,0.5,,14.0
1,287,51,2007-11-27,746519.64,6892527.05,0,25,546.0,209.0,153.0,42.0,50.0,30.9,7.9,31.1,53.8,3.24,0.06,30.8,1.49,0.624,216.0,,38.1
1,287,51,2007-11-27,746519.64,6892527.05,30,50,426.0,221.0,71.0,89.0,193.0,9.97,8.4,5.88,10.2,0.48,0.005,12.2,0.65,0.198,659.0,,19.3
1,288,51,2007-11-13,762509.02,6892391.26,0,30,423.0,221.0,211.0,81.0,64.0,24.7,8.0,20.4,35.3,1.78,0.162,23.2,2.81,1.27,63.1,,28.8
1,288,51,2007-11-13,762509.02,6892391.26,30,50,649.0,147.0,85.0,68.0,51.0,27.1,8.1,12.4,21.5,1.28,0.074,24.2,3.48,1.4,144.0,,41.6
1,290,51,2007-09-19,794487.94,6892119.14,0,30,296.0,277.0,75.0,56.0,296.0,12.5,8.1,18.4,31.9,1.92,0.037,14.0,0.29,0.421,850.0,,11.5
1,290,51,2007-09-19,794487.94,6892119.14,30,50,287.0,290.0,78.0,57.0,288.0,10.7,8.3,11.2,19.4,1.26,0.019,13.0,0.2,0.142,867.0,,7.6
1,291,51,2008-02-26,810477.46,6891982.72,0,22,291.0,298.0,103.0,63.0,245.0,13.7,8.2,17.2,29.7,2.02,0.147,15.7,0.52,0.8,720.0,,12.3
1,291,51,2008-02-26,810477.46,6891982.72,25,50,287.0,315.0,76.0,63.0,259.0,6.02,8.5,7.97,13.8,0.7,0.042,9.09,0.2,0.188,840.0,,5.8
1,292,51,2008-02-27,826466.95,6891846.09,0,27,295.0,302.0,156.0,77.0,170.0,14.6,8.2,15.5,26.8,1.59,0.091,16.7,0.64,0.479,652.0,,12.7
1,292,51,2008-02-27,826466.95,6891846.09,30,50,293.0,318.0,146.0,81.0,162.0,8.94,8.5,6.69,11.6,0.69,0.021,11.6,0.27,0.176,786.0,,7.9
1,293,51,2007-04-16,842456.37,6891709.27,0,30,93.0,194.0,243.0,349.0,121.0,5.05,4.1,18.9,32.8,1.03,0.005,1.0,0.18,0.246,0.5,,11.6
1,293,51,2007-04-16,842456.37,6891709.27,-2,0,,,,,,31.5,4.4,358.0,620.0,16.0,0.103,20.9,2.62,1.27,0.5,,64.1
1,294,55,2008-09-17,858445.75,6891572.27,0,25,406.0,301.0,223.0,38.0,32.0,17.8,6.6,12.8,22.2,1.43,0.074,16.5,1.43,0.603,0.5,,26.9
1,294,55,2008-09-17,858445.75,6891572.27,28,50,670.0,201.0,95.0,16.0,18.0,32.4,7.8,6.05,10.5,0.93,0.008,32.1,1.64,0.483,4.5,,55.7
1,295,55,2008-09-18,874435.12,6891435.12,0,17,309.0,266.0,221.0,85.0,119.0,20.3,8.2,20.6,35.7,2.09,0.11,21.8,0.52,0.987,236.0,,27.7
1,295,55,2008-09-18,874435.12,6891435.12,20,50,299.0,245.0,184.0,46.0,226.0,18.9,8.2,16.0,27.8,1.64,0.063,21.0,0.5,0.716,292.0,,24.7
1,296,55,2008-05-28,890424.47,6891297.77,0,30,700.0,223.0,57.0,14.0,6.0,59.6,7.9,46.7,80.8,5.08,0.022,60.8,1.57,0.623,73.7,,69.47
1,296,55,2008-05-28,890424.47,6891297.77,30,50,755.0,178.0,51.0,12.0,4.0,62.2,8.1,20.7,35.8,2.5,0.005,61.6,1.24,0.434,10.3,,85.3
1,297,54,2007-11-26,906413.7,6891160.26,0,20,539.0,222.0,153.0,77.0,9.0,34.2,7.2,35.1,60.8,3.36,0.053,31.7,1.88,0.919,2.0,,45.15
1,297,54,2007-11-26,906413.7,6891160.26,25,50,552.0,212.0,141.0,66.0,29.0,31.3,8.0,11.8,20.4,1.26,0.005,30.3,2.02,0.521,60.2,,44.6
1,298,57,2006-11-09,922402.86,6891022.6,0,15,525.0,270.0,133.0,54.0,18.0,54.1,7.3,79.7,138.0,5.66,0.018,52.7,1.24,0.364,10.5,,47.3
1,299,57,2008-03-26,938392.03,6890884.76,0,30,530.0,284.0,105.0,39.0,42.0,24.5,6.2,33.6,58.2,3.0,0.023,21.7,2.32,0.452,1.4,,46.4
1,299,57,2008-03-26,938392.03,6890884.76,30,50,632.0,220.0,79.0,31.0,38.0,30.9,8.0,9.25,16.0,0.99,0.005,29.9,2.25,0.422,48.4,,49.0
1,300,57,2008-02-26,954381.13,6890746.81,0,30,550.0,256.0,76.0,81.0,37.0,36.6,7.8,29.3,50.7,2.87,0.032,31.6,9.49,1.01,64.8,,38.1
1,300,57,2008-02-26,954381.13,6890746.81,30,50,430.0,301.0,114.0,85.0,70.0,30.1,8.3,2.84,4.9,0.5,0.005,23.7,7.76,0.623,165.0,,38.6
1,301,57,2008-07-01,970370.29,6890608.71,0,30,618.0,245.0,72.0,43.0,22.0,43.5,6.8,85.1,147.0,5.1,0.033,35.4,9.02,0.414,1.1,,60.0
1,301,57,2008-07-01,970370.29,6890608.71,30,50,754.0,180.0,51.0,11.0,4.0,46.1,7.4,18.4,31.9,1.99,0.006,36.3,10.2,0.448,0.5,,64.2
1,302,57,2008-03-18,986359.51,6890470.36,0,30,293.0,225.0,209.0,77.0,196.0,14.5,5.8,23.1,40.0,2.3,0.012,10.3,3.06,0.379,0.5,,22.4
1,302,57,2008-03-18,986359.51,6890470.36,30,50,404.0,176.0,140.0,67.0,213.0,17.2,6.2,4.57,7.9,0.62,0.005,12.0,3.94,0.325,0.5,,34.2
1,303,57,2008-03-27,1002348.69,6890331.72,0,30,510.0,276.0,141.0,37.0,36.0,41.2,7.7,39.5,68.4,3.9,0.04,39.9,3.29,0.371,8.4,,51.45
1,303,57,2008-03-27,1002348.69,6890331.72,30,50,495.0,297.0,118.0,36.0,54.0,29.7,8.2,11.7,20.2,1.29,0.005,29.0,3.11,0.346,89.4,,39.1
1,305,57,2006-10-03,1034327.07,6890053.91,10,40,40.0,38.0,16.0,185.0,721.0,1.02,4.5,9.02,15.6,0.41,0.005,0.05,0.02,0.042,0.5,,3.36
1,305,57,2006-10-03,1034327.07,6890053.91,40,60,42.0,33.0,12.0,196.0,717.0,0.5,4.7,4.07,7.0,0.21,0.005,0.04,0.01,0.027,0.5,,2.6
1,305,57,2006-10-03,1034327.07,6890053.91,0,10,108.0,34.0,11.0,180.0,667.0,2.88,4.0,26.8,46.4,1.23,0.015,0.36,0.11,0.089,0.5,,5.1
1,306,67,2006-10-11,1050316.22,6889914.77,0,30,177.0,361.0,302.0,126.0,34.0,3.79,4.5,14.7,25.4,0.75,0.005,0.1,0.06,0.114,0.5,,8.76
1,306,67,2006-10-11,1050316.22,6889914.77,30,50,218.0,251.0,211.0,272.0,48.0,4.92,4.5,3.85,6.7,0.35,0.001,0.12,0.08,0.181,0.5,,11.0
1,307,67,2006-10-10,1066305.34,6889775.41,0,35,188.0,123.0,117.0,144.0,428.0,15.3,6.0,32.6,56.5,2.74,0.005,13.6,1.46,0.098,0.5,,23.8
1,307,67,2006-10-10,1066305.34,6889775.41,35,55,133.0,120.0,113.0,177.0,457.0,5.86,7.5,3.68,6.4,0.3,0.005,5.39,0.76,0.055,0.5,,8.3
1,307,67,2006-10-10,1066305.34,6889775.41,5,35,171.0,118.0,104.0,187.0,420.0,12.0,6.3,18.7,32.3,1.68,0.005,10.5,1.17,0.076,0.5,,14.0
1,312,22,2006-03-22,250715.48,6880640.95,0,25,133.0,113.0,165.0,185.0,404.0,9.17,6.9,14.0,24.1,1.33,0.236,7.09,0.68,0.655,0.5,,10.2
1,312,22,2006-03-22,250715.48,6880640.95,30,50,121.0,104.0,142.0,152.0,481.0,8.21,7.2,8.55,14.8,0.85,0.172,6.77,0.73,0.452,0.5,,10.0
1,316,50,2005-12-08,378629.05,6879600.25,0,20,166.0,225.0,347.0,206.0,56.0,6.78,6.3,15.0,25.9,1.58,0.093,6.69,0.64,0.291,0.5,,11.08
1,316,50,2005-12-08,378629.05,6879600.25,30,50,157.0,227.0,356.0,209.0,51.0,5.97,6.2,12.9,22.3,1.39,0.057,5.48,0.6,0.284,0.5,,11.0
1,317,50,2006-03-17,394618.28,6879469.3,0,30,158.0,239.0,385.0,172.0,46.0,7.35,5.7,20.8,35.9,2.18,0.093,6.06,0.54,0.49,0.5,,12.9
1,317,50,2006-03-17,394618.28,6879469.3,30,50,149.0,240.0,394.0,177.0,40.0,5.05,6.0,12.2,21.1,1.18,0.031,4.77,0.32,0.269,0.5,,11.0
1,318,14,2006-02-09,410607.56,6879338.2,0,23,184.0,232.0,459.0,99.0,26.0,9.96,6.7,15.3,26.4,1.59,0.064,9.33,0.66,0.284,0.5,,13.0
1,318,14,2006-02-09,410607.56,6879338.2,28,50,198.0,227.0,455.0,98.0,22.0,9.47,6.8,10.1,17.4,1.1,0.038,8.22,0.64,0.225,0.5,,14.0
1,319,14,2005-06-15,426596.85,6879206.86,0,30,183.0,213.0,189.0,187.0,228.0,5.68,5.45,25.5,44.2,2.57,0.07,4.48,0.405,0.305,0.5,,20.2
1,319,14,2005-06-15,426596.85,6879206.86,30,50,160.0,200.0,180.0,168.0,292.0,4.18,5.57,15.3,26.4,1.67,0.051,2.74,0.189,0.225,0.5,,17.0
1,320,14,2006-09-21,442586.16,6879075.31,0,30,136.0,184.0,185.0,250.0,245.0,5.65,4.0,42.9,74.3,1.6,0.005,0.63,0.27,0.113,0.5,,16.8
1,320,14,2006-09-21,442586.16,6879075.31,30,50,125.0,185.0,182.0,248.0,260.0,2.8,4.4,21.4,37.0,0.86,0.004,0.23,0.11,0.097,0.5,,11.2
1,320,14,2006-09-21,442586.16,6879075.31,-3,0,,,,,,20.5,4.0,401.0,694.0,17.8,0.132,9.93,3.04,1.14,0.5,,76.2
1,321,14,2005-04-13,458575.45,6878943.54,0,20,284.0,170.0,213.0,283.0,50.0,10.2,5.92,24.3,42.1,2.54,0.06,7.96,0.693,0.686,1.25,,20.2
1,321,14,2005-04-13,458575.45,6878943.54,30,50,327.0,136.0,169.0,307.0,61.0,9.24,6.1,10.3,17.8,1.15,0.017,6.82,0.746,0.445,0.5,,18.0
1,322,14,2007-09-24,474564.7,6878811.56,0,30,247.0,158.0,175.0,196.0,224.0,27.0,7.7,44.6,77.1,4.58,0.291,26.7,1.22,1.25,408.0,,22.6
1,322,14,2007-09-24,474564.7,6878811.56,30,50,224.0,144.0,161.0,180.0,291.0,21.1,8.0,27.9,48.3,2.77,0.167,21.0,0.8,1.13,429.0,,16.2
1,323,14,2006-10-31,490553.93,6878679.42,0,30,177.0,164.0,311.0,285.0,63.0,9.15,5.0,26.3,45.5,2.75,0.027,7.97,0.6,0.232,0.5,,18.6
1,323,14,2006-10-31,490553.93,6878679.42,30,50,192.0,156.0,307.0,290.0,55.0,9.24,5.4,12.8,22.1,1.4,0.011,8.43,0.78,0.207,0.5,,14.8
1,324,14,2006-11-09,506543.19,6878547.2,0,30,182.0,274.0,404.0,93.0,47.0,5.32,5.0,26.3,45.5,2.36,0.041,2.99,0.7,0.669,1.1,,15.7
1,324,14,2006-11-09,506543.19,6878547.2,30,50,183.0,283.0,395.0,92.0,47.0,4.38,4.8,14.6,25.3,1.37,0.02,2.11,0.38,0.446,0.5,,11.5
1,325,27,2005-12-08,522532.55,6878414.76,0,25,168.0,267.0,333.0,179.0,53.0,9.87,7.0,21.1,36.6,2.02,0.094,9.01,0.31,0.758,1.1,,13.4
1,325,27,2005-12-08,522532.55,6878414.76,30,50,282.0,216.0,270.0,151.0,81.0,9.32,6.5,8.14,14.1,0.84,0.022,8.64,0.56,0.497,0.5,,15.0
1,326,27,2006-11-29,538521.98,6878282.07,0,23,95.0,186.0,249.0,245.0,225.0,3.8,3.8,47.4,82.0,1.27,0.012,0.47,0.27,0.121,0.5,,11.3
1,326,27,2006-11-29,538521.98,6878282.07,-15,0,,,,,,43.4,3.8,409.0,708.0,15.1,0.121,10.2,4.8,1.01,0.5,,76.2
1,327,27,2005-11-25,554511.41,6878149.19,0,30,190.0,268.0,462.0,65.0,15.0,10.9,6.4,11.0,19.0,1.14,0.073,10.1,0.59,0.309,0.5,,11.8
1,327,27,2005-11-25,554511.41,6878149.19,35,50,283.0,266.0,398.0,49.0,4.0,14.6,6.8,4.41,7.6,0.58,0.017,14.4,0.74,0.245,1.0,,14.0
1,328,27,2007-02-22,570500.84,6878016.08,0,20,240.0,256.0,418.0,66.0,20.0,12.0,6.2,10.2,17.7,1.1,0.041,10.7,0.62,0.306,0.5,,17.8
1,328,27,2007-02-22,570500.84,6878016.08,35,50,315.0,243.0,379.0,52.0,11.0,16.2,6.9,4.2,7.3,0.54,0.005,14.9,0.69,0.259,0.5,,27.5
1,329,27,2006-11-28,586490.22,6877882.78,0,30,243.0,210.0,265.0,107.0,175.0,16.8,6.0,30.3,52.4,2.24,0.011,14.9,1.1,0.182,0.5,,22.9
1,330,78,2002-05-23,602479.61,6877749.31,0,30,79.0,78.0,117.0,171.0,555.0,6.07,5.5,21.84,,1.59,0.02,4.39,0.53,0.11,0.5,,9.43
1,330,78,2002-05-23,602479.61,6877749.31,30,50,77.0,65.0,84.0,130.0,644.0,4.72,5.9,7.11,,0.56,0.017,3.32,0.33,0.06,1.0,,5.0
1,331,78,2002-04-30,618469.03,6877615.63,0,30,253.0,183.0,172.0,284.0,108.0,17.26,8.2,25.45,,1.82,0.036,16.5,0.55,0.49,336.0,,23.2
1,331,78,2002-04-30,618469.03,6877615.63,35,50,291.0,216.0,168.0,220.0,105.0,18.02,8.5,6.93,,0.83,0.013,17.21,0.49,0.3,382.0,,22.0
1,332,78,2003-01-29,634458.48,6877481.71,0,40,162.0,66.0,50.0,198.0,524.0,12.07,7.75,12.154,,0.928,0.293,10.73,0.629,0.46,61.0,,14.68
1,332,78,2003-01-29,634458.48,6877481.71,40,50,116.0,33.0,39.0,172.0,640.0,9.63,8.2,4.036,,0.38,0.123,8.92,0.485,0.21,40.0,,13.0
1,333,95,2002-07-16,650447.95,6877347.54,0,30,163.0,210.0,497.0,114.0,16.0,6.0,4.5,9.85,,0.79,0.011,1.87,0.39,0.16,1.0,,10.6
1,333,95,2002-07-16,650447.95,6877347.54,30,50,192.0,204.0,484.0,108.0,12.0,6.49,4.7,4.2,,0.42,0.005,2.78,0.45,0.13,1.0,,12.0
1,334,93,2002-09-25,666437.43,6877213.16,0,35,239.0,215.0,448.0,77.0,21.0,17.33,7.8,12.54,,1.26,0.126,16.54,0.63,0.29,1.0,,23.6
1,334,93,2002-09-25,666437.43,6877213.16,40,50,263.0,228.0,424.0,69.0,16.0,17.15,7.9,6.79,,0.77,0.054,16.32,0.66,0.17,0.5,,30.0
1,335,77,2002-09-27,682426.89,6877078.56,10,30,215.0,268.0,468.0,44.0,5.0,12.3,6.27,7.294,,0.796,0.1,9.81,0.798,0.47,1.0,,18.9
1,335,77,2002-09-27,682426.89,6877078.56,40,50,251.0,249.0,460.0,34.0,6.0,15.39,6.83,5.24,,0.6,0.07,12.15,0.729,0.33,1.0,,16.0
1,336,77,2002-09-30,698416.29,6876943.72,10,25,280.0,264.0,291.0,123.0,42.0,19.54,8.2,14.041,,1.588,0.098,18.63,1.025,0.43,292.0,,19.0
1,336,77,2002-09-30,698416.29,6876943.72,35,50,267.0,272.0,308.0,124.0,29.0,17.87,8.38,10.387,,1.062,0.029,17.23,0.787,0.26,276.0,,15.0
1,337,77,2002-09-19,714405.61,6876808.62,10,25,350.0,312.0,270.0,48.0,20.0,25.05,8.21,18.675,,2.094,0.066,24.53,1.137,0.51,228.0,,27.2
1,337,77,2002-09-19,714405.61,6876808.62,40,50,360.0,333.0,264.0,34.0,9.0,24.46,8.37,12.047,,1.449,0.019,24.68,1.297,0.25,236.0,,27.0
1,338,02,2007-01-29,730394.88,6876673.21,0,30,151.0,186.0,240.0,221.0,202.0,7.16,5.0,18.8,32.6,1.45,0.012,4.98,0.74,0.22,0.5,,15.4
1,338,02,2007-01-29,730394.88,6876673.21,30,50,241.0,177.0,196.0,206.0,180.0,11.0,5.7,5.45,9.4,0.52,0.005,9.13,1.12,0.163,0.5,,22.2
1,339,51,2007-11-14,746384.1,6876537.63,0,30,553.0,199.0,97.0,83.0,68.0,30.8,8.3,17.7,30.6,1.6,0.157,25.0,6.01,1.87,430.0,,43.8
1,339,51,2007-11-14,746384.1,6876537.63,30,50,556.0,207.0,93.0,85.0,59.0,28.2,8.4,11.5,20.0,1.06,0.03,24.2,5.72,0.927,459.0,,38.8
1,340,51,2007-03-01,762373.3,6876401.87,0,30,138.0,268.0,551.0,27.0,16.0,3.72,5.0,13.9,24.0,1.0,0.012,1.02,0.39,0.235,0.5,,7.81
1,340,51,2007-03-01,762373.3,6876401.87,30,50,212.0,349.0,392.0,23.0,24.0,5.71,5.0,2.65,4.6,0.31,0.005,1.89,1.04,0.172,1.4,,13.0
1,341,51,2008-09-17,778362.54,6876265.89,0,20,310.0,314.0,121.0,59.0,196.0,16.4,8.1,25.0,43.2,2.44,0.153,18.7,0.55,1.46,636.0,,18.6
1,341,51,2008-09-17,778362.54,6876265.89,23,50,260.0,278.0,83.0,47.0,332.0,10.2,8.4,12.1,21.0,1.39,0.034,13.9,0.21,0.59,756.0,,12.3
1,342,51,2008-08-11,794351.82,6876129.64,0,16,288.0,269.0,110.0,64.0,269.0,12.8,8.2,21.9,37.9,2.04,0.033,16.2,0.55,0.302,683.0,,16.55
1,342,51,2008-08-11,794351.82,6876129.64,21,50,290.0,270.0,100.0,64.0,276.0,8.5,8.4,9.85,17.0,1.22,0.025,12.7,0.3,0.164,770.0,,11.5
1,343,51,2007-11-07,810341.12,6875993.21,0,25,280.0,264.0,128.0,50.0,278.0,16.3,8.1,11.7,20.2,1.87,0.094,18.6,0.46,0.785,656.0,,12.0
1,343,51,2007-11-07,810341.12,6875993.21,27,50,242.0,223.0,91.0,31.0,413.0,11.7,8.3,15.4,26.6,1.11,0.044,14.0,0.31,0.271,682.0,,9.9
1,344,51,2007-11-22,826330.4,6875856.62,0,27,309.0,305.0,160.0,79.0,147.0,17.0,8.1,20.2,34.9,1.84,0.101,19.2,0.48,0.571,539.0,,14.8
1,344,51,2007-11-22,826330.4,6875856.62,28,50,279.0,355.0,122.0,66.0,178.0,5.11,8.7,4.2,7.3,0.33,0.017,8.02,0.14,0.107,778.0,,5.4
1,345,51,2007-06-19,842319.58,6875719.87,0,30,189.0,199.0,238.0,357.0,17.0,5.14,4.5,25.5,44.0,1.4,0.005,2.06,0.34,0.155,0.5,,11.42
1,345,51,2007-06-19,842319.58,6875719.87,30,50,472.0,183.0,141.0,203.0,1.0,13.8,4.9,6.08,10.5,0.52,0.005,7.46,1.14,0.453,0.5,,20.9
1,346,55,2008-03-20,858308.73,6875582.92,0,30,243.0,336.0,338.0,70.0,13.0,16.0,6.8,19.1,33.0,1.95,0.026,15.5,0.24,0.169,0.5,,20.7
1,346,55,2008-03-20,858308.73,6875582.92,30,50,275.0,341.0,295.0,68.0,21.0,15.4,8.0,6.14,10.6,0.79,0.014,15.7,0.2,0.176,2.4,,22.4
1,347,55,2007-05-31,874297.87,6875445.82,0,25,418.0,300.0,257.0,18.0,7.0,40.6,7.7,56.4,97.5,4.06,0.016,39.6,0.86,0.438,26.8,,39.5
1,348,55,2008-04-25,890287.02,6875308.49,0,30,448.0,235.0,121.0,152.0,44.0,31.4,8.0,34.3,59.3,3.33,0.013,31.4,1.3,0.567,220.0,,40.1
1,349,54,2008-09-23,906276.09,6875170.99,0,23,424.0,251.0,182.0,69.0,74.0,28.6,8.2,18.4,31.8,2.02,0.03,30.5,0.7,0.498,129.0,,27.35
1,349,54,2008-09-23,906276.09,6875170.99,28,50,331.0,267.0,169.0,90.0,143.0,25.5,8.3,6.62,11.4,0.77,0.0025,27.3,0.56,0.282,241.0,,28.7
1,350,54,2007-06-05,922265.05,6875033.39,0,30,337.0,213.0,166.0,147.0,137.0,27.4,7.9,36.4,62.9,2.97,0.077,27.5,0.88,0.84,166.0,,27.2
1,351,57,2007-06-04,938254.0,6874895.62,0,30,354.0,471.0,122.0,28.0,25.0,8.06,4.5,18.2,31.5,1.34,0.005,1.52,0.94,0.253,0.5,,18.6
1,351,57,2007-06-04,938254.0,6874895.62,30,50,490.0,395.0,86.0,15.0,14.0,12.6,4.6,7.41,12.8,0.69,0.005,3.13,2.45,0.306,0.5,,20.6
1,352,57,2008-04-02,954242.94,6874757.67,0,30,372.0,290.0,242.0,74.0,22.0,26.7,6.7,31.0,53.6,3.11,0.05,23.8,1.89,0.244,0.5,,40.0
1,352,57,2008-04-02,954242.94,6874757.67,30,50,314.0,331.0,259.0,73.0,23.0,21.8,7.9,10.2,17.7,1.17,0.036,20.7,1.36,0.231,4.9,,34.8
1,353,57,2008-10-10,970231.97,6874619.51,0,15,406.0,302.0,185.0,54.0,53.0,22.7,6.5,14.6,25.2,1.53,0.035,14.6,6.98,0.728,0.5,,25.0
1,353,57,2008-10-10,970231.97,6874619.51,20,50,540.0,270.0,115.0,37.0,38.0,34.6,7.1,6.46,11.2,0.82,0.013,22.6,11.3,0.656,0.5,,33.1
1,354,57,2008-10-09,986221.03,6874481.1,0,20,406.0,247.0,132.0,166.0,49.0,23.4,6.9,17.8,30.8,1.89,0.037,14.4,8.73,0.589,1.3,,26.7
1,354,57,2008-10-09,986221.03,6874481.1,25,50,434.0,286.0,105.0,107.0,68.0,31.7,7.8,6.92,12.0,0.59,0.007,20.1,12.9,0.504,43.8,,29.4
1,355,67,2006-10-02,1002210.0,6874342.53,0,30,324.0,373.0,246.0,50.0,7.0,14.8,6.3,17.7,30.6,1.41,0.006,13.4,0.8,0.282,0.5,,21.8
1,355,67,2006-10-02,1002210.0,6874342.53,30,50,426.0,318.0,205.0,42.0,9.0,17.2,6.8,7.88,13.6,0.84,0.003,15.6,0.98,0.369,0.5,,25.9
1,356,67,2006-10-05,1018198.97,6874203.76,0,33,87.0,79.0,51.0,208.0,575.0,2.14,4.4,13.4,23.2,0.81,0.061,0.43,0.1,0.081,0.5,,6.06
1,356,67,2006-10-05,1018198.97,6874203.76,33,53,95.0,69.0,52.0,212.0,572.0,1.07,4.6,4.26,7.4,0.32,0.063,0.04,0.02,0.047,0.5,,4.4
1,356,67,2006-10-05,1018198.97,6874203.76,3,33,83.0,84.0,48.0,189.0,596.0,1.69,4.5,7.7,13.3,0.47,0.068,0.07,0.03,0.052,0.5,,5.4
1,357,67,2006-06-06,1034187.96,6874064.82,0,30,214.0,216.0,127.0,111.0,332.0,9.34,5.7,16.4,28.3,1.65,0.035,7.38,1.24,0.178,0.5,,19.3
1,357,67,2006-06-06,1034187.96,6874064.82,30,50,262.0,274.0,149.0,85.0,230.0,9.09,5.7,4.13,7.2,0.48,0.03,6.87,1.31,0.156,0.5,,20.0
1,358,67,2006-10-09,1050176.91,6873925.69,0,30,215.0,180.0,98.0,168.0,339.0,7.1,4.6,12.0,20.7,0.7,0.005,1.07,1.57,0.172,0.5,,15.8
1,358,67,2006-10-09,1050176.91,6873925.69,30,50,366.0,151.0,66.0,135.0,282.0,18.1,5.1,4.34,7.5,0.45,0.005,5.82,8.32,0.429,0.5,,26.4
1,358,67,2006-10-09,1050176.91,6873925.69,-8,0,,,,,,16.9,4.2,199.0,344.0,9.99,0.066,4.98,2.02,0.861,0.5,,47.1
1,359,67,2006-11-08,1066165.85,6873786.35,0,30,76.0,118.0,71.0,148.0,587.0,3.41,4.3,30.1,52.1,1.26,0.037,0.31,0.09,0.091,0.5,,9.42
1,359,67,2006-11-08,1066165.85,6873786.35,30,50,59.0,103.0,68.0,145.0,625.0,1.07,4.6,9.02,15.6,0.44,0.017,0.07,0.02,0.038,0.5,,5.8
1,359,67,2006-11-08,1066165.85,6873786.35,-6,0,,,,,,18.1,3.8,197.0,342.0,8.29,0.089,7.31,1.07,0.911,0.5,,38.9
1,362,29,2007-03-02,154652.16,6865423.37,0,24,59.0,34.0,106.0,156.0,645.0,4.81,8.2,5.97,10.3,0.72,0.123,6.1,0.27,0.17,168.0,0.053,3.66
1,362,29,2007-03-02,154652.16,6865423.37,25,50,58.0,36.0,134.0,182.0,590.0,3.8,8.5,5.15,8.9,0.49,0.081,5.27,0.27,0.247,163.0,0.055,3.5
1,363,29,2006-04-07,170641.18,6865295.43,0,28,127.0,129.0,485.0,167.0,92.0,8.69,7.7,10.1,17.4,1.11,0.114,8.21,0.39,0.402,3.1,,7.86
1,363,29,2006-04-07,170641.18,6865295.43,32,50,120.0,143.0,484.0,182.0,71.0,7.78,7.9,7.28,12.6,0.83,0.067,7.34,0.36,0.277,2.1,,8.0
1,364,29,2006-03-16,186630.21,6865167.17,0,28,102.0,122.0,394.0,234.0,148.0,7.76,6.9,11.5,19.9,1.1,0.244,6.61,0.37,0.619,0.5,,7.36
1,364,29,2006-03-16,186630.21,6865167.17,32,50,111.0,126.0,397.0,237.0,129.0,7.14,6.7,8.94,15.5,0.9,0.228,5.9,0.4,0.429,0.5,,9.0
1,365,29,2005-07-12,202619.24,6865038.65,0,25,162.0,206.0,253.0,193.0,186.0,12.5,6.1,25.6,44.2,2.66,0.13,10.6,1.29,0.93,1.2,,17.6
1,365,29,2005-07-12,202619.24,6865038.65,30,50,171.0,205.0,250.0,170.0,204.0,13.1,6.7,18.6,32.1,2.06,0.107,11.4,0.76,0.658,0.5,,17.0
1,366,22,2006-05-04,218608.3,6864909.9,0,30,130.0,179.0,476.0,157.0,58.0,7.45,5.6,42.8,74.1,3.28,0.085,6.49,0.6,0.148,0.5,,17.23
1,366,22,2006-05-04,218608.3,6864909.9,30,50,135.0,166.0,466.0,189.0,44.0,4.05,5.4,7.17,12.4,0.57,0.008,2.21,0.58,0.194,0.5,,9.0
1,367,22,2006-10-12,234597.32,6864781.02,0,30,120.0,185.0,451.0,202.0,42.0,4.98,5.3,21.9,37.8,1.63,0.014,2.64,1.14,0.285,0.5,,11.7
1,367,22,2006-10-12,234597.32,6864781.02,30,50,134.0,177.0,446.0,210.0,33.0,4.17,5.9,4.74,8.2,0.44,0.003,2.31,1.43,0.089,0.5,,8.3
1,368,22,2006-04-04,250586.28,6864651.93,0,30,143.0,152.0,467.0,207.0,31.0,5.53,5.4,18.1,31.3,1.88,0.03,3.71,0.42,0.082,0.5,,12.08
1,368,22,2006-04-04,250586.28,6864651.93,30,50,168.0,145.0,442.0,235.0,10.0,5.75,5.8,4.77,8.3,0.57,0.013,4.05,0.56,0.115,0.5,,13.0
1,368,22,2006-04-04,250586.28,6864651.93,-2,0,,,,,,6.67,5.6,33.6,58.1,2.61,0.069,4.85,1.06,0.525,0.5,,15.6
1,374,50,2007-03-28,378498.3,6863611.18,0,30,154.0,196.0,479.0,163.0,8.0,6.12,5.6,18.7,32.4,1.97,0.039,4.92,0.38,0.106,0.5,,11.41
1,374,50,2007-03-28,378498.3,6863611.18,30,50,152.0,202.0,481.0,159.0,6.0,4.89,5.8,9.6,16.6,1.09,0.019,3.91,0.19,0.059,0.5,,10.9
1,375,50,2007-04-13,394487.36,6863480.27,0,30,136.0,173.0,125.0,78.0,488.0,5.48,5.4,28.9,50.0,2.99,0.097,4.56,0.37,0.171,0.5,,22.4
1,375,50,2007-04-13,394487.36,6863480.27,30,50,123.0,180.0,114.0,84.0,499.0,4.44,5.7,14.9,25.9,1.42,0.028,3.69,0.26,0.145,0.5,,16.3
1,376,14,2005-10-11,410476.4,6863349.11,0,19,135.0,200.0,288.0,103.0,274.0,6.02,6.0,19.2,33.2,2.06,0.069,5.85,0.43,0.172,0.5,,12.5
1,376,14,2005-10-11,410476.4,6863349.11,23,50,128.0,210.0,304.0,100.0,258.0,5.06,6.1,13.2,22.9,1.47,0.035,4.58,0.33,0.081,1.1,,12.0
1,377,14,2005-12-13,426465.47,6863217.7,0,30,174.0,358.0,168.0,151.0,149.0,6.22,5.2,31.0,53.6,3.26,0.045,5.42,0.5,0.195,0.5,,20.7
1,377,14,2005-12-13,426465.47,6863217.7,30,50,131.0,337.0,159.0,204.0,169.0,4.21,5.4,11.4,19.7,1.29,0.014,3.52,0.25,0.187,0.5,,13.0
1,378,61,2005-11-09,442454.6,6863086.12,0,30,160.0,211.0,210.0,79.0,340.0,5.76,5.1,29.7,51.4,3.02,0.164,3.24,0.79,0.79,1.7,,17.0
1,378,61,2005-11-09,442454.6,6863086.12,30,50,144.0,202.0,208.0,78.0,368.0,3.93,5.1,15.0,26.0,1.56,0.05,2.24,0.42,0.608,2.9,,13.0
1,379,61,2005-04-07,458443.71,6862954.34,0,24,158.0,302.0,442.0,70.0,28.0,5.26,5.74,16.1,27.9,1.44,0.039,4.2,0.348,0.279,0.5,,10.9
1,379,61,2005-04-07,458443.71,6862954.34,27,50,163.0,294.0,438.0,62.0,43.0,4.4,5.57,4.75,8.23,0.493,0.011,2.77,0.284,0.0953,0.5,,10.0
1,380,61,2006-09-22,474432.75,6862822.36,0,30,162.0,293.0,395.0,119.0,31.0,4.81,4.5,15.4,26.7,0.95,0.005,0.36,0.25,0.133,0.5,,10.46
1,380,61,2006-09-22,474432.75,6862822.36,30,60,197.0,278.0,390.0,111.0,24.0,5.23,4.6,4.03,7.0,0.35,0.001,0.23,0.59,0.12,0.5,,11.8
1,381,61,2006-10-05,490421.79,6862690.25,0,27,305.0,145.0,86.0,367.0,97.0,25.1,8.1,23.9,41.3,2.5,0.054,26.5,0.96,1.03,336.0,,31.7
1,381,61,2006-10-05,490421.79,6862690.25,31,50,246.0,159.0,86.0,346.0,163.0,19.0,8.4,8.08,14.0,0.86,0.014,20.7,0.58,0.465,501.0,,24.0
1,382,61,2007-09-20,506410.88,6862558.01,0,30,157.0,278.0,377.0,103.0,85.0,5.79,5.2,23.1,40.0,2.04,0.022,4.74,0.41,0.11,0.5,,12.0
1,382,61,2007-09-20,506410.88,6862558.01,30,50,188.0,299.0,359.0,80.0,74.0,5.72,5.6,6.45,11.2,0.71,0.005,5.35,0.22,0.076,0.5,,8.6
1,383,61,2006-04-04,522400.05,6862425.52,0,33,128.0,252.0,514.0,77.0,29.0,6.63,6.2,9.62,16.6,0.98,0.031,5.2,0.42,0.214,0.5,,8.38
1,383,61,2006-04-04,522400.05,6862425.52,35,50,182.0,278.0,445.0,72.0,23.0,8.04,6.8,2.78,4.8,0.38,0.012,6.73,0.51,0.154,0.5,,12.0
1,384,27,2006-11-30,538389.27,6862292.8,0,25,152.0,296.0,444.0,79.0,29.0,8.35,6.9,8.93,15.4,0.9,0.071,7.57,0.31,0.362,0.5,,9.29
1,384,27,2006-11-30,538389.27,6862292.8,35,50,228.0,280.0,396.0,69.0,27.0,10.6,7.0,4.13,7.1,0.5,0.026,9.77,0.52,0.229,0.5,,15.2
1,385,27,2006-10-26,554378.49,6862159.91,0,20,185.0,249.0,384.0,99.0,83.0,11.0,7.5,12.4,21.4,1.23,0.107,10.1,1.01,0.359,1.8,,12.5
1,385,27,2006-10-26,554378.49,6862159.91,35,50,230.0,273.0,359.0,82.0,56.0,11.0,7.3,6.54,11.3,0.74,0.033,9.84,0.98,0.277,0.5,,15.7
1,386,27,2006-10-04,570367.7,6862026.79,0,25,223.0,261.0,434.0,58.0,24.0,12.3,6.8,11.3,19.5,1.14,0.08,11.4,0.66,0.346,0.5,,13.7
1,386,27,2006-10-04,570367.7,6862026.79,30,50,252.0,260.0,413.0,55.0,20.0,13.3,7.1,8.23,14.2,0.91,0.063,12.9,0.6,0.242,1.8,,17.9
1,387,28,2007-01-04,586356.88,6861893.49,0,30,156.0,306.0,378.0,92.0,69.0,6.12,4.45,32.7,56.6,1.64,0.012,1.34,0.3,0.123,0.5,,16.2
1,388,78,2007-02-07,602346.03,6861760.04,0,30,147.0,183.0,220.0,389.0,61.0,4.62,4.4,23.5,40.6,1.3,0.012,0.64,0.33,0.216,0.5,,12.5
1,388,78,2007-02-07,602346.03,6861760.04,30,50,170.0,171.0,208.0,398.0,53.0,4.88,4.4,9.02,15.6,0.57,0.005,0.28,0.24,0.137,0.5,,13.3
1,389,78,2002-04-04,618335.2,6861626.32,0,30,253.0,214.0,455.0,67.0,11.0,18.04,7.6,13.28,,1.43,0.056,15.89,1.07,0.38,2.0,,22.7
1,389,78,2002-04-04,618335.2,6861626.32,40,50,265.0,224.0,431.0,69.0,11.0,17.39,7.8,5.71,,0.73,0.009,14.83,1.13,0.18,0.5,,27.0
1,390,78,2002-07-17,634324.43,6861492.39,0,30,172.0,253.0,455.0,107.0,13.0,7.83,5.7,9.26,,0.9,0.134,4.78,1.07,0.58,0.5,,17.4
1,390,78,2002-07-17,634324.43,6861492.39,30,50,247.0,248.0,419.0,80.0,6.0,10.49,6.0,4.75,,0.63,0.065,7.92,1.11,0.52,0.5,,27.0
1,391,75,2002-12-17,650313.69,6861358.21,0,30,153.0,133.0,91.0,202.0,421.0,16.08,8.2,26.454,,1.892,0.059,15.42,0.781,0.13,222.0,,18.6
1,391,75,2002-12-17,650313.69,6861358.21,30,50,123.0,135.0,67.0,262.0,413.0,11.28,8.45,12.634,,0.801,0.078,10.93,0.539,0.1,251.0,,12.0
1,392,93,2003-02-20,666302.97,6861223.82,0,30,197.0,146.0,148.0,174.0,335.0,17.38,8.34,20.751,,1.586,0.095,15.85,0.591,0.52,186.0,,20.5
1,392,93,2003-02-20,666302.97,6861223.82,40,50,175.0,117.0,134.0,180.0,394.0,14.01,8.54,7.436,,0.823,0.044,13.14,0.4,0.16,183.0,,20.0
1,393,77,2002-10-04,682292.22,6861089.22,10,25,151.0,262.0,512.0,64.0,11.0,10.12,7.45,10.119,,0.978,0.147,8.49,0.551,0.44,2.0,,9.1
1,393,77,2002-10-04,682292.22,6861089.22,40,50,246.0,267.0,439.0,38.0,10.0,13.39,7.44,3.905,,0.515,0.049,11.39,0.492,0.32,1.0,,13.0
1,394,77,2002-10-03,698281.44,6860954.39,10,25,251.0,294.0,411.0,32.0,12.0,13.07,6.38,9.316,,1.016,0.084,11.26,0.709,0.47,1.0,,19.3
1,394,77,2002-10-03,698281.44,6860954.39,35,50,294.0,300.0,373.0,26.0,7.0,16.21,7.07,3.268,,0.443,0.014,13.64,1.024,0.25,1.0,,28.0
1,395,77,2007-01-22,714270.57,6860819.29,0,30,189.0,333.0,428.0,37.0,13.0,9.02,4.6,20.0,34.6,1.36,0.013,4.18,0.97,0.167,0.5,,17.8
1,395,77,2007-01-22,714270.57,6860819.29,30,50,210.0,329.0,410.0,35.0,16.0,9.86,4.8,6.17,10.7,0.51,0.005,6.2,1.21,0.155,0.5,,20.1
1,396,77,2002-10-14,730259.64,6860683.91,10,25,253.0,308.0,381.0,37.0,21.0,18.42,7.77,11.929,,1.24,0.057,16.84,1.065,0.24,1.0,,22.4
1,396,77,2002-10-14,730259.64,6860683.91,40,50,253.0,337.0,361.0,32.0,17.0,15.92,7.71,1.732,,0.264,0.006,13.41,1.082,0.17,1.0,,21.0
1,397,51,2007-10-24,746248.66,6860548.37,0,27,195.0,278.0,371.0,106.0,50.0,8.5,6.4,9.44,16.3,0.95,0.139,8.18,0.66,0.664,0.5,,13.8
1,397,51,2007-10-24,746248.66,6860548.37,30,50,322.0,290.0,315.0,47.0,26.0,13.4,6.9,3.52,6.1,0.45,0.013,12.5,1.24,0.325,1.0,,18.4
1,398,51,2008-08-13,762237.63,6860412.61,0,26,315.0,284.0,307.0,38.0,56.0,16.7,7.8,12.6,21.9,1.35,0.075,17.6,0.57,0.691,4.0,,20.5
1,398,51,2008-08-13,762237.63,6860412.61,28,50,432.0,249.0,248.0,28.0,43.0,22.2,7.9,5.03,8.7,0.65,0.014,22.0,0.86,0.356,0.5,,41.5
1,399,51,2008-08-05,778226.66,6860276.6,0,15,258.0,321.0,73.0,46.0,302.0,10.3,8.2,17.9,31.0,1.97,0.077,13.2,0.33,0.333,804.0,,12.7
1,399,51,2008-08-05,778226.66,6860276.6,20,50,274.0,303.0,164.0,31.0,228.0,5.7,8.5,5.55,9.6,0.79,0.037,8.54,0.17,0.167,830.0,,5.9
1,400,51,2008-08-07,794215.76,6860140.34,0,16,298.0,283.0,108.0,56.0,255.0,15.3,8.2,25.3,43.7,2.28,0.145,18.2,0.51,0.431,705.0,,15.07
1,400,51,2008-08-07,794215.76,6860140.34,19,50,301.0,326.0,42.0,55.0,276.0,7.59,8.4,10.8,18.7,1.01,0.078,11.2,0.28,0.319,826.0,,9.2
1,401,51,2008-09-18,810204.85,6860003.93,0,24,520.0,387.0,68.0,12.0,13.0,33.6,8.1,32.1,55.6,3.46,0.022,34.9,1.6,0.403,268.0,,39.4
1,401,51,2008-09-18,810204.85,6860003.93,28,50,491.0,430.0,60.0,11.0,8.0,31.0,8.3,19.3,33.3,2.28,0.008,32.5,1.11,0.29,328.0,,36.3
1,402,51,2007-10-10,826193.89,6859867.4,0,12,358.0,383.0,90.0,48.0,121.0,10.8,8.2,18.8,32.5,2.05,0.119,12.8,0.32,0.63,866.0,,8.26
1,402,51,2007-10-10,826193.89,6859867.4,13,24,364.0,386.0,98.0,67.0,85.0,8.49,8.4,11.9,20.6,1.42,0.085,11.4,0.16,0.267,888.0,,7.1
1,403,55,2008-04-24,842182.84,6859730.73,0,23,385.0,464.0,105.0,31.0,15.0,22.2,8.2,20.8,36.0,2.12,0.055,22.9,0.3,0.397,518.0,,27.6
1,403,55,2008-04-24,842182.84,6859730.73,27,50,435.0,430.0,96.0,26.0,13.0,24.9,8.3,16.4,28.4,1.87,0.019,25.2,0.32,0.313,438.0,,30.7
1,404,55,2007-05-29,858171.78,6859593.86,0,30,401.0,297.0,217.0,55.0,30.0,21.9,5.9,31.9,55.2,2.47,0.012,20.7,1.0,0.352,0.5,,30.1
1,404,55,2007-05-29,858171.78,6859593.86,30,50,575.0,228.0,136.0,40.0,21.0,27.7,6.6,11.0,19.05,1.012,0.011,25.6,0.77,0.356,1.2,,33.8
1,405,55,2008-03-18,874160.68,6859456.79,0,30,419.0,345.0,190.0,27.0,19.0,26.8,7.9,25.7,44.5,2.78,0.02,28.6,0.57,0.365,27.2,,30.47
1,405,55,2008-03-18,874160.68,6859456.79,30,50,388.0,355.0,206.0,29.0,22.0,20.9,8.2,11.1,19.3,1.26,0.005,22.2,0.51,0.305,42.1,,29.7
1,406,55,2007-11-15,890149.58,6859319.49,0,30,421.0,214.0,172.0,157.0,36.0,27.8,7.7,25.4,43.9,2.54,0.016,27.9,1.31,0.337,11.0,,29.6
1,406,55,2007-11-15,890149.58,6859319.49,30,50,423.0,223.0,172.0,147.0,35.0,24.4,8.1,12.0,20.7,1.28,0.005,24.5,1.08,0.36,11.0,,26.9
1,407,54,2007-06-07,906138.49,6859182.0,0,30,390.0,325.0,196.0,86.0,3.0,22.8,6.0,35.0,60.6,2.8,0.04,20.6,1.77,0.421,0.5,,28.23
1,407,54,2007-06-07,906138.49,6859182.0,30,50,484.0,287.0,153.0,72.0,4.0,23.7,6.2,24.8,42.9,1.85,0.036,21.7,1.86,0.391,0.5,,29.3
1,408,54,2007-11-07,922127.3,6859044.41,0,16,285.0,374.0,301.0,34.0,6.0,14.8,7.1,15.5,26.9,1.57,0.052,14.7,0.5,0.57,2.5,,18.1
1,408,54,2007-11-07,922127.3,6859044.41,20,50,328.0,362.0,273.0,28.0,9.0,16.9,7.7,9.3,16.1,1.03,0.017,17.9,0.58,0.292,6.0,,19.3
1,409,54,2007-06-28,938116.05,6858906.63,0,15,540.0,259.0,141.0,54.0,6.0,49.5,7.4,60.0,104.0,4.34,0.005,51.3,1.29,0.448,10.1,,52.3
1,410,57,2008-03-12,954104.8,6858768.67,0,30,387.0,237.0,144.0,144.0,88.0,27.0,7.9,28.1,48.6,2.77,0.044,24.5,3.8,0.452,137.0,,32.6
1,410,57,2008-03-12,954104.8,6858768.67,30,50,344.0,240.0,153.0,170.0,93.0,20.6,8.2,7.95,13.8,0.99,0.019,18.4,3.48,0.319,129.0,,30.4
1,411,57,2008-10-14,970093.65,6858630.51,0,25,375.0,370.0,178.0,38.0,39.0,18.9,7.22,14.2,24.5,1.46,0.048,11.7,6.43,0.836,0.5,,28.2
1,411,57,2008-10-14,970093.65,6858630.51,30,50,561.0,307.0,108.0,17.0,7.0,30.3,7.78,4.41,7.63,0.614,0.0025,17.6,12.1,0.546,33.9,,41.0
1,412,57,2006-10-23,986082.51,6858492.12,0,30,175.0,446.0,282.0,41.0,56.0,5.23,4.6,13.9,24.1,1.03,0.006,1.09,0.5,0.126,0.5,,11.6
1,412,57,2006-10-23,986082.51,6858492.12,30,50,237.0,419.0,270.0,34.0,40.0,7.41,4.9,4.84,8.4,0.46,0.003,2.43,1.87,0.15,0.5,,14.5
1,413,57,2008-02-27,1002071.27,6858353.59,0,30,458.0,327.0,111.0,38.0,66.0,30.4,7.9,25.8,44.6,2.66,0.011,22.8,8.46,0.468,101.0,,43.5
1,413,57,2008-02-27,1002071.27,6858353.59,30,50,340.0,477.0,90.0,52.0,41.0,23.5,8.4,14.8,25.6,0.69,0.005,18.4,6.43,0.307,277.0,,37.0
1,414,67,2006-10-24,1018060.04,6858214.87,0,30,63.0,79.0,40.0,237.0,581.0,2.44,4.3,16.8,29.0,0.83,0.012,0.18,0.08,0.093,0.5,,4.85
1,414,67,2006-10-24,1018060.04,6858214.87,30,50,55.0,73.0,31.0,207.0,634.0,1.35,4.7,7.23,12.5,0.35,0.007,0.08,0.03,0.055,0.5,,4.3
1,415,67,2005-12-08,1034048.85,6858075.92,0,20,171.0,121.0,97.0,117.0,494.0,13.1,7.2,21.2,36.7,2.0,0.222,11.5,1.04,1.02,3.4,,12.7
1,415,67,2005-12-08,1034048.85,6858075.92,25,50,140.0,83.0,66.0,106.0,605.0,9.23,7.6,8.19,14.2,0.83,0.173,9.16,0.68,0.563,6.4,,12.0
1,416,67,2005-11-18,1050037.64,6857936.79,0,25,235.0,263.0,389.0,56.0,57.0,12.0,6.1,10.8,18.7,1.15,0.066,9.97,1.57,0.43,0.5,,13.8
1,416,67,2005-11-18,1050037.64,6857936.79,30,50,311.0,271.0,353.0,39.0,26.0,17.0,7.2,5.2,9.0,0.69,0.028,15.0,2.08,0.237,1.3,,15.0
1,418,29,2005-08-02,106558.34,6849816.96,0,30,169.0,203.0,332.0,122.0,174.0,6.29,5.2,38.4,66.5,3.38,0.03,3.0,2.13,0.449,0.5,0.059,16.7
1,418,29,2005-08-02,106558.34,6849816.96,35,55,157.0,202.0,326.0,129.0,186.0,5.85,5.8,22.2,38.4,2.1,0.016,3.24,1.85,0.282,0.5,0.039,13.0
1,420,29,2007-01-19,138535.63,6849562.25,0,19,167.0,211.0,337.0,93.0,192.0,9.51,5.9,47.3,81.9,4.5,0.084,7.99,1.2,0.854,0.5,,27.2
1,420,29,2007-01-19,138535.63,6849562.25,23,50,115.0,199.0,364.0,132.0,190.0,6.36,6.4,20.3,35.0,1.69,0.014,5.15,0.64,0.414,0.5,,19.7
1,421,29,2007-03-08,154524.37,6849434.57,0,23,147.0,225.0,406.0,119.0,103.0,8.91,6.1,29.1,50.3,2.94,0.208,7.47,0.97,0.796,0.5,,20.5
1,421,29,2007-03-08,154524.37,6849434.57,24,50,111.0,241.0,429.0,108.0,111.0,6.26,6.5,14.2,24.6,1.37,0.062,5.37,0.49,0.33,0.5,,14.2
1,422,29,2006-04-20,170513.14,6849306.62,0,26,130.0,264.0,451.0,124.0,31.0,10.2,6.4,34.1,59.0,2.86,0.147,9.68,0.74,0.287,0.5,,21.2
1,422,29,2006-04-20,170513.14,6849306.62,30,50,111.0,263.0,474.0,126.0,26.0,4.06,6.3,10.2,17.6,0.66,0.009,3.24,0.25,0.091,0.5,,17.0
1,423,29,2007-02-08,186501.93,6849178.36,0,24,137.0,256.0,466.0,115.0,26.0,6.59,5.7,29.0,50.1,2.79,0.13,5.05,1.19,0.625,0.5,,20.0
1,423,29,2007-02-08,186501.93,6849178.36,30,50,111.0,245.0,476.0,151.0,17.0,5.19,6.0,15.8,27.3,1.5,0.06,3.33,0.68,0.489,0.5,,14.0
1,424,29,2007-01-10,202490.7,6849049.82,0,22,181.0,183.0,309.0,138.0,189.0,9.18,5.9,26.6,46.1,2.51,0.089,7.14,0.92,0.382,0.5,,19.8
1,424,29,2007-01-10,202490.7,6849049.82,25,50,162.0,191.0,309.0,141.0,197.0,6.72,6.6,13.2,22.9,1.33,0.047,5.59,0.43,0.327,0.5,,14.2
1,425,22,2006-02-23,218479.51,6848921.08,0,27,143.0,140.0,231.0,132.0,354.0,4.52,5.2,24.5,42.3,2.27,0.112,2.54,0.42,0.336,2.4,,15.6
1,425,22,2006-02-23,218479.51,6848921.08,34,50,122.0,166.0,284.0,118.0,310.0,3.5,5.8,8.68,15.0,0.93,0.029,2.13,0.3,0.189,0.5,,13.0
1,426,22,2006-05-11,234468.3,6848792.17,0,30,167.0,225.0,390.0,149.0,69.0,4.73,5.4,19.2,33.2,1.83,0.209,3.22,0.46,0.213,0.5,,18.0
1,426,22,2006-05-11,234468.3,6848792.17,30,50,162.0,237.0,396.0,148.0,57.0,3.53,5.5,12.4,21.4,1.22,0.259,2.62,0.2,0.06,0.5,,17.0
1,427,22,2005-10-11,250457.04,6848663.07,0,30,145.0,174.0,469.0,163.0,49.0,6.7,4.7,30.7,53.1,1.95,0.011,2.02,1.23,0.093,0.5,,18.6
1,427,22,2005-10-11,250457.04,6848663.07,30,50,167.0,147.0,438.0,164.0,84.0,7.88,5.3,3.89,6.7,0.32,0.001,3.72,2.44,0.124,0.5,,12.0
1,427,22,2005-10-11,250457.04,6848663.07,-7,0,,,,,,31.4,3.9,389.0,672.0,17.8,0.345,15.4,9.26,1.87,1.1,,52.6
1,428,22,2006-03-17,266445.81,6848533.68,0,30,175.0,253.0,304.0,177.0,91.0,8.55,5.9,23.2,40.1,2.06,0.044,6.94,1.48,0.255,0.5,,17.4
1,428,22,2006-03-17,266445.81,6848533.68,30,50,180.0,246.0,279.0,169.0,126.0,7.66,6.5,12.6,21.8,1.21,0.02,5.85,1.53,0.136,0.5,,12.0
1,430,22,2006-10-05,298423.51,6848274.12,0,25,177.0,250.0,297.0,181.0,95.0,10.4,6.3,16.6,28.7,1.73,0.124,8.99,1.24,0.501,0.5,,14.8
1,430,22,2006-10-05,298423.51,6848274.12,32,50,168.0,245.0,277.0,153.0,157.0,8.74,6.7,8.93,15.4,0.95,0.049,7.52,1.16,0.23,1.1,,12.7
1,431,22,2006-10-23,314412.32,6848144.06,0,25,194.0,194.0,318.0,164.0,130.0,7.57,6.9,13.2,22.9,1.34,0.065,7.13,0.93,0.407,1.1,0.034,10.6
1,431,22,2006-10-23,314412.32,6848144.06,30,50,325.0,299.0,213.0,79.0,84.0,7.98,7.4,6.74,11.7,0.67,0.013,7.38,0.72,0.417,0.5,0.028,12.9
1,432,35,2005-12-13,330401.1,6848013.82,0,30,143.0,138.0,124.0,172.0,423.0,8.68,5.8,26.6,45.9,1.87,0.129,7.18,0.66,0.778,0.5,,14.5
1,432,35,2005-12-13,330401.1,6848013.82,30,50,138.0,117.0,98.0,136.0,511.0,8.73,6.3,14.0,24.1,1.04,0.09,8.24,0.5,0.401,0.5,,12.0
1,435,50,2006-04-28,378367.57,6847622.32,0,18,148.0,110.0,194.0,172.0,376.0,10.5,7.1,19.6,33.9,2.09,0.074,10.3,0.57,0.246,0.5,,10.9
1,435,50,2006-04-28,378367.57,6847622.32,25,50,146.0,105.0,167.0,150.0,432.0,8.91,7.9,13.2,22.9,1.5,0.041,9.92,0.36,0.188,4.3,,8.0
1,436,50,2006-09-19,394356.41,6847491.41,0,30,138.0,242.0,410.0,147.0,63.0,4.48,4.3,45.1,78.1,2.7,0.01,0.28,0.23,0.118,0.5,,22.7
1,436,50,2006-09-19,394356.41,6847491.41,30,60,108.0,251.0,413.0,143.0,85.0,1.1,4.6,11.4,19.6,0.83,0.005,0.13,0.05,0.051,0.5,,12.4
1,436,50,2006-09-19,394356.41,6847491.41,-5,0,,,,,,17.8,4.1,276.0,478.0,15.3,0.077,6.94,3.8,0.744,0.5,,61.0
1,437,50,2006-09-20,410345.22,6847360.2,0,30,135.0,257.0,359.0,176.0,73.0,6.3,4.3,58.3,101.0,3.33,0.014,2.07,0.79,0.148,0.5,,18.05
1,437,50,2006-09-20,410345.22,6847360.2,30,48,125.0,287.0,391.0,162.0,35.0,3.12,4.6,7.17,12.4,0.35,0.001,0.04,0.02,0.054,0.5,,7.7
1,437,50,2006-09-20,410345.22,6847360.2,-9,0,,,,,,22.8,4.0,337.0,582.0,18.3,0.11,10.9,4.32,0.944,0.5,,70.8
1,438,61,2006-03-14,426334.09,6847228.76,0,30,139.0,248.0,274.0,100.0,239.0,5.32,5.5,31.1,53.9,3.15,0.085,3.93,0.22,0.177,0.5,,24.1
1,438,61,2006-03-14,426334.09,6847228.76,30,50,133.0,229.0,287.0,95.0,256.0,2.72,5.7,9.72,16.8,1.01,0.026,1.46,0.11,0.174,0.5,,13.0
1,439,61,2006-10-12,442323.02,6847097.14,0,18,203.0,294.0,214.0,120.0,169.0,11.5,6.6,39.8,68.9,3.68,0.056,11.5,0.55,0.391,1.2,,22.6
1,439,61,2006-10-12,442323.02,6847097.14,21,50,185.0,303.0,208.0,124.0,180.0,7.47,6.2,26.6,46.0,2.48,0.027,7.45,0.4,0.219,0.5,,17.9
1,440,61,2005-04-28,458311.94,6846965.34,0,25,222.0,272.0,302.0,124.0,80.0,7.84,5.96,16.8,29.1,1.71,0.076,6.15,0.54,0.334,0.5,0.087,14.6
1,440,61,2005-04-28,458311.94,6846965.34,30,50,237.0,269.0,298.0,117.0,79.0,5.99,6.34,8.01,13.9,0.857,0.022,4.8,0.442,0.173,0.5,0.146,12.0
1,441,61,2005-05-18,474300.79,6846833.38,0,30,282.0,292.0,209.0,144.0,73.0,13.2,6.73,32.0,55.3,3.4,0.027,14.8,0.6,0.139,0.5,,23.4
1,441,61,2005-05-18,474300.79,6846833.38,30,50,298.0,280.0,181.0,130.0,111.0,7.57,7.62,7.2,12.5,1.1,0.006,10.4,0.29,0.0939,0.5,,16.0
1,442,61,2007-09-06,490289.66,6846701.27,0,30,350.0,280.0,300.0,66.0,4.0,18.9,5.4,37.2,64.4,3.69,0.021,16.6,2.39,0.432,0.5,,28.3
1,442,61,2007-09-06,490289.66,6846701.27,30,50,336.0,294.0,286.0,81.0,3.0,16.3,6.1,9.21,15.9,1.06,0.005,14.1,2.26,0.373,1.3,,17.2
1,443,61,2005-10-25,506278.57,6846568.98,0,30,137.0,274.0,438.0,107.0,44.0,7.19,6.5,12.8,22.1,1.29,0.022,7.78,0.82,0.242,2.3,,12.9
1,443,61,2005-10-25,506278.57,6846568.98,33,50,187.0,314.0,395.0,67.0,37.0,5.95,6.9,3.24,5.6,0.4,0.007,7.23,0.62,0.137,2.0,,10.0
1,444,61,2007-04-02,522267.54,6846436.46,0,24,217.0,303.0,356.0,72.0,52.0,7.8,5.1,22.3,38.6,2.07,0.027,6.19,0.44,0.232,0.5,,18.3
1,444,61,2007-04-02,522267.54,6846436.46,28,50,239.0,307.0,329.0,68.0,57.0,6.99,6.1,7.02,12.2,0.66,0.005,6.59,0.45,0.103,0.5,,14.7
1,445,27,2006-09-21,538256.56,6846303.74,0,20,152.0,313.0,360.0,118.0,57.0,7.7,6.3,14.7,25.5,1.39,0.042,7.22,0.5,0.334,0.5,,12.4
1,445,27,2006-09-21,538256.56,6846303.74,25,40,144.0,308.0,353.0,117.0,78.0,7.42,6.3,14.0,24.2,1.51,0.04,6.81,0.47,0.248,0.5,,11.0
1,446,28,2003-05-12,554245.55,6846170.84,0,25,182.0,312.0,393.0,67.0,47.0,11.94,6.47,17.04,29.7,1.74,0.114,10.33,0.763,0.59,1.0,,17.97
1,446,28,2003-05-12,554245.55,6846170.84,38,57,342.0,286.0,282.0,45.0,47.0,17.19,7.63,4.686,8.27,0.569,0.013,14.97,0.997,0.33,1.0,,31.7
1,447,28,2002-09-20,570234.54,6846037.71,0,25,195.0,269.0,336.0,73.0,128.0,11.85,6.74,16.48,28.3,1.57,0.106,10.77,0.39,0.52,0.5,,17.8
1,448,28,2006-12-15,586223.53,6845904.43,0,30,89.0,97.0,101.0,216.0,498.0,3.23,4.47,20.15,34.9,1.14,0.011,0.46,0.22,0.124,0.5,,8.45
1,448,28,2006-12-15,586223.53,6845904.43,30,39,91.0,102.0,89.0,254.0,465.0,2.63,4.48,11.2,19.4,0.638,0.005,0.23,0.13,0.065,0.5,,7.02
1,449,78,2007-02-08,602212.48,6845770.95,0,30,71.0,134.0,132.0,400.0,263.0,3.6,4.0,30.0,51.9,1.22,0.005,0.52,0.13,0.071,0.5,,10.6
1,449,78,2007-02-08,602212.48,6845770.95,30,50,163.0,125.0,112.0,336.0,264.0,3.93,4.2,14.7,25.4,0.55,0.005,0.11,0.05,0.057,0.5,,13.2
1,449,78,2007-02-08,602212.48,6845770.95,-7,0,,,,,,29.0,3.9,444.0,769.0,14.3,0.086,16.5,3.14,0.878,0.5,,96.5
1,450,78,2002-04-24,618201.44,6845637.22,0,30,149.0,105.0,108.0,292.0,346.0,4.51,4.1,18.36,,0.95,0.012,0.3,0.15,0.09,0.5,,12.7
1,450,78,2002-04-24,618201.44,6845637.22,30,50,182.0,89.0,81.0,236.0,412.0,4.51,4.3,9.24,,0.5,0.005,0.21,0.12,0.05,0.5,,13.0
1,450,78,2002-04-24,618201.44,6845637.22,-6,0,,,,,,24.0,3.9,218.0,377.0,10.4,0.242,11.2,2.74,1.22,0.5,,38.0
1,451,91,2007-02-08,634190.42,6845503.29,0,30,203.0,149.0,103.0,281.0,264.0,5.11,4.8,15.8,27.3,1.08,0.005,1.88,1.01,0.114,0.5,,13.24
1,451,91,2007-02-08,634190.42,6845503.29,30,50,240.0,139.0,94.0,283.0,244.0,6.25,4.7,5.94,10.3,0.43,0.005,0.96,1.37,0.096,0.5,,17.5
1,452,91,2002-09-18,650179.42,6845369.11,0,30,255.0,214.0,383.0,133.0,15.0,15.62,6.9,12.85,,1.38,0.116,13.9,0.95,0.38,0.5,,25.2
1,452,91,2002-09-18,650179.42,6845369.11,35,50,296.0,205.0,364.0,122.0,13.0,17.39,7.6,6.21,,0.79,0.037,15.87,0.96,0.22,1.0,,35.0
1,453,94,2002-09-19,666168.46,6845234.7,0,30,237.0,209.0,444.0,72.0,38.0,14.06,6.8,15.67,,1.22,0.108,12.57,0.8,0.51,1.0,,21.9
1,453,94,2002-09-19,666168.46,6845234.7,40,50,304.0,228.0,374.0,63.0,31.0,16.66,6.8,5.06,,0.62,0.019,14.99,0.91,0.28,1.0,,32.0
1,454,77,2002-09-13,682157.48,6845100.07,0,25,167.0,282.0,369.0,101.0,81.0,9.31,7.01,12.412,,1.069,0.096,8.05,0.281,0.51,1.0,,12.7
1,454,77,2002-09-13,682157.48,6845100.07,30,50,221.0,282.0,335.0,85.0,77.0,9.73,7.07,7.748,,0.765,0.045,8.24,0.367,0.49,1.0,,14.0
1,455,77,2002-09-17,698146.52,6844965.22,10,25,209.0,181.0,214.0,325.0,71.0,14.22,7.7,11.734,,1.19,0.087,13.38,0.402,0.28,2.0,,14.9
1,455,77,2002-09-17,698146.52,6844965.22,40,50,246.0,194.0,195.0,299.0,66.0,16.0,8.22,5.838,,0.698,0.02,15.74,0.232,0.19,27.0,,21.0
1,456,77,2002-10-02,714135.47,6844830.09,10,25,244.0,277.0,374.0,62.0,43.0,17.98,7.82,12.517,,1.367,0.074,16.86,0.743,0.46,1.0,,21.6
1,456,77,2002-10-02,714135.47,6844830.09,40,50,234.0,253.0,404.0,69.0,40.0,15.11,8.04,6.132,,0.728,0.014,14.71,0.405,0.22,2.0,,16.0
1,457,77,2002-09-18,730124.38,6844694.74,5,25,174.0,317.0,450.0,56.0,3.0,10.62,6.65,8.6,,0.935,0.102,9.49,0.446,0.34,1.0,,13.1
1,457,77,2002-09-18,730124.38,6844694.74,40,50,179.0,283.0,460.0,74.0,4.0,9.76,7.05,3.213,,0.449,0.017,8.84,0.323,0.17,2.0,,12.0
1,458,51,2007-02-28,746113.23,6844559.21,0,30,184.0,314.0,341.0,70.0,91.0,5.95,5.0,13.4,23.1,0.95,0.005,3.06,0.69,0.183,0.5,,13.4
1,458,51,2007-02-28,746113.23,6844559.21,30,50,250.0,304.0,315.0,56.0,75.0,8.4,5.2,4.25,7.4,0.39,0.005,5.15,1.02,0.164,0.5,,16.0
1,459,51,2007-10-23,762102.0,6844423.47,0,24,282.0,261.0,79.0,60.0,318.0,11.4,8.2,19.1,33.0,1.89,0.093,14.1,0.43,0.757,723.0,,10.3
1,459,51,2007-10-23,762102.0,6844423.47,26,50,292.0,299.0,64.0,60.0,285.0,5.29,8.5,8.18,14.2,0.73,0.034,8.61,0.15,0.18,844.0,,4.4
1,460,51,2007-10-01,778090.81,6844287.51,0,29,249.0,232.0,110.0,50.0,359.0,12.7,8.2,23.0,39.8,1.6,0.161,15.0,0.38,0.511,687.0,,13.7
1,460,51,2007-10-01,778090.81,6844287.51,32,50,252.0,252.0,90.0,64.0,342.0,4.2,8.5,6.19,10.7,0.42,0.042,7.13,0.16,0.249,814.0,,4.3
1,461,10,2006-10-10,794079.69,6844151.31,0,14,298.0,399.0,79.0,36.0,188.0,11.8,8.2,22.3,38.6,2.23,0.087,13.6,0.48,0.364,842.0,,10.0
1,461,10,2006-10-10,794079.69,6844151.31,18,50,322.0,416.0,66.0,38.0,158.0,6.32,8.4,11.6,20.1,1.08,0.052,8.94,0.3,0.072,915.0,,6.0
1,462,51,2008-09-23,810068.56,6844014.96,0,27,331.0,355.0,117.0,95.0,102.0,11.6,8.2,13.7,23.7,1.51,0.051,14.0,0.286,0.401,793.0,,13.0
1,462,51,2008-09-23,810068.56,6844014.96,30,50,318.0,375.0,116.0,99.0,92.0,6.96,8.54,5.21,9.01,0.537,0.017,9.82,0.211,0.267,876.0,,8.01
1,463,51,2007-10-09,826057.37,6843878.48,0,24,200.0,346.0,359.0,66.0,29.0,10.2,6.6,9.87,17.1,1.06,0.095,9.93,0.53,0.432,0.5,,14.1
1,463,51,2007-10-09,826057.37,6843878.48,27,50,302.0,324.0,303.0,50.0,21.0,14.6,7.0,5.33,9.2,0.69,0.022,14.0,0.6,0.334,0.5,,14.9
1,464,52,2007-01-18,842046.13,6843741.85,0,30,200.0,339.0,242.0,133.0,86.0,4.85,4.6,14.7,25.5,0.9,0.005,0.4,0.4,0.15,0.5,,12.5
1,464,52,2007-01-18,842046.13,6843741.85,30,50,410.0,294.0,163.0,85.0,48.0,11.0,4.8,4.03,7.0,0.45,0.005,0.7,2.49,0.304,0.5,,20.6
1,465,55,2007-01-17,858034.87,6843605.03,0,30,410.0,352.0,159.0,50.0,29.0,60.1,7.6,101.0,174.0,7.25,0.027,59.5,1.27,0.446,69.9,,56.4
1,466,55,2008-04-01,874023.55,6843467.98,0,13,413.0,402.0,132.0,16.0,37.0,33.5,7.9,42.2,73.0,4.37,0.096,33.6,0.73,1.55,108.0,,39.6
1,466,55,2008-04-01,874023.55,6843467.98,13,18,450.0,365.0,124.0,15.0,46.0,33.9,8.0,34.8,60.2,3.72,0.044,33.7,0.61,1.0,80.4,,47.8
1,468,54,2007-06-21,906000.9,6843193.23,0,20,441.0,294.0,195.0,28.0,42.0,42.7,7.5,55.9,96.6,3.87,0.011,45.6,0.87,0.229,79.1,,36.3
1,469,54,2006-11-20,921989.57,6843055.62,0,30,325.0,362.0,240.0,43.0,30.0,14.3,5.4,27.2,47.0,1.95,0.005,12.7,0.83,0.329,0.5,,22.8
1,469,54,2006-11-20,921989.57,6843055.62,30,50,360.0,337.0,236.0,40.0,27.0,15.0,6.2,7.55,13.1,0.64,0.005,13.7,0.53,0.219,2.8,,22.2
1,470,54,2008-02-20,937978.15,6842917.83,0,30,327.0,205.0,95.0,64.0,309.0,12.8,5.8,28.7,49.7,2.71,0.021,11.0,2.02,0.333,0.5,,20.7
1,470,54,2008-02-20,937978.15,6842917.83,30,50,467.0,224.0,60.0,36.0,213.0,18.5,6.6,4.94,8.6,0.6,0.011,14.9,3.41,0.336,0.5,,23.7
1,471,54,2008-03-13,953966.72,6842779.86,0,15,221.0,334.0,270.0,112.0,63.0,11.4,5.7,14.8,25.6,1.57,0.046,7.43,2.77,0.261,0.5,,20.8
1,471,54,2008-03-13,953966.72,6842779.86,30,50,323.0,312.0,233.0,93.0,39.0,16.5,6.5,4.8,8.3,0.66,0.005,9.81,5.05,0.292,1.1,,29.2
1,472,54,2007-05-14,969955.36,6842641.73,0,30,566.0,224.0,96.0,40.0,74.0,33.9,7.8,22.8,39.5,1.76,0.005,32.3,3.93,0.77,33.8,,41.9
1,472,54,2007-05-14,969955.36,6842641.73,30,50,478.0,275.0,121.0,49.0,77.0,31.4,8.1,5.98,10.3,0.62,0.005,30.2,3.69,0.544,114.0,,31.7
1,473,54,2008-11-05,985943.96,6842503.38,0,20,419.0,367.0,108.0,39.0,67.0,21.1,7.9,18.5,32.0,1.95,0.077,22.8,0.59,0.589,9.3,,19.6
1,473,54,2008-11-05,985943.96,6842503.38,25,50,508.0,352.0,80.0,19.0,41.0,22.1,8.2,9.3,16.1,1.03,0.022,23.9,0.61,0.525,47.0,,19.1
1,474,57,2006-10-26,1001932.52,6842364.89,0,30,59.0,71.0,34.0,115.0,721.0,3.09,4.1,18.4,31.9,0.65,0.006,0.11,0.05,0.057,0.5,,5.98
1,474,57,2006-10-26,1001932.52,6842364.89,30,50,64.0,68.0,30.0,101.0,737.0,1.81,4.5,10.9,18.9,0.41,0.003,0.06,0.02,0.049,0.5,,6.1
1,474,57,2006-10-26,1001932.52,6842364.89,-10,0,,,,,,8.64,3.9,126.0,217.0,4.8,0.042,3.06,0.57,0.333,0.5,,26.5
1,475,67,2006-10-25,1017921.12,6842226.18,0,30,100.0,115.0,62.0,299.0,424.0,2.3,4.5,10.8,18.8,0.69,0.02,0.1,0.04,0.093,0.5,,7.37
1,475,67,2006-10-25,1017921.12,6842226.18,30,50,104.0,114.0,67.0,289.0,426.0,1.85,4.6,5.6,9.7,0.39,0.01,0.04,0.02,0.054,0.5,,6.0
1,476,67,2005-12-02,1033909.77,6842087.23,0,25,282.0,318.0,347.0,41.0,12.0,19.4,7.7,14.5,25.1,1.56,0.088,17.7,2.08,0.726,7.3,,20.2
1,476,67,2005-12-02,1033909.77,6842087.23,30,50,293.0,318.0,343.0,41.0,5.0,18.4,7.8,5.72,9.9,0.7,0.018,16.7,1.77,0.264,1.9,,15.0
1,477,67,2006-04-27,1049898.39,6841948.1,0,30,134.0,119.0,154.0,395.0,198.0,15.1,8.1,32.2,55.6,2.27,0.014,16.6,0.71,0.118,130.0,,14.8
1,477,67,2006-04-27,1049898.39,6841948.1,30,50,98.0,112.0,159.0,490.0,141.0,7.04,8.5,10.8,18.8,0.73,0.006,9.38,0.38,0.068,192.0,,7.0
1,480,29,2007-02-28,138408.07,6833573.67,0,21,176.0,252.0,301.0,109.0,162.0,4.29,5.3,32.2,55.7,3.35,0.079,2.29,0.4,0.312,0.5,,19.6
1,480,29,2007-02-28,138408.07,6833573.67,25,50,150.0,243.0,281.0,116.0,210.0,3.33,5.5,14.7,25.4,1.46,0.031,1.59,0.25,0.224,0.5,,15.5
1,481,29,2007-02-22,154396.56,6833445.96,0,16,199.0,270.0,379.0,93.0,59.0,9.63,5.9,23.8,41.2,2.48,0.042,8.95,0.71,0.119,0.5,,17.0
1,481,29,2007-02-22,154396.56,6833445.96,18,50,202.0,292.0,355.0,102.0,49.0,8.47,6.4,15.4,26.7,1.59,0.025,7.79,0.59,0.109,0.5,,15.0
1,482,29,2006-03-23,170385.06,6833317.99,0,20,224.0,287.0,311.0,86.0,92.0,11.0,6.9,20.2,34.9,2.11,0.218,9.81,0.67,0.605,0.5,,15.3
1,482,29,2006-03-23,170385.06,6833317.99,25,50,228.0,290.0,316.0,78.0,88.0,7.72,7.2,11.9,20.7,1.38,0.046,6.77,0.4,0.341,0.5,,13.0
1,483,29,2007-02-27,186373.59,6833189.73,0,17,192.0,314.0,312.0,79.0,103.0,6.64,5.3,49.5,85.6,4.17,0.035,4.48,0.69,0.283,0.5,,26.0
1,483,29,2007-02-27,186373.59,6833189.73,19,50,121.0,335.0,341.0,84.0,119.0,4.7,5.8,22.7,39.3,1.74,0.011,3.26,0.29,0.153,1.1,,20.6
1,484,29,2005-07-21,202362.12,6833061.21,0,20,132.0,234.0,281.0,243.0,110.0,6.44,5.6,42.0,72.7,3.38,0.167,4.32,0.87,0.368,0.5,,24.4
1,484,29,2005-07-21,202362.12,6833061.21,30,50,108.0,269.0,300.0,214.0,109.0,2.63,5.5,15.1,26.0,1.15,0.029,1.08,0.23,0.141,0.5,,18.0
1,485,22,2006-08-17,218350.67,6832932.47,0,25,246.0,309.0,231.0,101.0,113.0,12.5,6.5,26.6,46.0,2.71,0.096,10.7,1.02,0.228,0.5,,19.9
1,485,22,2006-08-17,218350.67,6832932.47,30,50,227.0,306.0,243.0,110.0,114.0,6.85,6.0,11.8,20.5,1.35,0.018,5.25,0.55,0.106,0.5,,19.5
1,486,22,2006-05-18,234339.23,6832803.53,0,30,150.0,199.0,241.0,92.0,318.0,5.02,5.4,37.4,64.7,3.41,0.047,3.88,0.43,0.112,0.5,,24.7
1,486,22,2006-05-18,234339.23,6832803.53,30,50,104.0,255.0,329.0,109.0,203.0,2.64,5.4,15.0,25.9,1.41,0.019,1.16,0.13,0.06,0.5,,21.0
1,487,22,2006-04-19,250327.76,6832674.38,0,30,117.0,142.0,137.0,126.0,478.0,10.6,5.9,41.5,71.8,3.76,0.19,9.06,0.95,0.733,0.5,,21.7
1,487,22,2006-04-19,250327.76,6832674.38,30,50,72.0,129.0,142.0,106.0,551.0,5.02,6.3,15.9,27.5,1.42,0.036,4.79,0.37,0.306,0.5,,17.0
1,488,22,2006-12-01,266316.29,6832544.97,0,28,134.0,140.0,199.0,128.0,399.0,6.6,5.7,21.1,36.5,1.98,0.058,5.18,0.45,0.251,0.5,,16.3
1,488,22,2006-12-01,266316.29,6832544.97,30,50,121.0,144.0,165.0,120.0,450.0,4.1,6.1,12.0,20.8,1.05,0.021,3.2,0.21,0.107,0.5,,11.8
1,489,22,2006-11-27,282304.88,6832415.31,0,25,152.0,205.0,488.0,126.0,29.0,7.55,6.0,10.0,17.4,1.06,0.037,5.81,0.9,0.262,1.0,,9.26
1,489,22,2006-11-27,282304.88,6832415.31,30,50,168.0,201.0,474.0,130.0,27.0,8.4,6.5,6.69,11.6,0.76,0.005,6.91,1.14,0.119,0.5,,11.0
1,490,22,2006-02-16,298293.5,6832285.47,0,31,122.0,201.0,484.0,131.0,62.0,4.67,5.7,11.1,19.2,1.1,0.07,3.46,0.55,0.114,0.5,,8.22
1,490,22,2006-02-16,298293.5,6832285.47,38,50,158.0,206.0,482.0,108.0,46.0,5.08,6.6,3.6,6.2,0.44,0.02,3.88,1.29,0.112,0.5,,9.0
1,491,22,2005-11-03,314282.15,6832155.43,0,29,139.0,120.0,119.0,113.0,509.0,4.62,5.1,17.8,30.7,1.62,0.168,2.64,0.4,0.708,1.5,,10.66
1,491,22,2005-11-03,314282.15,6832155.43,35,50,88.0,83.0,96.0,120.0,613.0,3.47,5.7,7.36,12.7,0.73,0.047,2.36,0.31,0.489,2.1,,10.0
1,492,22,2007-01-29,330270.83,6832025.18,0,30,118.0,121.0,112.0,197.0,452.0,3.44,4.9,20.4,35.2,1.46,0.008,1.08,0.42,0.233,0.5,,15.4
1,492,22,2007-01-29,330270.83,6832025.18,30,50,107.0,118.0,115.0,177.0,483.0,2.79,5.0,8.7,15.1,0.65,0.004,0.68,0.38,0.119,0.5,,10.9
1,493,35,2006-06-09,346259.51,6831894.8,0,25,148.0,148.0,133.0,126.0,445.0,6.78,6.0,25.4,43.9,2.43,0.099,5.04,0.93,1.34,0.5,,16.5
1,493,35,2006-06-09,346259.51,6831894.8,30,50,133.0,157.0,129.0,120.0,461.0,3.8,5.9,14.2,24.6,1.31,0.04,2.32,0.35,0.954,1.2,,15.0
1,494,35,2007-01-19,362248.14,6831764.29,0,25,133.0,137.0,244.0,158.0,328.0,4.33,5.2,18.5,32.1,1.81,0.114,2.84,0.33,0.281,0.5,,12.4
1,494,35,2007-01-19,362248.14,6831764.29,30,50,113.0,131.0,193.0,168.0,395.0,3.13,5.0,10.2,17.7,1.07,0.047,1.41,0.25,0.163,1.1,,10.8
1,495,50,2006-10-20,378236.76,6831633.59,0,20,148.0,215.0,326.0,130.0,181.0,5.93,5.6,23.6,40.8,2.26,0.094,5.65,0.68,0.234,0.5,,14.1
1,495,50,2006-10-20,378236.76,6831633.59,30,50,124.0,210.0,275.0,136.0,255.0,3.09,5.4,12.5,21.6,1.21,0.047,2.94,0.32,0.148,0.5,,12.8
1,496,35,2006-10-26,394225.4,6831502.66,0,28,133.0,239.0,470.0,121.0,37.0,5.7,6.2,19.9,34.4,1.94,0.142,5.4,0.53,0.538,0.5,,13.6
1,496,35,2006-10-26,394225.4,6831502.66,30,50,124.0,237.0,483.0,133.0,23.0,3.93,5.9,12.6,21.8,1.24,0.063,2.99,0.34,0.46,0.5,,12.7
1,497,50,2006-11-15,410214.04,6831371.46,0,20,150.0,243.0,435.0,117.0,55.0,5.22,5.8,21.2,36.6,2.05,0.12,4.54,0.54,0.326,1.5,,13.3
1,497,50,2006-11-15,410214.04,6831371.46,30,50,138.0,249.0,458.0,112.0,43.0,4.71,5.9,13.9,24.1,1.33,0.051,2.74,0.39,0.225,0.5,,11.5
1,498,61,2006-03-31,426202.72,6831240.0,0,30,171.0,245.0,471.0,64.0,49.0,10.6,6.4,22.5,38.9,2.24,0.125,7.71,1.59,0.996,0.5,,19.0
1,498,61,2006-03-31,426202.72,6831240.0,30,50,166.0,237.0,484.0,77.0,36.0,6.22,6.3,10.1,17.5,1.09,0.048,4.43,0.72,0.615,0.5,,12.0
1,499,61,2006-06-23,442191.44,6831108.37,0,30,257.0,302.0,267.0,117.0,57.0,7.41,5.5,26.2,45.4,2.68,0.073,5.9,1.21,0.305,0.5,,19.9
1,499,61,2006-06-23,442191.44,6831108.37,30,50,243.0,307.0,266.0,115.0,69.0,5.69,6.0,6.68,11.6,0.84,0.013,3.3,1.07,0.191,0.5,,14.0
1,500,61,2006-05-12,458180.16,6830976.57,-15,0,,,,,,19.9,4.0,382.0,661.0,14.4,0.118,6.62,4.67,0.926,0.5,,79.3
1,501,61,2005-04-11,474168.83,6830844.61,0,20,250.0,281.0,163.0,105.0,201.0,6.7,5.11,34.0,58.9,3.42,0.207,4.57,0.865,0.328,0.5,,19.7
1,501,61,2005-04-11,474168.83,6830844.61,25,50,253.0,288.0,163.0,92.0,204.0,4.84,5.44,21.8,37.8,2.29,0.104,2.8,0.58,0.257,1.11,,18.0
1,502,61,2007-09-13,490157.5,6830712.48,0,30,203.0,350.0,280.0,95.0,72.0,4.9,5.2,24.0,41.6,2.39,0.044,3.33,0.88,0.312,1.4,,12.9
1,502,61,2007-09-13,490157.5,6830712.48,30,50,197.0,352.0,275.0,95.0,81.0,3.62,5.8,6.2,10.7,0.69,0.005,2.23,0.88,0.204,0.5,,7.2
1,503,61,2006-04-24,506146.23,6830580.15,0,30,241.0,144.0,247.0,366.0,2.0,15.2,5.7,27.1,46.9,2.82,0.016,14.0,1.05,0.228,0.5,,23.4
1,503,61,2006-04-24,506146.23,6830580.15,30,50,205.0,129.0,248.0,417.0,1.0,12.1,6.3,9.26,16.0,1.1,0.006,11.7,0.43,0.227,0.5,,18.0
1,504,61,2006-05-11,522135.02,6830447.61,0,30,163.0,140.0,194.0,451.0,52.0,8.65,5.3,18.9,32.7,1.88,0.018,7.11,0.77,0.31,0.5,,15.6
1,504,61,2006-05-11,522135.02,6830447.61,30,50,146.0,125.0,171.0,462.0,96.0,8.78,5.5,6.02,10.4,0.73,0.007,7.64,0.56,0.178,0.5,,16.0
1,505,61,2007-05-02,538123.83,6830314.9,0,30,306.0,252.0,196.0,67.0,179.0,6.86,4.6,26.8,46.3,1.64,0.005,1.21,0.85,0.156,0.5,,20.7
1,505,61,2007-05-02,538123.83,6830314.9,30,50,273.0,225.0,170.0,75.0,257.0,5.77,4.7,15.6,27.0,0.94,0.005,1.3,1.02,0.108,0.5,,16.9
1,506,28,2007-02-06,554112.61,6830181.99,0,30,150.0,368.0,356.0,61.0,66.0,4.88,4.18,34.85,60.3,1.87,0.005,0.65,0.16,0.153,0.5,,18.4
1,506,28,2007-02-06,554112.61,6830181.99,30,50,146.0,375.0,375.0,56.0,49.0,2.94,4.65,14.3,24.8,0.792,0.005,0.59,0.1,0.083,0.5,,12.8
1,506,28,2007-02-06,554112.61,6830181.99,-15,0,,,,,,30.5,4.3,289.0,499.0,15.1,0.16,20.3,3.43,1.4,2.4,,65.0
1,507,28,2002-11-19,570101.35,6830048.87,0,25,151.0,304.0,485.0,44.0,17.0,8.29,6.5,8.963,15.3,0.917,0.053,6.34,0.631,0.3,0.5,,11.63
1,507,28,2002-11-19,570101.35,6830048.87,35,50,218.0,297.0,442.0,34.0,10.0,10.63,6.62,3.44,6.03,0.471,0.017,8.25,0.783,0.19,0.5,,16.6
1,508,28,2001-10-10,586090.09,6829915.58,0,30,228.0,285.0,439.0,33.0,16.0,10.95,6.2,10.38,17.8,1.1,0.067,9.7,0.9,0.4,1.0,,19.05
1,508,28,2001-10-10,586090.09,6829915.58,40,50,307.0,278.0,363.0,40.0,13.0,16.05,6.75,4.37,7.53,0.584,0.009,13.99,0.99,0.22,0.5,,28.8
1,509,28,2002-04-23,602078.84,6829782.07,0,25,220.0,232.0,441.0,95.0,14.0,13.17,6.63,9.57,16.7,1.09,0.101,11.26,0.64,0.46,1.0,,18.3
1,509,28,2002-04-23,602078.84,6829782.07,40,50,313.0,222.0,407.0,51.0,8.0,17.93,7.73,3.75,6.58,0.53,0.015,16.16,0.49,0.24,1.0,,26.3
1,510,78,2002-04-03,618067.64,6829648.34,0,25,200.0,301.0,357.0,71.0,71.0,10.73,5.9,10.01,,1.01,0.067,8.69,0.59,0.26,1.0,,17.7
1,510,78,2002-04-03,618067.64,6829648.34,30,50,278.0,289.0,309.0,59.0,65.0,14.73,6.9,4.52,,0.56,0.014,12.54,0.73,0.22,1.0,,26.0
1,511,91,2002-04-11,634056.41,6829514.39,0,25,45.0,80.0,115.0,677.0,83.0,2.95,5.9,6.48,,0.56,0.054,1.93,0.36,0.17,0.5,,5.8
1,511,91,2002-04-11,634056.41,6829514.39,35,50,47.0,94.0,110.0,688.0,61.0,1.87,6.5,1.42,,0.17,0.042,1.57,0.29,0.1,1.0,,3.0
1,512,91,2002-07-18,650045.15,6829380.22,0,20,257.0,220.0,260.0,206.0,57.0,17.61,7.6,12.1,,1.34,0.109,15.15,0.8,0.76,1.0,,31.6
1,512,91,2002-07-18,650045.15,6829380.22,35,50,274.0,215.0,254.0,194.0,63.0,18.49,8.2,5.9,,0.72,0.028,16.47,0.89,0.59,3.0,,39.0
1,514,77,2002-06-17,682022.68,6829111.13,0,20,257.0,227.0,314.0,130.0,72.0,19.61,8.2,14.63,,1.64,0.012,18.8,0.46,0.31,50.0,,25.0
1,514,77,2002-06-17,682022.68,6829111.13,30,50,209.0,244.0,337.0,113.0,97.0,13.65,8.5,6.16,,0.64,0.005,14.38,0.35,0.15,115.0,,21.0
1,515,77,2002-09-20,698011.52,6828976.25,10,20,217.0,205.0,243.0,261.0,74.0,15.11,8.16,8.768,,0.941,0.086,14.4,0.402,0.45,2.0,,17.1
1,515,77,2002-09-20,698011.52,6828976.25,45,60,373.0,178.0,174.0,215.0,60.0,23.53,7.98,2.653,,0.384,0.005,21.8,0.713,0.28,1.0,,39.0
1,516,77,2002-09-23,714000.32,6828841.1,10,20,262.0,300.0,389.0,39.0,10.0,16.0,7.62,9.776,,1.128,0.178,14.23,0.339,0.59,1.0,,17.1
1,516,77,2002-09-23,714000.32,6828841.1,45,55,343.0,289.0,323.0,33.0,12.0,19.54,7.82,3.056,,0.462,0.033,17.45,0.354,0.27,1.0,,23.0
1,517,77,2002-09-25,729989.05,6828705.76,10,20,231.0,307.0,412.0,44.0,6.0,13.79,7.39,9.614,,1.091,0.115,12.06,0.568,0.45,1.0,,15.9
1,517,77,2002-09-25,729989.05,6828705.76,35,50,312.0,303.0,347.0,34.0,4.0,16.21,7.41,4.368,,0.609,0.028,14.38,0.437,0.28,1.0,,20.0
1,518,10,2005-09-26,745977.76,6828570.26,0,23,277.0,321.0,130.0,86.0,186.0,12.0,8.1,18.0,31.1,1.87,0.088,13.8,0.42,0.621,736.0,,9.88
1,518,10,2005-09-26,745977.76,6828570.26,30,50,286.0,370.0,106.0,61.0,177.0,8.41,8.3,10.6,18.3,1.02,0.047,10.1,0.24,0.284,822.0,,8.0
1,519,51,2007-10-30,761966.38,6828434.59,0,25,268.0,271.0,245.0,80.0,136.0,16.5,8.1,13.5,23.4,1.42,0.057,18.8,0.48,0.562,337.0,,15.6
1,519,51,2007-10-30,761966.38,6828434.59,27,50,244.0,276.0,221.0,75.0,184.0,13.2,8.4,6.75,11.7,0.74,0.016,15.2,0.28,0.223,445.0,,11.9
1,520,10,2007-02-26,777954.98,6828298.68,0,30,423.0,431.0,109.0,18.0,19.0,34.8,8.0,47.9,82.8,4.66,0.045,35.3,0.65,0.195,531.0,,38.5
1,520,10,2007-02-26,777954.98,6828298.68,30,50,421.0,454.0,105.0,13.0,7.0,26.8,8.4,20.8,35.9,2.24,0.011,27.9,0.18,0.113,614.0,,26.3
1,521,10,2006-09-26,793943.59,6828162.56,0,12,300.0,267.0,146.0,68.0,219.0,15.7,8.1,19.2,33.1,1.94,0.093,16.8,0.62,0.917,639.0,,10.36
1,521,10,2006-09-26,793943.59,6828162.56,20,50,275.0,252.0,141.0,65.0,267.0,14.4,8.3,15.1,26.1,1.55,0.069,15.7,0.46,0.68,679.0,,13.8
1,522,51,2007-10-17,809932.23,6828026.27,0,28,309.0,266.0,240.0,131.0,54.0,16.9,8.2,14.6,25.3,1.49,0.085,18.5,0.55,0.811,555.0,,17.2
1,522,51,2007-10-17,809932.23,6828026.27,30,50,250.0,270.0,212.0,150.0,118.0,8.07,8.6,5.2,9.0,0.5,0.015,10.2,0.21,0.276,807.0,,8.0
1,523,51,2008-09-24,825920.84,6827889.79,0,30,639.0,248.0,100.0,11.0,2.0,22.9,5.4,26.2,45.3,2.57,0.032,17.6,3.11,0.561,0.5,,36.5
1,523,51,2008-09-24,825920.84,6827889.79,30,50,419.0,332.0,205.0,31.0,13.0,12.9,5.5,8.07,14.0,0.8,0.027,8.98,2.33,0.328,0.5,,23.2
1,524,52,2007-09-04,841909.41,6827753.18,0,26,317.0,313.0,216.0,145.0,9.0,17.0,8.0,14.7,25.4,1.56,0.063,18.5,0.57,0.371,17.4,,14.2
1,524,52,2007-09-04,841909.41,6827753.18,35,50,288.0,317.0,242.0,147.0,6.0,14.6,8.1,8.0,13.8,0.99,0.025,16.4,0.6,0.21,46.7,,13.3
1,525,52,2007-08-27,857897.97,6827616.37,0,17,467.0,248.0,169.0,87.0,29.0,25.6,7.2,30.2,52.2,2.71,0.037,24.7,0.94,0.824,1.1,,27.6
1,525,52,2007-08-27,857897.97,6827616.37,21,50,610.0,190.0,115.0,58.0,27.0,32.3,7.8,13.5,23.3,1.39,0.005,32.1,1.02,0.408,5.9,,33.9
1,526,55,2008-04-02,873886.48,6827479.33,0,30,464.0,297.0,200.0,35.0,4.0,27.3,7.0,38.0,65.7,3.8,0.072,26.0,1.16,0.882,2.8,,39.2
1,526,55,2008-04-02,873886.48,6827479.33,30,50,418.0,346.0,199.0,33.0,4.0,25.5,8.0,15.1,26.2,1.79,0.011,26.2,0.51,0.468,7.9,,39.9
1,527,55,2007-06-06,889874.91,6827342.07,0,30,401.0,368.0,202.0,27.0,2.0,16.5,5.7,29.1,50.3,2.3,0.005,15.9,0.76,0.391,0.5,,25.0
1,527,55,2007-06-06,889874.91,6827342.07,30,40,549.0,273.0,155.0,21.0,2.0,21.4,5.9,13.9,24.0,1.24,0.005,19.9,0.72,0.339,0.5,,32.1
1,528,54,2007-06-20,905863.37,6827204.64,0,20,563.0,271.0,122.0,32.0,12.0,54.5,7.5,76.5,132.0,5.56,0.011,51.4,1.75,0.462,12.6,,47.8
1,529,54,2008-07-22,921851.89,6827067.03,0,30,387.0,269.0,164.0,125.0,55.0,20.8,8.0,20.3,35.2,2.12,0.022,22.9,0.4,0.287,63.9,,26.9
1,529,54,2008-07-22,921851.89,6827067.03,30,50,385.0,296.0,169.0,98.0,52.0,16.5,8.3,6.54,11.3,0.71,0.015,18.9,0.31,0.25,104.0,,28.2
1,530,54,2008-02-21,937840.31,6826929.23,0,30,458.0,273.0,113.0,60.0,96.0,23.6,7.9,27.7,47.8,2.82,0.052,25.4,0.62,0.85,270.0,,23.0
1,530,54,2008-02-21,937840.31,6826929.23,30,50,388.0,248.0,99.0,98.0,167.0,17.6,8.1,9.47,16.4,1.02,0.005,19.1,0.32,0.388,386.0,,19.1
1,531,54,2008-03-19,953828.7,6826791.27,0,20,613.0,237.0,75.0,43.0,32.0,43.6,7.7,30.1,52.1,3.12,0.056,39.6,6.85,0.816,6.6,,40.5
1,531,54,2008-03-19,953828.7,6826791.27,30,50,614.0,224.0,74.0,44.0,44.0,41.2,8.0,16.4,28.3,1.84,0.011,35.6,10.6,0.645,22.5,,35.7
1,532,54,2008-03-20,969817.1,6826653.14,0,20,533.0,299.0,106.0,23.0,39.0,32.3,7.7,26.4,45.7,2.77,0.069,33.1,0.96,0.712,6.3,,33.7
1,533,54,2008-03-21,985805.47,6826514.8,0,30,174.0,166.0,117.0,484.0,59.0,7.46,5.9,13.1,22.7,1.42,0.023,5.69,0.7,0.218,0.5,,9.8
1,533,54,2008-03-21,985805.47,6826514.8,30,50,214.0,171.0,103.0,441.0,71.0,6.82,6.2,4.43,7.7,0.64,0.005,4.99,0.7,0.205,1.1,,13.4
1,535,67,2006-10-17,1017782.26,6826237.69,0,30,98.0,157.0,82.0,72.0,591.0,7.55,4.1,54.4,94.2,2.04,0.009,0.35,0.08,0.084,0.5,,16.8
1,535,67,2006-10-17,1017782.26,6826237.69,-10,0,,,,,,23.2,3.7,294.0,509.0,13.5,0.113,9.96,1.48,0.64,1.2,,62.8
1,536,67,2005-09-27,1033770.74,6826098.77,0,20,246.0,306.0,323.0,52.0,73.0,15.8,8.3,12.3,21.2,1.18,0.043,14.8,0.97,0.565,106.0,,17.4
1,536,67,2005-09-27,1033770.74,6826098.77,25,50,244.0,326.0,332.0,46.0,52.0,14.7,8.4,8.63,14.9,0.75,0.025,14.6,0.92,0.268,153.0,,17.0
1,537,67,2006-04-21,1049759.16,6825959.63,0,25,282.0,288.0,169.0,212.0,49.0,17.5,8.4,18.8,32.6,1.75,0.02,18.7,0.81,0.361,183.0,,17.2
1,537,67,2006-04-21,1049759.16,6825959.63,30,50,204.0,234.0,187.0,243.0,132.0,12.5,8.5,11.4,19.8,0.88,0.01,14.0,0.56,0.148,209.0,,12.0
1,539,29,2007-01-26,154268.68,6817457.58,0,23,195.0,234.0,250.0,202.0,119.0,7.22,5.9,24.4,42.2,2.14,0.047,6.06,0.79,0.1,0.5,,17.2
1,539,29,2007-01-26,154268.68,6817457.58,25,50,185.0,222.0,248.0,188.0,157.0,4.49,6.2,9.75,16.9,0.88,0.012,3.52,0.37,0.074,0.5,,10.2
1,540,29,2007-03-07,170256.94,6817329.59,0,20,248.0,191.0,195.0,200.0,166.0,7.84,6.3,21.5,37.3,2.11,0.048,6.99,0.63,0.131,0.5,,14.5
1,540,29,2007-03-07,170256.94,6817329.59,24,50,275.0,187.0,179.0,202.0,157.0,5.66,6.2,12.3,21.3,1.23,0.02,4.89,0.55,0.08,0.5,,14.1
1,541,29,2007-03-14,186245.2,6817201.32,0,21,295.0,295.0,219.0,95.0,96.0,6.2,5.7,33.1,57.2,3.21,0.177,4.9,0.62,0.475,0.5,,21.6
1,541,29,2007-03-14,186245.2,6817201.32,27,50,307.0,287.0,204.0,95.0,107.0,3.68,5.7,16.8,29.1,1.71,0.025,1.9,0.28,0.457,0.5,,17.8
1,542,29,2006-03-07,202233.48,6817072.82,0,20,215.0,276.0,306.0,99.0,104.0,5.75,6.0,29.5,51.0,2.82,0.109,4.63,0.45,0.516,0.5,,17.9
1,542,29,2006-03-07,202233.48,6817072.82,27,50,193.0,277.0,321.0,97.0,112.0,3.0,6.0,8.96,15.5,1.01,0.015,1.89,0.19,0.192,1.1,,11.0
1,543,22,2006-11-29,218221.79,6816944.08,0,29,232.0,331.0,200.0,141.0,96.0,11.6,7.2,21.7,37.5,2.39,0.211,10.6,0.77,0.588,0.5,,17.4
1,543,22,2006-11-29,218221.79,6816944.08,30,50,228.0,360.0,180.0,124.0,108.0,7.12,7.0,12.5,21.6,1.43,0.055,6.13,0.49,0.434,0.5,,13.1
1,544,22,2006-03-27,234210.11,6816815.11,0,26,219.0,317.0,250.0,159.0,55.0,7.45,5.9,24.3,42.0,2.49,0.176,6.94,0.67,0.15,0.5,,18.2
1,544,22,2006-03-27,234210.11,6816815.11,32,50,192.0,326.0,242.0,165.0,75.0,4.34,6.2,9.2,15.9,1.04,0.031,3.4,0.38,0.108,0.5,,12.0
1,545,22,2005-10-05,250198.42,6816685.9,0,28,243.0,432.0,164.0,63.0,98.0,6.38,5.7,22.8,39.4,2.78,0.111,5.32,0.59,0.36,0.5,,17.03
1,545,22,2005-10-05,250198.42,6816685.9,31,50,184.0,414.0,171.0,70.0,161.0,4.24,5.7,9.63,16.7,1.51,0.044,3.24,0.41,0.192,0.5,,13.0
1,546,22,2006-10-19,266186.74,6816556.46,0,20,187.0,298.0,340.0,113.0,62.0,9.58,6.4,29.3,50.7,2.65,0.181,9.6,0.95,0.26,0.5,,16.6
1,546,22,2006-10-19,266186.74,6816556.46,26,50,177.0,298.0,341.0,102.0,82.0,3.87,6.1,8.08,14.0,0.78,0.022,3.35,0.35,0.099,0.5,,10.8
1,547,22,2005-05-17,282175.1,6816426.83,0,25,237.0,224.0,181.0,135.0,223.0,7.86,6.31,24.2,42.0,1.93,0.145,6.28,0.882,0.384,1.09,,13.8
1,547,22,2005-05-17,282175.1,6816426.83,30,50,267.0,236.0,151.0,124.0,222.0,4.82,6.31,10.4,18.0,0.702,0.05,3.74,0.5,0.207,0.5,,10.0
1,548,22,2006-10-10,298163.48,6816296.99,0,25,238.0,271.0,204.0,98.0,189.0,6.67,5.7,23.4,40.5,2.39,0.125,6.16,0.67,0.3,0.5,,16.2
1,548,22,2006-10-10,298163.48,6816296.99,32,50,156.0,185.0,128.0,102.0,429.0,4.16,5.7,7.78,13.5,1.05,0.036,2.9,0.47,0.158,0.5,,10.3
1,549,22,2005-10-19,314151.92,6816166.95,0,28,235.0,315.0,213.0,106.0,131.0,8.38,6.9,18.5,32.0,1.82,0.068,8.82,1.14,0.922,1.2,,10.32
1,549,22,2005-10-19,314151.92,6816166.95,32,50,232.0,330.0,177.0,122.0,139.0,4.97,7.0,4.94,8.5,0.52,0.009,4.53,0.64,0.284,2.4,,7.0
1,550,22,2006-10-11,330140.45,6816036.69,0,28,241.0,312.0,173.0,159.0,115.0,6.57,6.0,13.9,24.1,1.51,0.078,5.51,0.48,0.734,0.5,,10.6
1,550,22,2006-10-11,330140.45,6816036.69,32,50,290.0,285.0,135.0,128.0,162.0,5.92,6.7,8.03,13.9,0.89,0.025,5.2,0.53,0.391,0.5,,10.7
1,551,35,2005-06-16,346128.97,6815906.3,0,25,224.0,301.0,231.0,116.0,128.0,3.97,5.49,16.6,28.8,1.63,0.032,2.56,0.531,0.222,0.5,,12.2
1,551,35,2005-06-16,346128.97,6815906.3,30,50,237.0,305.0,222.0,97.0,139.0,3.81,5.41,13.4,23.2,1.38,0.025,2.13,0.561,0.116,0.5,,13.0
1,552,35,2006-06-02,362117.44,6815775.76,0,25,150.0,139.0,115.0,96.0,500.0,6.17,5.7,22.6,39.2,2.2,0.091,3.95,1.19,0.958,0.5,,18.0
1,552,35,2006-06-02,362117.44,6815775.76,30,50,140.0,125.0,109.0,89.0,537.0,4.69,6.0,9.2,15.9,0.97,0.021,2.42,0.84,1.14,0.5,,11.0
1,553,35,2005-04-28,378105.9,6815645.03,0,25,162.0,166.0,370.0,122.0,180.0,7.61,6.64,16.2,28.0,1.58,0.064,6.1,0.67,0.191,0.5,,12.3
1,553,35,2005-04-28,378105.9,6815645.03,30,50,161.0,161.0,367.0,117.0,194.0,6.61,6.26,13.9,24.1,1.39,0.052,5.38,0.518,0.105,0.5,,11.0
1,554,35,2007-02-15,394094.38,6815514.08,0,30,136.0,237.0,366.0,125.0,136.0,8.56,6.3,28.6,49.5,2.81,0.067,8.06,0.5,0.379,0.5,,21.1
1,554,35,2007-02-15,394094.38,6815514.08,30,50,112.0,228.0,346.0,135.0,179.0,4.18,6.2,11.1,19.2,1.09,0.028,3.44,0.2,0.288,0.5,,14.7
1,555,53,2003-04-03,410082.86,6815382.89,0,30,174.0,246.0,429.0,91.0,60.0,5.31,5.1,31.271,,2.863,0.071,4.39,0.594,0.45,0.5,,21.7
1,555,53,2003-04-03,410082.86,6815382.89,30,50,129.0,244.0,494.0,110.0,23.0,3.41,5.28,4.796,,0.426,0.009,1.83,0.665,0.17,0.5,,10.0
1,556,53,2002-12-17,426071.36,6815251.43,0,27,174.0,264.0,390.0,82.0,90.0,8.19,5.78,21.655,,2.199,0.073,5.95,0.513,0.38,0.5,,15.6
1,556,53,2002-12-17,426071.36,6815251.43,30,50,170.0,261.0,392.0,85.0,92.0,6.1,6.26,8.833,,0.898,0.02,4.38,0.3,0.22,1.0,,12.0
1,557,53,2002-12-11,442059.87,6815119.8,0,30,161.0,233.0,200.0,101.0,305.0,9.68,6.23,22.646,,2.344,0.103,7.62,0.703,0.37,1.0,,23.1
1,557,53,2002-12-11,442059.87,6815119.8,35,50,124.0,200.0,158.0,118.0,400.0,6.66,6.05,6.965,,0.719,0.02,4.84,0.396,0.29,1.0,,18.0
1,558,53,2003-01-13,458048.36,6814987.99,0,30,168.0,256.0,205.0,217.0,154.0,6.2,5.61,22.889,,1.976,0.097,4.55,0.261,0.25,0.5,,19.6
1,558,53,2003-01-13,458048.36,6814987.99,30,50,170.0,247.0,191.0,203.0,189.0,4.27,6.09,6.9,,0.624,0.018,3.64,0.129,0.09,0.5,,13.0
1,559,61,2006-06-29,474036.84,6814856.01,0,30,288.0,278.0,206.0,103.0,125.0,6.68,5.0,33.8,58.4,3.14,0.022,4.45,0.89,0.322,0.5,,31.0
1,559,61,2006-06-29,474036.84,6814856.01,30,50,150.0,211.0,239.0,156.0,244.0,4.05,5.6,6.94,12.0,0.58,0.003,2.11,0.64,0.079,0.5,,14.0
1,560,72,2007-06-18,490025.31,6814723.86,0,30,172.0,137.0,122.0,406.0,163.0,5.25,4.2,25.7,44.5,1.26,0.005,0.84,0.41,0.232,0.5,,14.7
1,560,72,2007-06-18,490025.31,6814723.86,30,50,451.0,95.0,71.0,268.0,115.0,11.1,4.4,9.63,16.7,0.57,0.005,1.55,1.66,0.501,0.5,,20.1
1,560,72,2007-06-18,490025.31,6814723.86,-3,0,,,,,,45.0,4.6,402.0,696.0,21.0,0.165,29.0,4.73,2.36,0.5,,71.2
1,561,61,2005-03-31,506013.85,6814591.53,0,20,259.0,158.0,130.0,172.0,281.0,12.6,8.1,17.3,30.0,1.74,0.144,13.0,0.529,0.8,388.0,,12.6
1,561,61,2005-03-31,506013.85,6814591.53,30,50,234.0,137.0,71.0,72.0,486.0,6.09,8.52,3.29,5.68,0.507,0.011,8.47,0.152,0.367,658.0,,10.0
1,562,61,2005-03-08,522002.45,6814458.99,0,20,145.0,273.0,479.0,73.0,30.0,9.24,6.1,10.4,18.0,1.14,0.069,8.16,0.36,0.241,0.5,,13.6
1,562,61,2005-03-08,522002.45,6814458.99,25,50,192.0,284.0,446.0,58.0,20.0,11.2,6.7,4.17,7.2,0.52,0.021,9.72,0.41,0.178,0.5,,16.0
1,563,61,2005-10-26,537991.06,6814326.27,0,23,336.0,272.0,216.0,96.0,80.0,25.6,6.9,18.9,32.6,2.0,0.074,23.6,1.28,0.633,3.5,,31.2
1,563,61,2005-10-26,537991.06,6814326.27,26,50,419.0,244.0,177.0,85.0,75.0,30.8,7.2,8.68,15.0,1.06,0.032,28.6,1.16,0.405,3.7,,33.0
1,564,28,2002-09-24,553979.6,6814193.37,0,25,127.0,216.0,209.0,144.0,306.0,4.98,5.79,9.09,15.6,0.904,0.095,4.1,0.28,0.23,0.5,,9.18
1,564,28,2002-09-24,553979.6,6814193.37,35,55,212.0,198.0,167.0,109.0,315.0,6.32,6.53,2.92,4.95,0.316,0.011,5.14,0.34,0.18,0.5,,13.7
1,565,28,2002-09-13,569968.09,6814060.25,0,25,183.0,311.0,468.0,31.0,9.0,10.16,6.43,11.51,19.4,1.22,0.078,8.86,0.52,0.45,0.5,,14.4
1,565,28,2002-09-13,569968.09,6814060.25,30,50,251.0,310.0,408.0,25.0,6.0,12.71,7.23,4.24,6.88,0.581,0.024,11.36,0.43,0.27,0.5,,19.0
1,566,28,2002-05-21,585956.57,6813926.94,0,25,216.0,296.0,431.0,36.0,23.0,13.98,7.1,12.45,21.0,1.29,0.132,12.8,0.74,0.37,0.5,,21.0
1,566,28,2002-05-21,585956.57,6813926.94,35,50,291.0,288.0,381.0,25.0,16.0,15.83,7.46,6.02,9.82,0.72,0.044,14.54,0.77,0.16,0.5,,31.4
1,567,28,2003-03-26,601945.08,6813793.42,0,25,187.0,313.0,441.0,32.0,29.0,10.23,6.12,10.51,18.4,1.053,0.122,8.56,0.523,0.47,0.5,,15.9
1,567,28,2003-03-26,601945.08,6813793.42,30,55,290.0,302.0,374.0,20.0,15.0,14.97,6.99,4.226,7.36,0.562,0.019,12.75,0.83,0.22,1.0,,26.2
1,568,28,2003-04-14,617933.68,6813659.66,0,20,294.0,266.0,308.0,38.0,95.0,20.7,8.03,15.09,26.0,1.53,0.121,20.28,0.33,0.51,52.0,,23.5
1,568,28,2003-04-14,617933.68,6813659.66,25,40,282.0,242.0,250.0,52.0,175.0,18.0,8.24,11.18,19.3,1.13,0.083,18.96,0.28,0.36,205.0,,21.4
1,569,91,2002-04-10,633922.29,6813525.72,0,30,243.0,319.0,390.0,33.0,15.0,13.84,6.1,12.05,,1.26,0.08,11.68,0.98,0.46,0.5,,19.0
1,569,91,2002-04-10,633922.29,6813525.72,35,50,267.0,328.0,377.0,20.0,8.0,15.83,7.1,5.19,,0.66,0.011,13.55,0.91,0.22,0.5,,22.0
1,570,91,2002-05-07,649910.86,6813391.55,0,20,97.0,155.0,200.0,336.0,212.0,5.61,6.1,7.56,,0.74,0.118,4.12,0.57,0.22,1.0,,6.45
1,570,91,2002-05-07,649910.86,6813391.55,30,50,177.0,170.0,204.0,328.0,121.0,9.4,6.7,2.36,,0.33,0.065,7.58,0.61,0.23,0.5,,13.0
1,571,77,2007-01-23,665899.39,6813257.06,0,30,32.0,19.0,16.0,498.0,435.0,4.08,5.7,13.8,23.9,0.72,0.005,3.63,0.18,0.053,1.4,,6.82
1,571,77,2007-01-23,665899.39,6813257.06,30,50,28.0,26.0,14.0,528.0,404.0,4.33,7.7,5.06,8.8,0.26,0.005,6.82,0.06,0.035,17.8,,6.6
1,571,77,2007-01-23,665899.39,6813257.06,-5,0,,,,,,48.8,4.9,289.0,500.0,13.2,0.092,37.3,4.38,1.74,0.5,,73.2
1,572,77,2002-11-27,681887.93,6813122.38,0,30,91.0,127.0,153.0,373.0,256.0,3.87,4.54,8.862,,0.481,0.004,0.9,0.225,0.08,1.0,,9.22
1,572,77,2002-11-27,681887.93,6813122.38,30,50,203.0,136.0,178.0,330.0,153.0,9.01,5.35,3.613,,0.282,0.001,5.99,0.759,0.16,1.0,,17.0
1,572,77,2002-11-27,681887.93,6813122.38,-6,0,,,,,,16.7,4.4,120.0,208.0,6.39,0.136,11.9,1.87,0.866,0.5,,20.9
1,573,77,2002-09-24,697876.55,6812987.53,10,20,317.0,224.0,231.0,143.0,85.0,21.47,8.16,15.525,,1.58,0.047,20.73,0.507,0.62,69.0,,22.1
1,573,77,2002-09-24,697876.55,6812987.53,30,40,323.0,235.0,217.0,133.0,92.0,19.1,8.3,9.529,,0.945,0.01,19.03,0.293,0.27,169.0,,21.0
1,575,77,2002-09-26,729853.71,6812717.05,10,20,332.0,256.0,303.0,54.0,55.0,24.63,8.15,22.518,,1.912,0.124,24.29,0.404,0.75,61.0,,30.8
1,575,77,2002-09-26,729853.71,6812717.05,35,45,334.0,278.0,298.0,47.0,43.0,23.74,8.28,10.678,,1.065,0.044,23.57,0.309,0.36,79.0,,27.0
1,576,10,2006-09-21,745842.26,6812581.6,0,17,240.0,287.0,353.0,52.0,68.0,14.5,8.0,11.7,20.3,1.15,0.157,15.5,0.5,0.667,10.3,,15.8
1,576,10,2006-09-21,745842.26,6812581.6,24,50,297.0,297.0,289.0,48.0,69.0,17.5,8.1,6.73,11.6,0.72,0.08,18.6,0.47,0.422,5.4,,20.5
1,577,10,2005-10-07,761830.72,6812445.98,0,15,257.0,274.0,131.0,77.0,261.0,18.0,8.2,25.3,43.7,2.14,0.111,18.1,0.56,0.67,720.0,,16.9
1,577,10,2005-10-07,761830.72,6812445.98,20,50,247.0,269.0,110.0,72.0,302.0,14.5,8.2,19.4,33.5,1.58,0.076,15.6,0.42,0.493,770.0,,13.0
1,578,10,2005-10-20,777819.13,6812310.09,0,15,342.0,359.0,157.0,37.0,105.0,15.9,8.1,23.0,39.8,2.16,0.086,16.7,0.62,0.805,689.0,,18.4
1,578,10,2005-10-20,777819.13,6812310.09,20,50,329.0,342.0,133.0,35.0,161.0,14.2,8.3,15.8,27.3,1.6,0.041,15.6,0.46,0.461,725.0,,12.0
1,579,10,2006-10-05,793807.49,6812174.02,0,20,272.0,289.0,143.0,67.0,229.0,16.2,8.3,19.55,33.9,2.01,0.091,17.4,0.5,0.546,657.0,,14.9
1,579,10,2006-10-05,793807.49,6812174.02,20,50,267.0,328.0,133.0,82.0,190.0,8.87,8.5,8.3,14.4,0.89,0.047,11.4,0.16,0.198,783.0,,8.6
1,580,10,2005-10-05,809795.89,6812037.75,0,18,438.0,257.0,241.0,43.0,21.0,29.2,8.1,15.9,27.4,1.75,0.124,28.2,0.68,0.669,8.3,,33.0
1,580,10,2005-10-05,809795.89,6812037.75,23,50,506.0,258.0,188.0,29.0,19.0,32.7,8.2,6.44,11.1,0.88,0.015,30.6,0.71,0.497,43.4,,35.0
1,581,10,2007-01-15,825784.31,6811901.29,0,30,86.0,197.0,246.0,198.0,273.0,2.81,4.6,11.5,20.0,0.64,0.012,0.35,0.14,0.121,0.5,,6.0
1,581,10,2007-01-15,825784.31,6811901.29,30,50,142.0,198.0,219.0,190.0,251.0,3.64,4.8,2.62,4.5,0.21,0.005,0.46,0.24,0.099,0.5,,7.0
1,582,52,2007-10-11,841772.69,6811764.69,0,24,256.0,314.0,243.0,142.0,45.0,19.0,8.0,25.7,44.5,2.65,0.071,20.6,0.62,0.355,61.9,,20.4
1,582,52,2007-10-11,841772.69,6811764.69,29,50,239.0,334.0,222.0,135.0,70.0,14.5,8.2,9.83,17.0,1.12,0.02,16.5,0.5,0.223,92.1,,17.0
1,583,52,2007-01-16,857761.08,6811627.89,0,20,576.0,260.0,120.0,26.0,18.0,43.3,7.7,49.3,85.3,3.63,0.013,43.7,1.23,0.63,32.2,,55.5
1,584,52,2007-09-18,873749.43,6811490.84,0,19,401.0,363.0,186.0,39.0,11.0,24.9,7.9,23.7,40.9,2.32,0.029,26.5,0.57,0.352,14.6,,28.3
1,584,52,2007-09-18,873749.43,6811490.84,22,50,433.0,357.0,141.0,32.0,37.0,22.2,8.1,12.4,21.5,1.28,0.005,23.5,0.55,0.345,134.0,,20.4
1,585,88,2007-06-25,889737.68,6811353.59,0,30,360.0,391.0,189.0,22.0,38.0,31.9,7.7,38.8,67.2,2.65,0.005,34.3,0.44,0.229,70.4,,34.1
1,586,88,2007-06-26,905725.93,6811216.21,0,30,397.0,385.0,198.0,17.0,3.0,22.3,6.6,24.5,42.5,1.67,0.005,21.3,0.88,0.294,2.8,,30.0
1,586,88,2007-06-26,905725.93,6811216.21,30,40,443.0,351.0,165.0,18.0,23.0,27.7,7.7,12.8,22.2,1.07,0.005,29.6,0.65,0.264,43.1,,25.8
1,587,54,2008-07-23,921714.23,6811078.63,0,30,361.0,437.0,159.0,30.0,13.0,7.21,5.2,19.8,34.2,1.72,0.038,4.26,0.75,0.142,0.5,,19.2
1,587,54,2008-07-23,921714.23,6811078.63,30,50,496.0,366.0,113.0,15.0,10.0,10.4,4.9,5.84,10.1,0.71,0.024,3.07,0.97,0.208,0.5,,30.7
1,588,88,2008-03-19,937702.49,6810940.83,0,30,510.0,307.0,125.0,40.0,18.0,26.8,7.9,24.6,42.6,2.46,0.011,17.5,9.51,0.579,153.0,,33.1
1,588,88,2008-03-19,937702.49,6810940.83,30,50,468.0,368.0,112.0,27.0,25.0,18.5,8.3,6.29,10.9,0.73,0.005,13.5,6.55,0.338,239.0,,28.7
1,589,88,2008-05-23,953690.69,6810802.88,0,14,491.0,336.0,110.0,24.0,39.0,28.6,8.0,27.6,47.7,2.97,0.309,26.9,1.28,1.33,27.1,,33.9
1,590,88,2008-05-22,969678.89,6810664.73,0,30,147.0,121.0,66.0,229.0,437.0,8.27,5.5,23.6,40.9,2.11,0.03,6.94,0.72,0.274,0.5,,14.2
1,590,88,2008-05-22,969678.89,6810664.73,30,50,118.0,116.0,68.0,222.0,476.0,5.03,5.8,8.34,14.4,0.79,0.005,4.22,0.27,0.171,0.5,,10.8
1,591,88,2008-04-23,985667.07,6810526.4,0,30,91.0,87.0,45.0,138.0,639.0,4.76,6.1,12.8,22.1,1.27,0.085,4.18,0.51,0.315,0.5,,8.93
1,591,88,2008-04-23,985667.07,6810526.4,30,50,99.0,67.0,37.0,155.0,642.0,3.65,6.0,3.85,6.7,0.48,0.036,2.56,0.22,0.19,0.5,,7.2
1,592,88,2006-10-18,1001655.22,6810387.93,0,30,340.0,274.0,147.0,113.0,126.0,11.7,4.9,28.9,49.9,2.56,0.009,7.6,2.1,0.15,0.5,,27.8
1,592,88,2006-10-18,1001655.22,6810387.93,30,50,238.0,248.0,158.0,126.0,230.0,7.17,5.2,7.79,13.5,0.74,0.004,4.51,1.57,0.074,0.5,,17.9
1,593,67,2006-10-18,1017643.45,6810249.32,0,30,58.0,96.0,62.0,183.0,601.0,2.57,4.6,15.7,27.2,0.62,0.004,0.24,0.04,0.073,0.5,,5.08
1,593,67,2006-10-18,1017643.45,6810249.32,30,50,64.0,105.0,61.0,191.0,579.0,1.22,5.0,8.5,14.7,0.35,0.001,0.07,0.03,0.064,0.5,,5.0
1,593,67,2006-10-18,1017643.45,6810249.32,-6,0,,,,,,17.9,3.8,183.0,317.0,7.14,0.063,5.19,0.93,0.806,1.0,,36.5
1,594,67,2006-10-30,1033631.7,6810110.48,0,25,391.0,364.0,84.0,71.0,90.0,21.1,5.8,23.8,41.2,2.48,0.068,18.0,2.38,0.288,0.5,,32.0
1,594,67,2006-10-30,1033631.7,6810110.48,30,50,360.0,279.0,104.0,117.0,140.0,20.9,6.5,9.14,15.8,0.99,0.011,17.7,2.53,0.155,0.5,,24.8
1,597,29,2007-02-06,138152.78,6801597.18,0,23,155.0,194.0,167.0,104.0,380.0,12.9,6.0,48.0,83.1,3.6,0.105,11.3,0.93,0.361,0.5,,25.2
1,597,29,2007-02-06,138152.78,6801597.18,28,50,100.0,240.0,334.0,96.0,230.0,5.14,5.7,27.4,47.5,1.69,0.015,4.13,0.35,0.173,0.5,,22.3
1,598,29,2007-02-14,154140.76,6801469.41,0,21,79.0,353.0,165.0,231.0,172.0,5.12,5.2,23.8,41.2,2.14,0.141,3.2,0.33,0.438,0.5,,15.77
1,598,29,2007-02-14,154140.76,6801469.41,25,50,235.0,214.0,194.0,201.0,156.0,4.96,5.8,14.4,24.9,1.35,0.045,3.7,0.29,0.268,0.5,,16.5
1,599,29,2006-03-30,170128.75,6801341.41,0,20,190.0,215.0,194.0,91.0,310.0,12.0,6.3,41.0,70.9,3.62,0.196,10.3,0.88,0.298,0.5,,28.2
1,599,29,2006-03-30,170128.75,6801341.41,24,50,121.0,221.0,206.0,79.0,373.0,5.69,6.2,20.6,35.6,1.55,0.025,4.0,0.53,0.206,0.5,,22.0
1,600,29,2006-04-18,186116.77,6801213.16,0,20,204.0,419.0,199.0,71.0,107.0,11.1,6.2,36.8,63.7,3.9,0.132,9.83,0.98,0.511,0.5,,26.8
1,600,29,2006-04-18,186116.77,6801213.16,26,50,148.0,477.0,213.0,60.0,102.0,5.48,5.9,23.5,40.7,2.5,0.032,3.99,0.58,0.178,0.5,,28.0
1,601,56,2006-10-24,202104.82,6801084.66,0,25,204.0,458.0,240.0,58.0,40.0,8.84,6.1,39.8,68.8,3.91,0.138,8.2,0.79,0.468,0.5,,27.4
1,601,56,2006-10-24,202104.82,6801084.66,35,50,157.0,488.0,255.0,60.0,40.0,3.96,6.0,15.3,26.4,1.57,0.017,2.76,0.41,0.252,0.5,,15.7
1,602,56,2005-05-30,218092.88,6800955.9,0,20,182.0,231.0,224.0,134.0,229.0,5.48,5.3,48.9,84.7,3.66,0.166,4.5,0.35,0.125,0.5,,21.2
1,602,56,2005-05-30,218092.88,6800955.9,35,50,257.0,185.0,187.0,113.0,258.0,3.96,5.3,9.88,17.1,0.85,0.023,2.01,0.34,0.054,0.5,,15.0
1,603,56,2007-02-01,234080.97,6800826.91,0,30,134.0,124.0,87.0,87.0,568.0,6.48,4.0,49.1,85.0,2.93,0.035,0.19,0.18,0.155,0.5,,25.9
1,603,56,2007-02-01,234080.97,6800826.91,30,50,104.0,163.0,108.0,84.0,541.0,2.62,4.6,25.5,44.1,1.44,0.025,0.08,0.04,0.06,0.5,,19.7
1,603,56,2007-02-01,234080.97,6800826.91,-9,0,,,,,,24.2,3.7,316.0,546.0,14.7,0.155,4.83,3.13,0.863,0.5,,72.1
1,604,56,2006-02-14,250069.07,6800697.68,0,25,161.0,318.0,299.0,135.0,87.0,3.95,5.4,17.3,29.8,1.71,0.179,2.75,0.22,0.141,0.5,,10.31
1,604,56,2006-02-14,250069.07,6800697.68,35,50,163.0,333.0,292.0,134.0,78.0,2.21,5.2,10.1,17.5,1.1,0.034,1.04,0.11,0.063,0.5,,10.0
1,605,22,2006-03-15,266057.17,6800568.23,0,25,205.0,349.0,249.0,93.0,104.0,9.21,6.4,27.6,47.7,2.91,0.067,7.74,0.92,0.59,0.5,,14.1
1,605,22,2006-03-15,266057.17,6800568.23,30,50,188.0,354.0,238.0,105.0,115.0,4.33,6.6,9.22,15.9,1.2,0.017,3.3,0.44,0.344,0.5,,9.0
1,606,22,2006-12-07,282045.29,6800438.57,0,26,192.0,238.0,277.0,108.0,185.0,4.74,5.5,29.5,51.0,2.83,0.073,2.65,0.44,0.262,1.2,,17.7
1,606,22,2006-12-07,282045.29,6800438.57,31,51,189.0,239.0,290.0,126.0,156.0,3.65,5.5,17.5,30.2,1.66,0.042,1.85,0.26,0.203,0.5,,16.3
1,607,22,2006-04-12,298033.44,6800308.71,0,25,166.0,290.0,413.0,96.0,35.0,6.9,6.2,23.4,40.5,2.26,0.065,5.59,0.92,0.781,0.5,,13.9
1,607,22,2006-04-12,298033.44,6800308.71,29,50,171.0,296.0,402.0,89.0,42.0,3.37,5.7,9.99,17.3,1.09,0.028,1.74,0.35,0.592,0.5,,12.0
1,608,35,2006-10-11,314021.67,6800178.65,0,22,152.0,263.0,475.0,89.0,21.0,5.36,5.7,12.0,20.8,1.23,0.084,4.49,0.71,0.3,0.5,,10.23
1,608,35,2006-10-11,314021.67,6800178.65,28,50,163.0,270.0,468.0,80.0,19.0,3.57,5.4,7.05,12.2,0.81,0.048,2.65,0.25,0.233,0.5,,10.0
1,609,35,2005-11-08,330009.99,6800048.39,0,20,189.0,273.0,407.0,89.0,42.0,7.79,6.1,20.3,35.2,2.16,0.055,6.21,1.37,0.607,1.6,,14.2
1,609,35,2005-11-08,330009.99,6800048.39,25,50,189.0,273.0,408.0,86.0,44.0,5.54,6.1,7.92,13.7,1.03,0.025,3.83,1.29,0.575,2.1,,10.0
1,610,35,2005-03-17,345998.34,6799917.97,0,25,179.0,298.0,416.0,65.0,42.0,5.99,5.88,11.6,20.1,1.36,0.068,3.72,0.558,0.438,1.55,,10.42
1,610,35,2005-03-17,345998.34,6799917.97,30,50,195.0,318.0,367.0,67.0,53.0,5.26,5.53,6.1,10.6,0.915,0.03,3.42,0.728,0.324,1.16,,10.0
1,611,35,2006-10-10,361986.65,6799787.42,0,30,214.0,328.0,186.0,93.0,179.0,2.89,4.3,19.6,34.0,1.42,0.008,0.08,0.12,0.103,0.5,,10.11
1,611,35,2006-10-10,361986.65,6799787.42,30,46,220.0,323.0,196.0,97.0,164.0,2.19,4.5,11.1,19.3,1.04,0.006,0.03,0.08,0.076,0.5,,10.8
1,611,35,2006-10-10,361986.65,6799787.42,-4,0,,,,,,24.4,4.3,395.0,684.0,19.8,0.204,7.98,6.22,1.9,0.5,,79.8
1,612,35,2006-09-29,377974.98,6799656.66,0,25,154.0,234.0,472.0,111.0,29.0,4.31,4.9,13.4,23.2,1.38,0.127,3.02,0.37,0.31,0.5,,11.08
1,612,35,2006-09-29,377974.98,6799656.66,30,50,157.0,234.0,478.0,109.0,22.0,4.74,5.6,8.22,14.2,0.86,0.064,3.53,0.39,0.411,0.5,,9.2
1,613,35,2006-06-15,393963.34,6799525.7,0,30,183.0,288.0,324.0,115.0,90.0,8.05,5.7,20.3,35.1,2.23,0.118,5.99,1.38,0.848,0.5,,18.3
1,613,35,2006-06-15,393963.34,6799525.7,30,50,188.0,286.0,312.0,100.0,114.0,6.46,6.0,8.67,15.0,1.08,0.053,5.14,0.84,0.624,1.2,,14.0
1,614,53,2002-11-25,409951.65,6799394.5,0,27,159.0,253.0,224.0,123.0,241.0,8.69,6.26,16.606,,1.65,0.092,6.05,0.829,0.93,1.0,,12.47
1,614,53,2002-11-25,409951.65,6799394.5,30,50,114.0,205.0,176.0,130.0,375.0,5.71,6.41,6.444,,0.776,0.037,3.74,0.524,0.83,1.0,,13.0
1,615,53,2002-12-06,425939.95,6799263.04,0,30,130.0,210.0,276.0,69.0,315.0,7.95,5.84,15.996,,1.597,0.104,5.44,0.708,0.6,0.5,,11.9
1,616,53,2002-11-19,441928.26,6799131.38,0,30,185.0,199.0,202.0,107.0,307.0,6.43,5.59,14.85,,1.429,0.102,5.02,0.503,0.19,0.5,,11.82
1,616,53,2002-11-19,441928.26,6799131.38,30,50,219.0,193.0,211.0,99.0,278.0,6.88,6.19,5.282,,0.558,0.021,5.29,0.473,0.18,0.5,,14.0
1,617,53,2003-01-28,457916.54,6798999.59,0,30,165.0,204.0,147.0,91.0,393.0,7.15,5.37,23.683,,2.437,0.051,4.86,0.426,0.12,1.0,,25.0
1,617,53,2003-01-28,457916.54,6798999.59,35,50,140.0,184.0,114.0,80.0,482.0,6.24,6.03,10.081,,1.023,0.02,4.34,0.33,0.16,0.5,,15.0
1,618,72,2006-05-17,473904.81,6798867.6,0,30,222.0,249.0,289.0,122.0,118.0,9.47,6.5,16.6,28.6,1.7,0.075,8.55,0.57,0.642,0.5,,13.55
1,618,72,2006-05-17,473904.81,6798867.6,35,50,289.0,202.0,230.0,96.0,183.0,8.47,6.4,9.51,16.5,1.16,0.032,7.39,0.62,0.417,0.5,,16.0
1,619,72,2006-05-18,489893.08,6798735.44,0,18,209.0,227.0,403.0,147.0,14.0,14.3,7.1,14.2,24.6,1.55,0.099,13.5,0.83,0.438,0.5,,17.7
1,619,72,2006-05-18,489893.08,6798735.44,23,50,239.0,231.0,395.0,119.0,16.0,14.3,7.8,9.46,16.4,1.13,0.052,14.4,0.55,0.268,2.1,,18.0
1,620,72,2007-05-03,505881.43,6798603.12,0,30,132.0,136.0,285.0,412.0,35.0,5.55,5.0,20.3,35.1,1.42,0.02,4.34,0.62,0.305,0.5,,10.45
1,620,72,2007-05-03,505881.43,6798603.12,30,50,326.0,153.0,220.0,257.0,44.0,12.2,5.5,6.11,10.6,0.51,0.005,10.4,0.92,0.367,0.5,,17.9
1,621,61,2007-05-03,521869.84,6798470.58,0,20,434.0,200.0,142.0,146.0,78.0,30.0,6.5,20.6,35.7,2.19,0.158,28.4,1.57,1.13,0.5,,40.1
1,621,61,2007-05-03,521869.84,6798470.58,23,50,506.0,175.0,114.0,133.0,72.0,36.4,6.9,8.1,14.0,0.98,0.044,32.8,1.48,0.692,0.5,,47.6
1,622,28,2002-04-30,537858.23,6798337.84,0,25,136.0,282.0,425.0,140.0,18.0,7.63,5.67,9.18,15.9,1.02,0.088,7.03,0.61,0.27,0.5,,14.1
1,622,28,2002-04-30,537858.23,6798337.84,35,55,254.0,281.0,345.0,105.0,16.0,13.84,6.52,2.94,4.9,0.454,0.01,12.83,1.08,0.16,0.5,,30.5
1,623,28,2002-10-01,553846.54,6798204.95,0,25,156.0,348.0,414.0,55.0,28.0,8.38,6.57,12.791,21.9,1.299,0.075,6.25,0.878,0.61,1.0,,12.76
1,623,28,2002-10-01,553846.54,6798204.95,35,55,214.0,338.0,380.0,41.0,28.0,7.94,6.96,3.02,5.42,0.376,0.01,5.61,0.821,0.68,1.0,,17.9
1,624,28,2002-10-08,569834.78,6798071.85,5,25,173.0,335.0,450.0,32.0,12.0,7.72,5.75,8.231,14.5,0.871,0.113,5.93,0.624,0.61,1.0,,13.1
1,624,28,2002-10-08,569834.78,6798071.85,45,60,292.0,324.0,355.0,22.0,8.0,13.25,7.0,2.788,5.04,0.384,0.012,11.29,0.754,0.23,0.5,,29.0
1,625,28,2002-10-04,585823.04,6797938.51,0,25,238.0,340.0,387.0,22.0,14.0,11.92,6.02,11.646,20.1,0.945,0.052,9.58,1.036,0.47,1.0,,19.0
1,625,28,2002-10-04,585823.04,6797938.51,40,55,329.0,299.0,348.0,16.0,9.0,15.89,5.51,4.041,7.13,0.422,0.005,11.71,2.132,0.27,1.0,,27.4
1,626,28,2002-09-03,601811.31,6797804.94,0,30,250.0,321.0,401.0,18.0,11.0,15.39,7.63,11.96,20.7,1.24,0.041,15.47,0.52,0.26,2.0,,21.4
1,626,28,2002-09-03,601811.31,6797804.94,35,50,326.0,306.0,349.0,16.0,5.0,18.04,7.69,5.86,10.1,0.725,0.015,17.29,0.57,0.17,0.5,,33.6
1,627,28,2002-09-27,617799.67,6797671.19,0,25,322.0,290.0,286.0,26.0,78.0,23.16,8.23,16.149,29.2,1.656,0.049,23.56,0.446,0.35,165.0,,30.1
1,627,28,2002-09-27,617799.67,6797671.19,30,50,256.0,327.0,161.0,56.0,201.0,11.48,8.51,7.553,14.4,0.613,0.013,12.34,0.148,0.14,603.0,,14.1
1,628,45,2001-02-21,633788.11,6797537.25,0,20,345.0,279.0,307.0,29.0,42.0,25.05,8.14,15.13,27.5,1.67,0.06,22.83,0.66,0.525,79.0,,29.8
1,628,45,2001-02-21,633788.11,6797537.25,30,50,328.0,263.0,260.0,48.0,103.0,21.53,8.36,9.16,16.8,1.06,0.016,20.14,0.42,0.235,242.0,,24.9
1,629,45,2001-02-01,649776.51,6797403.04,0,30,349.0,245.0,231.0,74.0,103.0,25.05,8.25,16.44,30.3,1.69,0.093,22.75,0.51,0.63,225.0,,28.1
1,629,45,2001-02-01,649776.51,6797403.04,35,50,264.0,204.0,157.0,108.0,268.0,17.12,8.54,7.53,13.8,0.738,0.055,16.42,0.24,0.27,461.0,,17.2
1,630,77,2002-10-07,665764.86,6797268.52,5,25,243.0,300.0,377.0,53.0,27.0,16.1,7.99,9.701,,1.011,0.088,14.98,0.355,0.33,1.0,,20.77
1,630,77,2002-10-07,665764.86,6797268.52,35,50,294.0,299.0,346.0,42.0,19.0,17.21,8.26,4.959,,0.576,0.017,15.92,0.283,0.16,3.0,,36.0
1,631,77,2007-01-24,681753.23,6797133.86,0,30,18.0,76.0,57.0,338.0,511.0,1.51,4.6,6.86,11.9,0.35,0.005,0.37,0.07,0.039,0.5,,4.58
1,631,77,2007-01-24,681753.23,6797133.86,30,50,11.0,82.0,70.0,399.0,438.0,1.71,5.9,1.92,3.3,0.13,0.005,1.19,0.08,0.028,0.5,,4.5
1,631,77,2007-01-24,681753.23,6797133.86,-5,0,,,,,,18.3,4.3,236.0,407.0,9.56,0.067,10.2,1.99,0.746,0.5,,53.9
1,632,77,2002-10-09,697741.64,6796999.01,10,25,181.0,207.0,267.0,172.0,173.0,10.44,8.23,9.215,,0.973,0.056,12.26,0.133,0.17,8.0,,12.22
1,632,77,2002-10-09,697741.64,6796999.01,40,50,259.0,225.0,222.0,152.0,142.0,14.0,8.12,4.264,,0.542,0.029,13.51,0.143,0.18,2.0,,16.0
1,633,89,2007-01-25,713730.0,6796863.88,0,30,613.0,119.0,68.0,101.0,99.0,38.8,7.7,32.8,56.8,2.53,0.005,41.3,1.21,0.27,39.9,,47.6
1,633,89,2007-01-25,713730.0,6796863.88,30,50,548.0,286.0,62.0,52.0,52.0,24.3,8.3,8.96,15.5,0.77,0.005,25.2,0.33,0.169,365.0,,32.7
1,634,89,2005-06-03,729718.35,6796728.59,0,20,331.0,248.0,107.0,108.0,206.0,21.4,8.34,19.0,32.9,1.8,0.1,19.0,0.516,0.511,190.0,,23.23
1,634,89,2005-06-03,729718.35,6796728.59,20,50,325.0,204.0,102.0,104.0,265.0,19.7,8.36,15.2,26.3,1.35,0.052,17.0,0.438,0.251,239.0,,21.0
1,635,89,2005-06-16,745706.7,6796593.17,0,30,282.0,283.0,280.0,74.0,81.0,6.87,5.5,15.7,27.2,1.14,0.017,4.79,0.561,0.179,1.07,,14.3
1,635,89,2005-06-16,745706.7,6796593.17,30,50,316.0,280.0,273.0,63.0,68.0,10.2,5.26,6.2,10.7,0.534,0.007,5.95,0.896,0.133,0.5,,21.0
1,636,10,2004-10-05,761694.99,6796457.55,0,25,312.0,302.0,142.0,60.0,184.0,13.9,8.1,16.0,27.7,1.76,0.0626,14.7,0.242,0.662,689.0,,14.63
1,636,10,2004-10-05,761694.99,6796457.55,30,50,295.0,324.0,136.0,57.0,188.0,9.07,8.3,10.7,18.5,1.12,0.0425,10.9,0.137,0.451,757.0,,9.0
1,637,10,2006-10-18,777683.24,6796321.69,0,17,244.0,370.0,193.0,85.0,108.0,22.1,8.2,32.9,56.8,3.24,0.121,23.5,0.17,0.738,671.0,,22.3
1,637,10,2006-10-18,777683.24,6796321.69,22,50,227.0,393.0,208.0,87.0,85.0,14.2,8.4,17.9,30.9,1.61,0.055,16.4,0.07,0.301,752.0,,11.5
1,638,10,2006-06-13,793671.38,6796185.65,0,30,312.0,259.0,276.0,110.0,43.0,20.2,6.1,18.7,32.3,1.75,0.014,17.2,1.76,0.267,0.5,,28.7
1,638,10,2006-06-13,793671.38,6796185.65,30,50,374.0,258.0,247.0,85.0,36.0,22.5,7.2,5.67,9.8,0.74,0.005,20.1,1.51,0.301,1.2,,39.0
1,639,10,2005-09-13,809659.55,6796049.4,0,20,198.0,87.0,171.0,522.0,22.0,5.66,5.3,12.1,20.9,1.08,0.033,4.99,0.19,0.099,0.5,,11.9
1,639,10,2005-09-13,809659.55,6796049.4,25,50,223.0,39.0,140.0,587.0,11.0,5.34,5.9,2.48,4.2,0.28,0.007,5.0,0.18,0.087,0.5,,11.0
1,640,10,2005-10-12,825647.8,6795912.97,0,17,376.0,359.0,90.0,40.0,135.0,19.1,8.2,17.2,29.7,1.74,0.052,19.5,0.51,0.418,486.0,,20.0
1,640,10,2005-10-12,825647.8,6795912.97,25,50,350.0,383.0,80.0,38.0,149.0,15.6,8.3,13.2,22.8,1.21,0.027,16.7,0.45,0.314,551.0,,14.0
1,641,52,2007-10-18,841635.99,6795776.39,0,25,563.0,258.0,124.0,24.0,31.0,30.8,7.9,30.4,52.6,3.2,0.135,31.4,0.96,0.774,36.8,,38.8
1,641,52,2007-10-18,841635.99,6795776.39,29,50,587.0,262.0,118.0,23.0,10.0,29.3,8.0,19.6,33.9,2.22,0.035,29.5,0.79,0.493,11.8,,38.7
1,642,52,2007-10-02,857624.19,6795639.56,0,20,343.0,310.0,185.0,80.0,82.0,26.5,7.8,43.0,74.5,4.34,0.177,28.5,0.99,0.497,496.0,,24.93
1,642,52,2007-10-02,857624.19,6795639.56,25,50,259.0,297.0,200.0,100.0,144.0,14.4,8.1,14.0,24.3,1.42,0.089,17.2,0.43,0.272,663.0,,12.4
1,643,52,2007-04-12,873612.36,6795502.51,0,20,434.0,359.0,181.0,22.0,4.0,16.9,6.1,16.4,28.4,1.72,0.043,16.2,1.12,0.601,0.5,,25.6
1,643,52,2007-04-12,873612.36,6795502.51,30,50,567.0,279.0,136.0,13.0,5.0,25.1,6.6,5.99,10.4,0.78,0.005,23.3,1.4,0.344,1.3,,31.9
1,644,52,2007-03-06,889600.44,6795365.31,0,30,377.0,401.0,207.0,13.0,2.0,18.0,5.7,29.9,51.8,2.27,0.005,16.8,0.8,0.287,0.5,,27.8
1,644,52,2007-03-06,889600.44,6795365.31,30,50,523.0,301.0,164.0,9.0,3.0,27.5,7.5,12.3,21.2,1.11,0.005,28.2,0.5,0.239,4.7,,37.6
1,645,88,2007-11-16,905588.5,6795227.95,0,30,283.0,335.0,212.0,112.0,58.0,15.5,6.3,24.6,42.6,2.45,0.065,14.3,1.54,0.315,0.5,,25.7
1,645,88,2007-11-16,905588.5,6795227.95,30,50,303.0,328.0,192.0,99.0,78.0,15.5,7.0,8.16,14.1,0.97,0.053,14.5,1.26,0.253,0.5,,25.6
1,646,88,2007-06-26,921576.58,6795090.4,0,30,576.0,250.0,88.0,70.0,16.0,32.1,7.0,29.1,50.3,2.35,0.017,19.6,12.4,0.771,2.8,,33.2
1,647,88,2008-05-19,937564.66,6794952.64,0,15,254.0,539.0,112.0,29.0,66.0,14.1,8.1,16.4,28.4,1.54,0.112,12.1,4.59,0.589,491.0,,19.9
1,647,88,2008-05-19,937564.66,6794952.64,19,50,203.0,595.0,100.0,22.0,80.0,8.89,8.3,12.9,22.3,0.85,0.057,8.88,3.12,0.369,653.0,,14.4
1,648,88,2006-12-21,953552.69,6794814.71,0,30,225.0,375.0,221.0,64.0,115.0,4.43,4.7,13.9,24.1,1.01,0.005,0.41,0.13,0.165,0.5,,11.2
1,648,88,2006-12-21,953552.69,6794814.71,30,50,230.0,373.0,224.0,62.0,111.0,4.55,4.5,7.06,12.2,0.59,0.005,0.61,0.14,0.166,0.5,,11.5
1,649,88,2007-04-26,969540.71,6794676.57,0,30,210.0,210.0,91.0,110.0,379.0,4.18,4.4,25.7,44.5,1.21,0.011,0.07,0.07,0.103,0.5,,17.8
1,649,88,2007-04-26,969540.71,6794676.57,30,50,206.0,218.0,97.0,111.0,368.0,2.85,4.4,13.0,22.5,0.69,0.005,0.03,0.04,0.062,0.5,,10.7
1,650,88,2007-05-24,985528.71,6794538.22,0,30,77.0,68.0,30.0,80.0,745.0,3.84,4.3,18.7,32.4,1.1,0.012,0.2,0.06,0.088,0.5,,6.88
1,650,88,2007-05-24,985528.71,6794538.22,30,50,80.0,78.0,35.0,87.0,720.0,1.7,4.6,7.72,13.4,0.49,0.005,0.03,0.02,0.055,0.5,,3.7
1,651,88,2007-05-22,1001516.65,6794399.73,0,30,120.0,127.0,66.0,64.0,623.0,5.5,4.1,47.7,82.6,3.29,0.105,0.4,0.2,0.129,0.5,,20.2
1,652,68,2006-11-13,1017504.64,6794261.14,0,30,95.0,185.0,84.0,97.0,539.0,3.33,4.6,12.2,21.1,0.75,0.06,0.67,0.14,0.114,0.5,,7.49
1,652,68,2006-11-13,1017504.64,6794261.14,30,50,89.0,167.0,98.0,98.0,548.0,2.7,4.9,3.97,6.9,0.31,0.035,0.71,0.18,0.1,0.5,,5.4
1,653,67,2005-11-22,1033492.68,6794122.36,0,20,363.0,260.0,152.0,126.0,99.0,31.1,8.0,36.7,63.5,3.75,0.057,30.2,1.67,0.637,243.0,,26.7
1,653,67,2005-11-22,1033492.68,6794122.36,25,50,370.0,265.0,141.0,120.0,104.0,28.8,8.1,24.5,42.3,2.41,0.013,27.8,2.08,0.2,269.0,,20.0
1,656,29,2007-02-20,154012.8,6785481.46,0,21,250.0,433.0,167.0,53.0,97.0,13.0,6.6,19.6,33.9,1.74,0.054,4.82,7.52,0.365,0.5,,21.8
1,656,29,2007-02-20,154012.8,6785481.46,23,50,266.0,358.0,121.0,62.0,193.0,16.5,7.1,6.2,10.7,0.57,0.012,2.66,12.3,0.229,0.5,,27.9
1,657,29,2007-02-16,170000.55,6785353.47,0,17,202.0,179.0,150.0,111.0,358.0,9.61,5.5,48.8,84.5,3.63,0.178,8.53,0.67,0.258,0.5,,27.0
1,657,29,2007-02-16,170000.55,6785353.47,19,50,153.0,188.0,144.0,98.0,417.0,7.78,5.8,32.4,56.1,2.01,0.039,6.79,0.61,0.127,0.5,,23.2
1,658,29,2006-04-06,185988.33,6785225.25,0,20,182.0,226.0,240.0,89.0,263.0,10.8,6.2,35.6,61.6,3.22,0.217,8.6,1.08,0.49,0.5,,24.5
1,658,29,2006-04-06,185988.33,6785225.25,25,50,164.0,265.0,254.0,73.0,244.0,5.44,5.8,21.5,37.1,1.84,0.06,3.35,0.65,0.281,0.5,,21.0
1,659,29,2007-01-24,201976.14,6785096.75,0,18,168.0,206.0,212.0,100.0,314.0,12.4,6.0,41.5,71.8,3.64,0.034,10.7,1.48,0.266,0.5,,22.9
1,659,29,2007-01-24,201976.14,6785096.75,22,50,106.0,308.0,228.0,82.0,276.0,5.49,6.2,18.4,31.8,1.6,0.02,4.44,0.66,0.1,0.5,,18.3
1,660,56,2007-01-05,217963.96,6784967.96,0,25,174.0,233.0,249.0,98.0,246.0,7.34,5.6,30.7,53.0,2.65,0.122,5.89,0.75,0.172,0.5,,19.55
1,660,56,2007-01-05,217963.96,6784967.96,30,50,169.0,252.0,255.0,85.0,239.0,5.03,5.4,19.4,33.5,1.65,0.089,3.34,0.45,0.124,0.5,,15.5
1,661,56,2005-04-27,233951.8,6784838.96,0,25,152.0,203.0,220.0,83.0,342.0,7.39,5.65,33.5,57.9,3.06,0.162,4.67,0.858,0.71,0.5,,23.0
1,661,56,2005-04-27,233951.8,6784838.96,32,50,127.0,218.0,206.0,91.0,358.0,3.79,5.86,11.6,20.0,1.1,0.039,2.24,0.372,0.442,0.5,,17.0
1,662,56,2006-02-28,249939.68,6784709.74,0,25,159.0,269.0,294.0,76.0,202.0,7.65,5.6,50.5,87.3,3.77,0.121,6.6,0.4,0.238,0.5,,31.0
1,662,56,2006-02-28,249939.68,6784709.74,30,50,103.0,263.0,308.0,72.0,254.0,3.74,5.7,20.8,36.0,1.55,0.027,2.43,0.19,0.103,0.5,,21.0
1,663,56,2006-03-28,265927.57,6784580.25,0,25,181.0,396.0,226.0,108.0,89.0,8.88,6.7,22.1,38.2,2.16,0.216,6.99,1.05,0.569,0.5,,15.3
1,663,56,2006-03-28,265927.57,6784580.25,30,50,241.0,398.0,196.0,94.0,71.0,3.78,6.4,4.42,7.7,0.84,0.012,2.59,0.82,0.252,0.5,,9.0
1,664,56,2006-10-16,281915.46,6784450.54,0,30,178.0,352.0,324.0,92.0,54.0,2.5,4.5,24.4,42.2,1.18,0.005,0.01,0.12,0.097,0.5,,13.1
1,664,56,2006-10-16,281915.46,6784450.54,30,50,166.0,341.0,336.0,95.0,62.0,1.13,4.6,7.63,13.2,0.63,0.001,0.02,0.04,0.061,0.5,,9.3
1,664,56,2006-10-16,281915.46,6784450.54,-4,0,,,,,,17.4,4.0,333.0,577.0,14.2,0.079,2.32,4.93,1.45,0.5,,64.8
1,665,56,2006-10-18,297903.4,6784320.63,0,25,272.0,316.0,218.0,82.0,112.0,7.22,6.3,18.3,31.7,2.1,0.132,6.38,0.95,0.831,0.5,,12.9
1,665,56,2006-10-18,297903.4,6784320.63,35,50,250.0,297.0,253.0,88.0,112.0,3.92,5.7,10.2,17.7,1.29,0.031,2.66,0.52,0.424,0.5,,9.9
1,666,35,2006-06-28,313891.41,6784190.55,0,25,135.0,227.0,337.0,269.0,32.0,6.14,6.5,14.0,24.3,1.31,0.081,5.07,1.0,0.304,0.5,,11.1
1,666,35,2006-06-28,313891.41,6784190.55,30,50,138.0,215.0,309.0,294.0,44.0,4.95,6.5,8.77,15.2,0.84,0.048,3.6,0.72,0.453,0.5,,10.0
1,667,35,2006-11-03,329879.51,6784060.3,0,23,170.0,284.0,331.0,129.0,86.0,6.88,7.1,15.5,26.7,1.61,0.085,7.69,0.42,0.235,0.5,,9.78
1,667,35,2006-11-03,329879.51,6784060.3,28,50,197.0,277.0,289.0,126.0,111.0,4.69,6.9,6.47,11.2,0.86,0.025,4.41,0.34,0.235,0.5,,8.6
1,668,35,2005-04-17,345867.65,6783929.86,0,20,157.0,164.0,255.0,189.0,235.0,5.0,5.66,14.2,24.6,1.48,0.029,3.65,0.559,0.12,0.5,,10.04
1,668,35,2005-04-17,345867.65,6783929.86,25,50,168.0,162.0,256.0,204.0,210.0,4.47,5.87,8.4,14.5,0.931,0.02,3.45,0.422,0.0505,0.5,,9.0
1,669,35,2005-03-30,361855.8,6783799.25,0,20,217.0,310.0,323.0,96.0,54.0,7.64,6.16,16.7,29.0,1.78,0.04,6.2,0.478,0.234,0.5,,13.2
1,669,35,2005-03-30,361855.8,6783799.25,30,50,212.0,310.0,309.0,96.0,73.0,6.01,5.88,8.82,15.3,1.1,0.012,4.2,0.438,0.0746,0.5,,11.0
1,670,35,2005-11-30,377844.0,6783668.46,0,25,209.0,278.0,408.0,64.0,41.0,8.42,6.3,15.9,27.5,1.66,0.072,7.01,1.24,0.507,0.5,,12.0
1,670,35,2005-11-30,377844.0,6783668.46,30,50,200.0,269.0,414.0,69.0,48.0,7.5,6.4,10.6,18.3,1.17,0.052,6.48,1.03,0.353,1.1,,10.0
1,671,35,2005-04-12,393832.21,6783537.48,0,20,211.0,306.0,324.0,87.0,72.0,11.6,6.18,40.3,69.7,4.07,0.123,8.57,1.43,1.09,0.5,,19.0
1,671,35,2005-04-12,393832.21,6783537.48,25,50,191.0,298.0,373.0,77.0,61.0,6.21,6.09,18.0,31.2,1.82,0.043,4.64,0.826,0.533,0.5,,12.0
1,672,53,2003-01-27,409820.36,6783406.29,0,30,196.0,257.0,272.0,165.0,110.0,8.72,5.54,26.452,,2.534,0.055,6.67,0.63,0.4,0.5,,16.4
1,672,53,2003-01-27,409820.36,6783406.29,30,50,195.0,254.0,294.0,162.0,95.0,7.28,6.37,11.719,,1.125,0.013,5.55,0.29,0.32,0.5,,11.0
1,673,53,2003-01-14,425808.46,6783274.84,0,30,207.0,264.0,351.0,84.0,94.0,12.25,7.75,14.739,,1.659,0.146,10.66,0.43,0.33,4.0,,14.7
1,673,53,2003-01-14,425808.46,6783274.84,30,50,230.0,276.0,337.0,70.0,87.0,9.66,8.07,6.031,,0.827,0.039,8.41,0.275,0.29,2.0,,14.0
1,674,53,2007-05-04,441796.59,6783143.17,0,30,174.0,209.0,196.0,98.0,323.0,3.36,4.4,16.0,27.8,1.18,0.005,0.36,0.17,0.137,0.5,,10.0
1,674,53,2007-05-04,441796.59,6783143.17,30,50,216.0,155.0,139.0,96.0,394.0,4.25,4.6,4.24,7.3,0.51,0.005,0.16,0.24,0.107,0.5,,8.6
1,675,53,2003-01-22,457784.69,6783011.37,0,30,346.0,349.0,200.0,68.0,37.0,15.34,5.89,30.995,,3.438,0.025,12.32,1.427,0.12,1.0,,26.63
1,675,53,2003-01-22,457784.69,6783011.37,30,50,333.0,328.0,203.0,63.0,73.0,11.03,6.95,10.579,,1.383,0.006,8.84,1.103,0.07,0.5,,20.0
1,676,72,2006-05-16,473772.73,6782879.38,0,17,329.0,273.0,290.0,72.0,38.0,24.7,7.87,33.3,57.7,3.4,0.21,22.25,1.31,2.08,32.0,,29.9
1,676,72,2006-05-16,473772.73,6782879.38,22,50,324.0,273.0,303.0,65.0,35.0,19.6,8.3,16.05,27.75,1.77,0.066,18.5,0.87,1.93,27.6,,22.0
1,677,72,2006-04-26,489760.82,6782747.22,0,25,171.0,105.0,250.0,324.0,150.0,9.94,6.6,14.4,24.9,1.5,0.047,9.47,0.8,0.48,0.5,,13.3
1,677,72,2006-04-26,489760.82,6782747.22,30,50,165.0,110.0,244.0,323.0,158.0,7.91,6.8,7.36,12.7,0.83,0.019,7.79,0.65,0.184,0.5,,11.0
1,678,72,2006-05-30,505748.99,6782614.89,0,30,262.0,120.0,67.0,81.0,470.0,23.3,5.6,95.9,166.0,7.41,0.027,21.6,0.79,0.14,0.5,,50.4
1,678,72,2006-05-30,505748.99,6782614.89,30,50,106.0,43.0,38.0,98.0,715.0,12.8,6.3,30.4,52.6,1.9,0.005,12.5,0.38,0.038,0.5,,17.0
1,679,72,2006-06-01,521737.16,6782482.36,0,30,798.0,144.0,13.0,30.0,15.0,63.5,7.2,71.7,124.0,7.37,0.032,56.9,6.6,0.653,0.5,,89.9
1,679,72,2006-06-01,521737.16,6782482.36,35,50,715.0,145.0,27.0,66.0,47.0,47.6,8.1,15.3,26.5,1.79,0.008,45.2,5.15,0.591,5.0,,82.0
1,680,72,2006-05-22,537725.33,6782349.64,0,20,286.0,142.0,145.0,121.0,306.0,21.3,7.0,15.5,26.8,1.63,0.118,19.8,1.6,0.422,0.5,,29.1
1,680,72,2006-05-22,537725.33,6782349.64,25,50,474.0,130.0,98.0,62.0,236.0,32.0,7.2,6.5,11.2,0.69,0.021,28.0,2.74,0.429,0.5,,46.0
1,681,41,2003-11-14,553713.42,6782216.74,0,25,191.0,305.0,358.0,69.0,79.0,8.2,5.42,18.0,31.2,1.84,0.107,6.01,0.94,0.72,0.5,,12.83
1,681,41,2003-11-14,553713.42,6782216.74,30,50,233.0,291.0,317.0,68.0,92.0,9.72,6.22,6.48,11.2,0.748,0.02,7.06,0.95,0.515,0.5,,14.7
1,682,28,2008-04-16,569701.48,6782083.64,0,25,160.0,335.0,436.0,51.0,20.0,9.69,7.22,9.11,15.8,0.941,0.082,8.99,0.5,0.367,1.1,,13.6
1,682,28,2008-04-16,569701.48,6782083.64,30,50,277.0,316.0,359.0,38.0,11.0,14.0,7.14,3.02,5.22,0.441,0.005,11.6,1.42,0.239,0.5,,24.2
1,683,28,2002-09-06,585689.54,6781950.27,0,25,177.0,338.0,391.0,40.0,56.0,9.41,6.93,10.04,17.1,1.07,0.163,8.21,0.96,0.49,2.0,,17.1
1,683,28,2002-09-06,585689.54,6781950.27,30,40,201.0,331.0,361.0,39.0,70.0,9.86,6.89,6.96,11.7,0.791,0.121,8.64,0.92,0.37,0.5,,20.5
1,684,28,2003-04-15,601677.63,6781816.68,0,25,356.0,213.0,163.0,77.0,193.0,26.0,8.08,15.81,27.3,1.68,0.089,25.71,0.73,0.95,206.0,,32.3
1,684,28,2003-04-15,601677.63,6781816.68,30,50,296.0,169.0,84.0,100.0,353.0,20.3,8.33,7.85,13.6,0.786,0.026,20.47,0.48,0.45,505.0,,27.2
1,685,28,2002-09-17,617665.79,6781682.91,0,25,340.0,283.0,271.0,32.0,75.0,20.57,6.92,11.88,20.5,1.293,0.045,17.13,1.311,0.54,0.5,,28.8
1,685,28,2002-09-17,617665.79,6781682.91,40,50,375.0,282.0,262.0,28.0,55.0,21.02,7.28,6.377,11.3,0.802,0.007,18.11,1.243,0.31,1.0,,38.6
1,686,45,2001-02-13,633653.98,6781548.95,0,25,327.0,268.0,295.0,34.0,78.0,22.13,7.71,12.57,22.0,1.41,0.094,21.75,0.67,0.654,3.0,,27.4
1,686,45,2001-02-13,633653.98,6781548.95,35,50,378.0,282.0,275.0,24.0,42.0,24.1,8.14,4.62,8.35,0.643,0.009,24.81,0.667,0.448,27.0,,31.1
1,687,45,2001-02-14,649642.15,6781414.71,0,20,296.0,174.0,154.0,75.0,303.0,22.85,8.27,18.42,33.1,1.96,0.143,21.22,0.53,1.04,317.0,,24.0
1,687,45,2001-02-14,649642.15,6781414.71,20,40,256.0,162.0,98.0,94.0,391.0,14.55,8.47,10.89,21.6,1.004,0.072,13.87,0.29,0.42,630.0,,15.7
1,688,45,2001-02-20,665630.33,6781280.17,0,20,269.0,359.0,111.0,59.0,203.0,25.05,8.33,16.84,30.2,1.76,0.055,23.59,0.59,0.67,541.0,,27.2
1,688,45,2001-02-20,665630.33,6781280.17,30,50,179.0,386.0,72.0,49.0,314.0,14.93,8.58,5.73,11.6,0.64,0.01,14.31,0.22,0.16,636.0,,16.9
1,689,45,2001-06-25,681618.53,6781145.52,0,25,265.0,85.0,44.0,50.0,557.0,31.54,7.08,42.66,73.1,3.71,0.038,29.47,0.75,0.22,2.0,,36.73
1,690,45,2001-04-18,697606.73,6781010.7,0,25,165.0,299.0,372.0,57.0,108.0,11.37,7.07,10.63,18.7,1.08,0.079,8.53,0.83,0.41,2.0,,13.4
1,690,45,2001-04-18,697606.73,6781010.7,35,50,276.0,292.0,311.0,48.0,74.0,14.71,7.84,2.6,4.47,0.384,0.008,11.81,0.69,0.26,2.0,,20.8
1,691,89,2005-07-08,713594.88,6780875.62,0,25,183.0,272.0,266.0,146.0,133.0,8.45,7.1,10.1,17.5,0.97,0.037,7.77,0.31,0.318,0.5,,12.1
1,691,89,2005-07-08,713594.88,6780875.62,30,50,225.0,280.0,258.0,119.0,118.0,7.84,7.4,4.4,7.6,0.5,0.014,7.66,0.22,0.207,0.5,,14.0
1,692,89,2007-02-07,729583.02,6780740.36,0,30,130.0,280.0,268.0,109.0,213.0,3.23,4.7,17.2,29.7,0.95,0.005,0.78,0.25,0.131,0.5,,10.9
1,693,89,2007-02-06,745571.13,6780604.93,0,25,200.0,301.0,193.0,107.0,199.0,3.49,4.6,24.3,42.1,1.6,0.019,0.92,0.36,0.241,0.5,,11.1
1,694,10,2007-02-08,761559.21,6780469.32,0,30,262.0,338.0,200.0,66.0,134.0,4.15,4.8,26.3,45.5,1.59,0.018,1.52,0.29,0.227,0.5,,17.2
1,694,10,2007-02-08,761559.21,6780469.32,30,50,374.0,284.0,181.0,48.0,113.0,5.39,4.6,6.16,10.7,0.53,0.005,0.32,0.2,0.103,0.5,,15.9
1,695,10,2007-04-04,777547.29,6780333.48,0,30,191.0,431.0,320.0,38.0,20.0,5.84,4.7,14.0,24.3,1.01,0.005,1.64,0.54,0.189,0.5,,13.4
1,695,10,2007-04-04,777547.29,6780333.48,30,50,312.0,368.0,270.0,29.0,21.0,11.5,5.0,4.57,7.9,0.45,0.005,4.75,1.85,0.241,0.5,,17.3
1,696,10,2007-02-15,793535.25,6780197.46,0,30,166.0,317.0,235.0,211.0,71.0,3.92,4.6,16.3,28.3,1.14,0.005,0.92,0.32,0.114,0.5,,10.6
1,696,10,2007-02-15,793535.25,6780197.46,30,50,249.0,296.0,212.0,179.0,64.0,5.43,4.9,4.48,7.8,0.37,0.005,1.68,0.97,0.087,0.5,,12.2
1,697,10,2007-04-02,809523.22,6780061.25,0,25,604.0,247.0,135.0,12.0,2.0,42.8,7.0,49.4,85.5,3.84,0.012,39.4,1.34,0.588,2.0,,48.6
1,698,10,2007-04-05,825511.3,6779924.84,0,30,527.0,282.0,158.0,32.0,1.0,26.5,5.8,45.3,78.3,3.55,0.011,24.4,1.05,0.466,0.5,,43.8
1,698,10,2007-04-05,825511.3,6779924.84,30,50,553.0,264.0,152.0,29.0,2.0,23.2,6.0,25.5,44.1,1.96,0.005,21.5,0.87,0.309,0.5,,30.5
1,699,52,2007-05-22,841499.32,6779788.25,0,30,435.0,373.0,95.0,21.0,76.0,29.9,8.1,41.4,71.6,2.87,0.005,31.6,0.92,0.54,431.0,,30.3
1,699,52,2007-05-22,841499.32,6779788.25,30,50,403.0,438.0,78.0,14.0,67.0,15.4,8.4,8.21,14.2,0.87,0.005,18.3,0.44,0.35,573.0,,13.2
1,699,52,2007-05-22,841499.32,6779788.25,-9,0,,,,,,86.1,7.6,204.0,353.0,7.52,0.047,67.1,3.07,1.33,217.0,,60.4
1,700,52,2007-03-08,857487.31,6779651.4,0,25,545.0,279.0,157.0,14.0,5.0,34.5,7.1,48.5,83.9,3.37,0.005,34.8,1.03,0.301,1.7,,54.5
1,701,52,2007-09-11,873475.28,6779514.37,0,27,466.0,422.0,74.0,21.0,17.0,23.2,7.7,21.2,36.7,2.14,0.067,24.1,0.61,0.5,7.2,,28.7
1,701,52,2007-09-11,873475.28,6779514.37,38,50,522.0,317.0,128.0,11.0,22.0,28.6,7.9,11.7,20.3,1.31,0.005,30.1,0.57,0.293,36.3,,32.1
1,702,52,2007-05-04,889463.17,6779377.23,0,30,466.0,313.0,140.0,76.0,5.0,22.9,5.7,40.3,69.8,4.27,0.031,20.4,1.91,0.493,0.5,,34.8
1,702,52,2007-05-04,889463.17,6779377.23,30,50,462.0,301.0,149.0,83.0,5.0,21.1,6.4,18.2,31.5,2.11,0.021,19.4,1.45,0.583,0.5,,24.0
1,703,88,2007-06-14,905451.04,6779239.87,0,30,97.0,103.0,70.0,596.0,134.0,2.1,4.6,9.91,17.1,0.62,0.005,0.31,0.1,0.079,0.5,,5.94
1,703,88,2007-06-14,905451.04,6779239.87,30,50,117.0,103.0,69.0,580.0,131.0,2.17,4.7,4.14,7.2,0.31,0.005,0.21,0.15,0.07,0.5,,5.0
1,704,88,2007-06-11,921438.94,6779102.37,0,30,95.0,142.0,60.0,213.0,490.0,2.53,4.5,18.2,31.4,0.91,0.012,0.08,0.06,0.102,0.5,,7.2
1,705,88,2007-06-13,937426.81,6778964.67,0,30,188.0,173.0,85.0,317.0,237.0,3.74,4.3,19.5,33.7,1.09,0.005,0.06,0.05,0.116,0.5,,13.4
1,705,88,2007-06-13,937426.81,6778964.67,30,50,201.0,176.0,89.0,331.0,203.0,2.91,4.4,10.6,18.3,0.66,0.005,0.03,0.03,0.086,0.5,,9.9
1,706,88,2007-04-25,953414.67,6778826.75,0,30,213.0,217.0,110.0,219.0,241.0,4.5,4.3,20.5,35.5,1.18,0.005,0.11,0.06,0.194,0.5,,16.6
1,706,88,2007-04-25,953414.67,6778826.75,30,50,214.0,227.0,113.0,217.0,229.0,3.29,4.3,11.5,19.9,0.72,0.005,0.05,0.03,0.144,0.5,,9.9
1,707,88,2007-04-24,969402.52,6778688.65,0,30,139.0,145.0,63.0,118.0,535.0,10.0,4.0,101.0,174.0,3.72,0.011,0.56,0.25,0.174,0.5,,27.7
1,707,88,2007-04-24,969402.52,6778688.65,30,50,118.0,151.0,70.0,115.0,546.0,5.01,4.6,75.2,130.0,2.45,0.005,0.13,0.09,0.104,1.2,,30.9
1,707,88,2007-04-24,969402.52,6778688.65,-6,0,,,,,,25.1,3.6,331.0,573.0,15.1,0.055,3.07,1.41,0.636,0.5,,54.8
1,708,88,2007-05-21,985390.31,6778550.32,0,30,136.0,152.0,69.0,89.0,554.0,5.15,4.2,40.4,69.8,2.85,0.016,0.1,0.1,0.124,0.5,,18.8
1,708,88,2007-05-21,985390.31,6778550.32,30,50,113.0,175.0,63.0,95.0,554.0,2.66,4.6,19.9,34.4,1.32,0.021,0.02,0.03,0.057,0.5,,11.8
1,709,68,2006-11-16,1001378.07,6778411.83,0,30,112.0,96.0,41.0,91.0,660.0,6.34,4.2,64.4,111.0,2.81,0.03,0.42,0.27,0.128,0.5,,22.8
1,709,68,2006-11-16,1001378.07,6778411.83,30,50,80.0,79.0,37.0,89.0,715.0,3.61,4.6,45.8,79.2,1.71,0.026,0.14,0.11,0.065,0.5,,19.8
1,709,68,2006-11-16,1001378.07,6778411.83,-11,0,,,,,,10.3,4.2,132.0,228.0,6.88,0.057,3.06,0.99,0.395,0.5,,40.1
1,710,68,2006-11-14,1017365.86,6778273.23,0,30,99.0,262.0,202.0,80.0,357.0,3.69,4.3,34.0,58.7,1.44,0.011,0.48,0.21,0.186,0.5,,12.4
1,711,68,2006-05-23,1033353.68,6778134.48,0,30,149.0,127.0,87.0,245.0,392.0,6.89,6.8,12.9,22.3,1.03,0.172,6.1,0.55,0.795,0.5,,13.9
1,711,68,2006-05-23,1033353.68,6778134.48,30,50,144.0,113.0,93.0,250.0,400.0,6.98,7.2,7.09,12.3,0.73,0.191,6.17,0.48,1.01,1.1,,12.0
1,713,29,2007-03-16,153884.8,6769493.77,0,30,29.0,1.0,8.0,224.0,738.0,3.38,8.6,6.53,11.3,0.66,0.005,5.07,0.34,0.027,322.0,0.046,2.68
1,713,29,2007-03-16,153884.8,6769493.77,30,50,23.0,4.0,4.0,235.0,734.0,1.67,8.9,3.18,5.5,0.27,0.005,3.74,0.21,0.01,337.0,0.046,2.2
1,715,29,2005-06-13,185859.88,6769237.59,0,25,201.0,174.0,144.0,116.0,365.0,11.9,6.0,30.8,53.4,2.99,0.023,6.52,2.94,0.131,0.5,,14.63
1,715,29,2005-06-13,185859.88,6769237.59,25,50,193.0,165.0,145.0,106.0,391.0,9.08,6.4,13.8,24.0,1.39,0.012,4.91,2.6,0.136,0.5,,12.0
1,716,29,2005-04-18,201847.45,6769109.08,0,19,152.0,183.0,201.0,170.0,294.0,7.66,6.12,37.2,64.4,3.21,0.064,6.27,0.533,0.433,0.5,,16.6
1,716,29,2005-04-18,201847.45,6769109.08,23,50,145.0,187.0,200.0,162.0,306.0,4.1,5.93,17.2,29.8,1.47,0.023,3.21,0.321,0.183,0.5,,14.0
1,717,56,2005-04-20,217835.01,6768980.29,0,22,172.0,181.0,170.0,106.0,371.0,3.2,4.87,27.5,47.5,2.33,0.048,1.32,0.414,0.161,0.5,,16.1
1,717,56,2005-04-20,217835.01,6768980.29,30,50,149.0,198.0,203.0,109.0,341.0,2.05,5.16,8.63,14.9,0.785,0.013,0.571,0.194,0.214,0.5,,12.0
1,718,56,2006-03-09,233822.59,6768851.26,0,25,145.0,233.0,238.0,95.0,289.0,5.29,5.4,30.3,52.5,2.59,0.181,3.75,0.74,0.278,0.5,,18.0
1,718,56,2006-03-09,233822.59,6768851.26,30,50,146.0,278.0,257.0,75.0,244.0,2.29,4.9,13.1,22.7,1.14,0.107,0.59,0.14,0.101,0.5,,12.0
1,719,56,2006-05-31,249810.23,6768722.0,0,30,174.0,316.0,292.0,87.0,131.0,3.92,4.6,44.7,77.3,1.98,0.006,0.05,0.11,0.102,0.5,,28.7
1,719,56,2006-05-31,249810.23,6768722.0,30,50,90.0,337.0,349.0,96.0,128.0,1.82,4.7,18.2,31.5,0.98,0.006,0.03,0.04,0.058,0.5,,24.0
1,719,56,2006-05-31,249810.23,6768722.0,-17,0,,,,,,17.1,4.0,267.0,462.0,11.9,0.042,1.06,3.97,0.905,0.5,,60.6
1,720,56,2007-01-03,265797.9,6768592.47,0,25,172.0,219.0,222.0,136.0,251.0,4.82,5.2,23.1,40.0,2.13,0.319,2.74,0.43,0.522,0.5,,17.1
1,720,56,2007-01-03,265797.9,6768592.47,30,50,185.0,208.0,165.0,145.0,297.0,3.18,5.1,9.94,17.2,1.0,0.044,0.86,0.18,0.296,0.5,,13.5
1,721,56,2006-02-09,281785.59,6768462.71,0,25,169.0,200.0,214.0,123.0,294.0,6.72,5.5,36.5,63.1,3.05,0.188,5.67,0.5,0.118,0.5,,16.9
1,721,56,2006-02-09,281785.59,6768462.71,30,50,161.0,218.0,226.0,106.0,289.0,3.84,5.2,20.6,35.6,1.84,0.069,2.08,0.18,0.083,1.0,,13.0
1,722,56,2007-01-25,297773.33,6768332.76,0,25,202.0,482.0,161.0,50.0,105.0,7.7,6.1,22.4,38.7,2.55,0.161,6.47,0.65,0.459,1.1,,14.55
1,722,56,2007-01-25,297773.33,6768332.76,30,50,153.0,483.0,138.0,54.0,172.0,4.12,5.9,7.81,13.5,1.33,0.046,2.39,0.43,0.253,0.5,,11.2
1,723,56,2006-10-04,313761.13,6768202.65,0,25,227.0,317.0,204.0,77.0,175.0,5.92,5.5,21.7,37.5,2.34,0.214,5.62,0.49,0.571,0.5,,13.5
1,723,56,2006-10-04,313761.13,6768202.65,30,50,254.0,337.0,205.0,55.0,149.0,3.92,5.2,11.6,20.1,1.5,0.076,2.27,0.25,0.286,0.5,,12.3
1,724,35,2005-05-26,329749.0,6768072.39,0,20,199.0,259.0,178.0,56.0,308.0,5.32,5.63,22.4,38.8,2.11,0.016,2.7,1.35,0.0834,0.5,,18.8
1,724,35,2005-05-26,329749.0,6768072.39,25,50,191.0,242.0,194.0,60.0,313.0,5.06,5.81,8.96,15.5,0.991,0.008,2.15,1.45,0.0445,0.5,,11.0
1,725,35,2006-09-27,345736.93,6767941.92,0,25,497.0,302.0,91.0,34.0,76.0,10.2,6.0,30.4,52.5,2.94,0.091,8.76,1.12,0.569,0.5,,23.4
1,725,35,2006-09-27,345736.93,6767941.92,30,50,558.0,316.0,62.0,18.0,46.0,7.57,5.6,16.2,28.0,1.84,0.029,5.84,1.49,0.199,0.5,,22.0
1,726,35,2007-04-03,361724.93,6767811.26,0,25,179.0,307.0,380.0,83.0,51.0,6.01,5.8,16.0,27.7,1.62,0.044,3.83,0.91,0.261,0.5,,12.4
1,726,35,2007-04-03,361724.93,6767811.26,30,50,172.0,310.0,369.0,89.0,60.0,4.41,5.9,4.9,8.5,0.6,0.012,2.9,0.35,0.135,0.5,,10.2
1,727,35,2006-12-13,377712.97,6767680.44,0,25,202.0,348.0,242.0,103.0,105.0,8.49,6.3,18.6,32.1,2.08,0.094,6.97,1.02,0.46,0.5,,12.8
1,727,35,2006-12-13,377712.97,6767680.44,30,50,201.0,350.0,222.0,85.0,142.0,5.27,6.3,6.83,11.8,1.01,0.04,3.95,0.88,0.131,0.5,,10.8
1,728,53,2002-12-16,393701.0,6767549.44,0,27,152.0,323.0,157.0,133.0,235.0,8.19,6.04,18.772,,2.032,0.104,6.09,0.605,0.44,0.5,,13.6
1,729,53,2002-11-26,409688.98,6767418.24,0,30,151.0,329.0,370.0,91.0,59.0,6.59,6.03,12.228,,1.375,0.062,5.12,0.425,0.31,0.5,,10.67
1,729,53,2002-11-26,409688.98,6767418.24,30,50,172.0,325.0,390.0,57.0,56.0,5.29,6.31,6.419,,0.78,0.024,3.87,0.386,0.23,0.5,,11.0
1,730,53,2002-12-12,425676.93,6767286.8,0,30,448.0,329.0,95.0,43.0,85.0,13.77,5.88,27.007,,3.051,0.022,11.16,0.977,0.17,1.0,,32.6
1,730,53,2002-12-12,425676.93,6767286.8,30,50,432.0,309.0,90.0,29.0,140.0,11.82,6.26,13.371,,1.811,0.009,9.25,0.726,0.12,1.0,,19.0
1,731,53,2002-11-18,441664.86,6767155.15,0,30,263.0,270.0,210.0,110.0,147.0,9.0,5.95,17.275,,2.038,0.079,6.28,1.164,0.75,0.5,,15.1
1,731,53,2002-11-18,441664.86,6767155.15,35,50,294.0,259.0,155.0,129.0,163.0,8.77,6.76,5.265,,0.959,0.017,5.87,0.925,0.65,0.5,,15.0
1,732,72,2006-04-20,457652.72,6767023.35,0,25,447.0,253.0,136.0,57.0,107.0,31.1,6.4,41.0,70.9,4.46,0.023,29.4,1.32,0.189,0.5,,46.1
1,732,72,2006-04-20,457652.72,6767023.35,30,50,478.0,293.0,143.0,41.0,45.0,29.1,7.4,14.1,24.4,1.68,0.005,27.9,0.74,0.151,0.5,,52.0
1,733,72,2006-04-24,473640.59,6766891.34,0,10,204.0,198.0,406.0,186.0,6.0,13.2,5.8,30.0,51.9,2.77,0.045,11.9,1.15,0.255,0.5,,24.1
1,733,72,2006-04-24,473640.59,6766891.34,15,50,238.0,208.0,382.0,164.0,8.0,11.7,6.6,8.16,14.1,0.98,0.009,11.2,0.51,0.233,0.5,,17.0
1,734,72,2006-06-01,489628.57,6766759.18,0,30,83.0,90.0,113.0,217.0,497.0,3.37,4.3,15.1,26.1,0.76,0.006,0.26,0.17,0.137,0.5,,7.97
1,734,72,2006-06-01,489628.57,6766759.18,30,50,96.0,89.0,115.0,198.0,502.0,3.69,4.4,4.93,8.5,0.3,0.004,0.09,0.09,0.078,0.5,,9.0
1,734,72,2006-06-01,489628.57,6766759.18,-4,0,,,,,,19.4,5.0,189.0,327.0,9.05,0.101,11.2,2.91,1.16,0.5,,43.4
1,735,72,2006-04-25,505616.54,6766626.82,0,30,90.0,24.0,19.0,189.0,678.0,8.76,6.9,9.94,17.2,1.02,0.074,8.16,0.61,0.573,0.5,,10.04
1,735,72,2006-04-25,505616.54,6766626.82,30,50,78.0,21.0,10.0,73.0,818.0,5.83,7.4,2.88,5.0,0.36,0.035,5.79,0.34,0.214,0.5,,6.0
1,736,72,2006-06-02,521604.43,6766494.31,0,30,136.0,170.0,263.0,159.0,272.0,5.53,5.3,7.23,12.5,0.83,0.093,4.22,0.45,0.444,0.5,,11.0
1,736,72,2006-06-02,521604.43,6766494.31,35,50,203.0,181.0,256.0,147.0,213.0,7.29,5.8,3.61,6.3,0.46,0.027,5.94,0.76,0.322,0.5,,16.0
1,737,72,2006-05-23,537592.35,6766361.63,0,30,574.0,298.0,83.0,30.0,15.0,37.2,6.5,39.0,67.5,4.16,0.03,32.9,1.26,0.241,0.5,,50.5
1,737,72,2006-05-23,537592.35,6766361.63,30,50,410.0,216.0,118.0,151.0,105.0,25.9,7.6,14.0,24.2,1.44,0.005,25.3,0.59,0.108,0.5,,41.0
1,738,41,2004-02-19,553580.26,6766228.72,0,25,144.0,326.0,393.0,77.0,61.0,6.29,6.47,9.95,17.3,0.999,0.0856,5.26,0.514,0.262,0.5,,10.7
1,738,41,2004-02-19,553580.26,6766228.72,30,50,237.0,318.0,332.0,65.0,50.0,8.44,6.96,3.52,6.09,0.422,0.0156,6.43,1.04,0.313,0.5,,14.5
1,739,28,2006-12-13,569568.15,6766095.57,0,30,116.0,134.0,231.0,132.0,388.0,7.2,5.96,13.55,23.5,1.09,0.077,5.86,0.56,0.255,0.5,,10.22
1,739,28,2006-12-13,569568.15,6766095.57,30,50,192.0,107.0,189.0,107.0,406.0,10.3,6.7,5.04,8.72,0.497,0.067,8.94,0.6,0.164,0.5,,14.9
1,740,41,2003-12-10,585556.03,6765962.19,0,25,337.0,311.0,300.0,29.0,25.0,24.9,8.15,15.05,26.1,1.58,0.0633,23.7,0.54,0.519,25.5,,27.4
1,740,41,2003-12-10,585556.03,6765962.19,30,50,337.0,315.0,300.0,28.0,21.0,24.1,8.2,8.48,14.65,0.962,0.0357,22.8,0.575,0.328,32.4,,25.4
1,741,45,2000-08-01,601543.96,6765828.6,0,30,306.0,314.0,303.0,37.0,41.0,22.17,7.58,12.67,21.8,1.35,0.053,19.6,0.78,0.35,2.0,,26.5
1,741,45,2000-08-01,601543.96,6765828.6,35,50,399.0,285.0,241.0,33.0,44.0,25.96,8.02,6.1,10.8,0.781,0.008,23.32,0.71,0.31,3.0,,34.0
1,742,45,2000-09-07,617531.92,6765694.82,0,20,145.0,74.0,49.0,129.0,605.0,16.35,8.02,11.49,19.0,1.11,0.183,14.07,0.46,1.19,10.0,,14.2
1,742,45,2000-09-07,617531.92,6765694.82,30,50,191.0,71.0,44.0,124.0,572.0,17.13,8.1,1.93,3.7,0.249,0.036,15.17,0.3,0.42,2.0,,19.0
1,743,45,2000-07-29,633519.89,6765560.82,0,25,80.0,61.0,48.0,132.0,679.0,6.16,6.98,5.21,9.09,0.505,0.084,4.84,0.27,0.27,2.0,,5.6
1,743,45,2000-07-29,633519.89,6765560.82,35,50,276.0,61.0,31.0,97.0,536.0,19.98,7.71,1.73,2.96,0.25,0.025,16.76,1.26,0.71,1.0,,24.7
1,744,45,2007-01-09,649507.83,6765426.57,0,30,100.0,155.0,122.0,142.0,482.0,3.0,4.72,9.27,16.0,0.603,0.005,0.29,0.12,0.119,0.5,,6.77
1,744,45,2007-01-09,649507.83,6765426.57,30,50,206.0,129.0,97.0,119.0,450.0,7.96,4.72,2.63,4.53,0.31,0.005,0.85,0.97,0.19,0.5,,15.0
1,745,45,2000-06-27,665495.81,6765292.04,0,20,401.0,104.0,34.0,115.0,347.0,29.93,7.6,25.15,44.7,2.42,0.078,27.73,0.94,0.43,8.0,,37.1
1,745,45,2000-06-27,665495.81,6765292.04,25,50,498.0,91.0,30.0,91.0,291.0,33.01,8.12,4.61,8.39,0.517,0.006,31.21,0.7,0.41,10.0,,39.8
1,746,45,2001-05-30,681483.83,6765157.39,0,25,159.0,181.0,44.0,103.0,514.0,16.25,8.26,12.92,23.8,1.33,0.052,15.1,0.55,0.57,341.0,,14.7
1,746,45,2001-05-30,681483.83,6765157.39,35,50,173.0,284.0,49.0,91.0,405.0,11.84,8.51,6.6,13.2,0.731,0.033,11.55,0.23,0.31,517.0,,12.4
1,747,45,2007-01-11,697471.82,6765022.63,0,30,152.0,317.0,243.0,83.0,205.0,3.59,4.67,13.25,23.0,0.89,0.005,0.62,0.19,0.132,0.5,,9.71
1,747,45,2007-01-11,697471.82,6765022.63,30,50,197.0,302.0,229.0,77.0,197.0,4.6,4.82,3.52,6.12,0.338,0.005,0.81,0.46,0.079,1.2,,11.0
1,748,89,2004-09-21,713459.78,6764887.61,0,25,215.0,270.0,252.0,93.0,170.0,13.2,8.15,9.84,17.0,1.03,0.0492,14.2,0.264,0.355,20.6,,17.7
1,748,89,2004-09-21,713459.78,6764887.61,30,50,296.0,284.0,236.0,63.0,121.0,16.4,8.18,3.98,6.88,0.48,0.0079,16.8,0.206,0.241,6.2,,21.0
1,749,89,2005-07-22,729447.7,6764752.35,0,25,321.0,172.0,131.0,125.0,251.0,16.6,8.0,19.2,33.2,1.77,0.14,16.3,0.28,0.779,29.9,,16.7
1,750,89,2008-05-20,745435.59,6764616.88,0,30,583.0,268.0,75.0,36.0,38.0,37.8,8.0,26.4,45.6,2.81,0.042,43.4,0.61,0.432,77.6,,49.8
1,750,89,2008-05-20,745435.59,6764616.88,35,50,622.0,267.0,73.0,19.0,19.0,36.1,8.2,16.5,28.5,1.94,0.02,42.6,0.35,0.361,78.6,,51.9
1,751,89,2005-09-29,761423.45,6764481.28,0,21,259.0,223.0,275.0,171.0,72.0,15.1,6.2,14.3,24.7,1.57,0.043,14.0,0.79,0.294,1.8,,20.3
1,751,89,2005-09-29,761423.45,6764481.28,27,50,338.0,224.0,233.0,139.0,66.0,18.8,6.9,8.77,15.2,0.98,0.015,16.5,0.78,0.279,0.5,,25.0
1,752,10,2005-09-20,777411.31,6764345.48,0,20,285.0,248.0,137.0,190.0,140.0,15.4,8.2,16.5,28.6,1.79,0.046,15.5,0.21,0.466,312.0,,17.7
1,752,10,2005-09-20,777411.31,6764345.48,26,50,268.0,283.0,114.0,177.0,158.0,11.9,8.4,6.24,10.8,0.78,0.014,13.0,0.12,0.276,498.0,,12.0
1,753,10,2005-09-14,793399.12,6764209.48,0,15,458.0,319.0,166.0,24.0,33.0,26.6,8.2,20.4,35.4,2.18,0.078,25.8,0.55,0.56,69.4,,31.3
1,753,10,2005-09-14,793399.12,6764209.48,25,50,518.0,291.0,141.0,19.0,31.0,27.8,8.1,14.6,25.2,1.66,0.027,27.4,0.51,0.372,62.7,,29.0
1,754,10,2007-09-20,809386.93,6764073.3,0,20,354.0,334.0,177.0,20.0,115.0,34.4,7.9,53.0,91.7,3.64,0.035,37.6,0.67,0.391,175.0,,37.7
1,754,10,2007-09-20,809386.93,6764073.3,20,30,361.0,307.0,172.0,20.0,140.0,32.6,7.9,47.4,82.0,3.24,0.025,35.8,0.62,0.297,211.0,,26.2
1,755,21,2007-01-04,825374.81,6763936.91,0,30,650.0,261.0,73.0,10.0,6.0,42.5,7.0,44.5,77.0,3.34,0.005,46.6,1.23,0.726,4.4,,53.5
1,756,52,2007-07-18,841362.65,6763800.31,0,23,360.0,373.0,217.0,17.0,33.0,19.2,7.2,13.9,24.1,1.39,0.06,19.0,0.66,0.314,1.4,,20.4
1,756,52,2007-07-18,841362.65,6763800.31,25,50,417.0,304.0,149.0,31.0,99.0,24.0,7.9,8.25,14.3,0.89,0.017,25.8,0.57,0.307,139.0,,24.4
1,758,52,2007-03-13,873338.22,6763526.53,0,30,355.0,291.0,212.0,119.0,23.0,20.2,7.5,27.4,47.4,2.56,0.02,22.7,0.81,0.277,6.8,,29.55
1,758,52,2007-03-13,873338.22,6763526.53,30,50,557.0,288.0,89.0,41.0,25.0,19.4,8.4,6.37,11.0,0.72,0.005,24.1,0.71,0.301,134.0,,27.2
1,759,52,2007-09-25,889325.91,6763389.38,0,15,278.0,364.0,175.0,68.0,115.0,12.7,5.9,16.9,29.2,1.68,0.142,12.4,0.58,0.288,1.4,,22.0
1,759,52,2007-09-25,889325.91,6763389.38,25,50,337.0,348.0,160.0,70.0,85.0,15.6,6.0,10.5,18.2,1.08,0.142,14.8,0.69,0.203,1.3,,24.1
1,760,52,2006-12-13,905313.59,6763252.05,0,30,382.0,415.0,133.0,38.0,32.0,23.7,7.8,30.1,52.1,2.85,0.014,16.8,7.67,0.394,183.0,,33.9
1,760,52,2006-12-13,905313.59,6763252.05,30,50,264.0,521.0,173.0,13.0,29.0,11.7,8.3,12.1,21.0,0.4,0.005,9.6,3.79,0.188,553.0,,13.9
1,761,70,2004-07-12,921301.3,6763114.57,0,30,329.0,406.0,170.0,43.0,52.0,15.3,7.08,19.1,33.0,2.03,0.0117,9.39,4.8,0.246,3.37,,22.0
1,761,70,2004-07-12,921301.3,6763114.57,30,50,525.0,323.0,107.0,21.0,24.0,18.7,7.82,6.74,11.7,0.874,0.0069,10.7,7.34,0.316,31.2,,30.0
1,762,70,2006-12-05,937288.95,6762976.91,0,30,374.0,409.0,133.0,44.0,40.0,17.7,5.6,17.2,29.7,1.53,0.005,11.3,5.53,0.388,1.1,,28.7
1,762,70,2006-12-05,937288.95,6762976.91,30,50,445.0,367.0,91.0,37.0,60.0,21.6,6.8,3.61,6.3,0.62,0.005,13.7,7.3,0.322,0.5,,31.5
1,763,70,2004-07-06,953276.64,6762839.03,0,30,258.0,268.0,175.0,263.0,36.0,8.5,5.95,18.4,31.8,1.78,0.0348,6.18,1.16,0.12,1.67,,17.0
1,763,70,2004-07-06,953276.64,6762839.03,30,50,278.0,259.0,171.0,258.0,34.0,6.59,5.85,12.3,21.2,1.19,0.015,4.84,0.756,0.0883,1.26,,18.0
1,764,70,2006-12-04,969264.32,6762700.96,0,30,104.0,166.0,84.0,166.0,480.0,4.23,4.4,68.6,119.0,2.95,0.294,0.1,0.13,0.129,0.5,,33.3
1,764,70,2006-12-04,969264.32,6762700.96,30,50,81.0,164.0,109.0,183.0,463.0,1.4,4.7,29.0,50.2,1.12,0.16,0.05,0.03,0.039,0.5,,23.9
1,764,70,2006-12-04,969264.32,6762700.96,-10,0,,,,,,17.0,4.1,213.0,368.0,10.5,0.22,2.61,1.26,0.803,0.5,,55.3
1,765,88,2008-05-20,985251.92,6762562.69,0,30,121.0,110.0,54.0,119.0,596.0,2.99,4.7,36.9,63.8,2.93,0.073,0.68,0.26,0.126,0.5,,18.9
1,765,88,2008-05-20,985251.92,6762562.69,30,50,100.0,109.0,49.0,104.0,638.0,1.76,4.8,21.2,36.7,1.61,0.114,0.3,0.11,0.039,0.5,,17.8
1,766,68,2006-11-15,1001239.5,6762424.23,0,30,137.0,108.0,68.0,115.0,572.0,5.44,4.5,34.8,60.1,2.4,0.286,1.83,0.39,0.189,0.5,,22.1
1,767,68,2006-03-28,1017227.11,6762285.61,0,25,150.0,271.0,326.0,107.0,146.0,9.14,8.0,11.1,19.2,0.99,0.096,9.33,0.68,0.209,3.6,,10.58
1,767,68,2006-03-28,1017227.11,6762285.61,30,50,181.0,284.0,315.0,104.0,116.0,8.95,7.5,4.77,8.3,0.57,0.044,7.98,1.03,0.159,1.0,,13.0
1,768,68,2006-04-19,1033214.73,6762146.82,0,25,233.0,141.0,126.0,283.0,217.0,15.0,8.0,17.6,30.4,1.62,0.138,14.8,0.87,0.713,6.4,,17.2
1,768,68,2006-04-19,1033214.73,6762146.82,30,50,,,,,,,,,,,,,,,,,
1,772,56,2006-03-20,217706.03,6752992.91,0,25,141.0,188.0,194.0,120.0,357.0,2.59,4.7,17.0,29.3,1.57,0.2,0.52,0.09,0.333,0.5,,10.0
1,772,56,2006-03-20,217706.03,6752992.91,30,50,169.0,226.0,207.0,100.0,298.0,2.83,4.8,13.6,23.6,1.27,0.067,0.85,0.14,0.28,0.5,,10.0
1,773,56,2006-10-03,233693.32,6752863.84,0,25,146.0,178.0,167.0,136.0,373.0,7.43,5.8,23.0,39.7,2.01,0.143,7.21,0.74,0.253,0.5,,13.2
1,773,56,2006-10-03,233693.32,6752863.84,30,50,137.0,175.0,177.0,145.0,366.0,5.44,5.5,19.0,32.9,1.61,0.067,4.95,0.55,0.152,0.5,,11.4
1,774,56,2006-03-13,249680.7,6752734.47,0,25,177.0,194.0,150.0,100.0,379.0,6.53,5.4,35.6,61.5,2.78,0.12,5.22,0.55,0.293,0.5,,17.8
1,774,56,2006-03-13,249680.7,6752734.47,30,50,164.0,212.0,167.0,75.0,382.0,3.02,5.1,14.3,24.7,1.06,0.026,1.29,0.17,0.065,0.5,,12.0
1,775,56,2007-01-04,265668.15,6752604.88,0,25,164.0,229.0,257.0,107.0,243.0,7.18,5.4,35.4,61.3,2.82,0.185,5.27,0.75,0.283,0.5,,18.2
1,775,56,2007-01-04,265668.15,6752604.88,30,50,169.0,263.0,251.0,82.0,235.0,3.59,5.1,17.7,30.6,1.52,0.045,1.49,0.28,0.122,0.5,,15.0
1,776,56,2006-04-13,281655.63,6752475.1,0,25,159.0,219.0,201.0,140.0,281.0,5.96,5.7,23.1,40.0,2.2,0.086,5.54,0.42,0.195,0.5,,16.7
1,776,56,2006-04-13,281655.63,6752475.1,30,50,184.0,210.0,183.0,150.0,273.0,2.91,5.0,11.8,20.4,1.05,0.069,1.29,0.12,0.115,0.5,,13.0
1,777,56,2007-01-31,297643.18,6752345.09,0,30,190.0,287.0,308.0,54.0,161.0,4.09,4.5,34.1,59.0,2.18,0.005,0.1,0.13,0.097,0.5,,20.1
1,777,56,2007-01-31,297643.18,6752345.09,30,50,172.0,272.0,285.0,64.0,207.0,3.14,4.8,7.2,12.5,0.6,0.005,0.14,0.08,0.061,0.5,,10.9
1,778,56,2006-05-23,313630.8,6752214.93,0,25,186.0,301.0,282.0,158.0,73.0,4.76,5.7,25.2,43.6,2.31,0.052,2.87,0.93,0.868,0.5,,15.1
1,778,56,2006-05-23,313630.8,6752214.93,30,50,206.0,294.0,256.0,148.0,96.0,2.05,5.5,5.6,9.7,0.66,0.01,0.81,0.31,0.413,0.5,,10.0
1,779,35,2006-03-16,329618.45,6752084.63,0,25,171.0,296.0,271.0,105.0,157.0,4.89,5.7,20.2,34.9,1.78,0.064,3.68,0.75,0.153,0.5,,11.2
1,779,35,2006-03-16,329618.45,6752084.63,30,50,188.0,320.0,229.0,119.0,144.0,2.22,5.0,7.66,13.3,0.91,0.033,1.1,0.18,0.093,0.5,,8.0
1,780,35,2005-07-12,345606.21,6751954.14,0,20,338.0,354.0,154.0,57.0,97.0,9.82,6.2,28.4,49.1,2.87,0.023,7.67,1.52,0.387,0.5,,24.2
1,780,35,2005-07-12,345606.21,6751954.14,30,50,331.0,331.0,161.0,72.0,105.0,7.97,5.9,23.9,41.3,2.43,0.014,5.87,1.67,0.228,0.5,,21.0
1,781,44,2007-05-09,361594.07,6751823.46,0,30,195.0,311.0,304.0,116.0,74.0,3.6,4.6,21.4,37.0,0.95,0.005,0.47,0.33,0.086,0.5,,8.6
1,781,44,2007-05-09,361594.07,6751823.46,30,50,325.0,283.0,236.0,92.0,64.0,3.78,4.9,5.08,8.8,0.49,0.005,0.04,1.02,0.071,0.5,,8.7
1,781,44,2007-05-09,361594.07,6751823.46,-5,0,,,,,,20.9,4.2,276.0,478.0,13.5,0.095,5.63,5.84,1.18,0.5,,53.1
1,782,44,2002-12-10,377581.93,6751692.62,0,21,183.0,266.0,335.0,153.0,63.0,7.46,6.13,17.719,,1.667,0.039,5.91,0.564,0.32,0.5,,15.0
1,782,44,2002-12-10,377581.93,6751692.62,30,50,197.0,273.0,302.0,140.0,88.0,5.61,6.61,5.068,,0.568,0.009,3.93,0.383,0.24,0.5,,15.0
1,783,53,2003-01-20,393569.77,6751561.59,0,24,179.0,311.0,346.0,103.0,61.0,5.41,6.02,10.897,,1.07,0.069,3.33,0.405,0.21,0.5,,8.8
1,783,53,2003-01-20,393569.77,6751561.59,27,50,202.0,291.0,321.0,101.0,85.0,5.05,6.03,3.469,,0.435,0.01,2.93,0.5,0.21,1.0,,11.0
1,784,53,2002-12-20,409557.59,6751430.35,0,30,189.0,336.0,217.0,119.0,139.0,9.22,6.95,12.75,,1.582,0.087,7.46,0.592,0.2,1.0,,12.0
1,784,53,2002-12-20,409557.59,6751430.35,30,50,201.0,399.0,132.0,90.0,178.0,7.31,7.46,4.41,,0.857,0.019,5.39,0.578,0.17,0.5,,11.0
1,785,53,2003-01-29,425545.37,6751298.92,0,30,178.0,238.0,170.0,139.0,275.0,8.1,6.86,13.149,,1.418,0.052,6.38,0.501,0.21,0.5,,10.8
1,785,53,2003-01-29,425545.37,6751298.92,30,50,209.0,243.0,147.0,126.0,275.0,5.78,7.44,4.377,,0.603,0.014,4.63,0.371,0.12,1.0,,12.0
1,786,53,2002-12-09,441533.09,6751167.29,0,28,234.0,238.0,174.0,124.0,230.0,11.8,5.49,22.054,,2.383,0.084,8.54,1.307,0.37,0.5,,24.7
1,787,72,2006-06-07,457520.7,6751035.49,0,27,84.0,75.0,63.0,98.0,680.0,6.12,7.0,11.2,19.4,1.14,0.123,6.19,0.55,0.49,0.5,,7.04
1,787,72,2006-06-07,457520.7,6751035.49,32,50,82.0,75.0,61.0,98.0,684.0,5.59,7.6,6.52,11.3,0.69,0.086,6.63,0.53,0.278,1.5,,6.0
1,788,72,2006-04-19,473508.48,6750903.48,0,30,62.0,47.0,27.0,220.0,644.0,5.13,5.7,18.9,32.8,1.75,0.058,5.3,0.34,0.111,0.5,,10.6
1,788,72,2006-04-19,473508.48,6750903.48,35,50,48.0,52.0,48.0,332.0,520.0,2.86,6.0,3.52,6.1,0.37,0.014,1.98,0.14,0.046,0.5,,4.9
1,789,72,2007-03-19,489496.36,6750771.29,0,30,14.0,7.0,8.0,109.0,862.0,1.31,4.1,11.6,20.1,0.22,0.005,0.005,0.03,0.01,0.5,,2.63
1,789,72,2007-03-19,489496.36,6750771.29,30,50,17.0,7.0,7.0,151.0,818.0,0.5,4.8,5.13,8.9,0.09,0.022,0.005,0.01,0.01,0.5,,1.3
1,789,72,2007-03-19,489496.36,6750771.29,-14,0,,,,,,18.6,3.5,278.0,480.0,7.22,0.089,4.51,2.78,0.625,0.5,,48.0
1,790,72,2006-06-06,505484.07,6750638.91,0,30,195.0,240.0,225.0,239.0,101.0,7.31,5.2,26.2,45.3,2.43,0.025,6.14,0.95,0.42,0.5,,17.8
1,790,72,2006-06-06,505484.07,6750638.91,35,50,161.0,205.0,242.0,270.0,122.0,5.54,5.7,7.24,12.5,0.73,0.007,3.67,0.7,0.178,0.5,,12.0
1,791,72,2006-04-10,521471.7,6750506.43,0,23,135.0,322.0,399.0,127.0,17.0,6.11,6.7,8.86,15.3,0.97,0.082,5.52,0.56,0.502,0.5,,10.2
1,791,72,2006-04-10,521471.7,6750506.43,30,50,165.0,326.0,381.0,98.0,30.0,5.59,7.2,5.04,8.7,0.64,0.043,5.41,0.4,0.471,0.5,,8.0
1,792,41,2007-03-15,537459.37,6750373.78,0,30,110.0,295.0,361.0,167.0,68.0,3.57,4.87,16.3,28.2,0.95,0.005,1.29,0.25,0.11,0.5,,6.59
1,792,41,2007-03-15,537459.37,6750373.78,30,50,158.0,270.0,321.0,189.0,63.0,3.99,5.29,4.34,7.5,0.309,0.005,2.15,0.44,0.065,0.5,,7.54
1,793,41,2007-03-14,553447.07,6750240.85,0,30,132.0,345.0,401.0,56.0,68.0,3.75,4.46,14.95,25.9,0.734,0.005,0.23,0.15,0.081,0.5,,11.2
1,793,41,2007-03-14,553447.07,6750240.85,30,50,211.0,298.0,366.0,60.0,67.0,5.71,4.49,3.77,6.52,0.291,0.005,0.11,0.34,0.121,0.5,,12.9
1,793,41,2007-03-14,553447.07,6750240.85,-5,0,,,,,,25.6,4.3,289.0,500.0,11.5,0.052,13.2,2.76,0.881,0.5,,54.0
1,794,41,2003-10-24,569434.79,6750107.65,0,30,182.0,304.0,338.0,69.0,108.0,7.52,6.13,11.195,19.5,1.098,0.097,7.48,0.641,0.45,1.0,,14.3
1,794,41,2003-10-24,569434.79,6750107.65,35,50,231.0,287.0,311.0,61.0,111.0,8.34,6.72,5.319,9.33,0.609,0.04,8.35,0.709,0.35,2.0,,17.2
1,795,41,2007-05-23,585422.52,6749974.27,0,30,178.0,377.0,352.0,49.0,45.0,5.29,4.26,24.15,41.8,1.17,0.005,0.22,0.23,0.134,0.5,,14.7
1,795,41,2007-05-23,585422.52,6749974.27,30,50,275.0,321.0,314.0,46.0,45.0,8.13,4.5,4.57,7.91,0.362,0.005,0.13,0.84,0.142,0.5,,16.8
1,796,45,2000-09-27,601410.26,6749840.71,0,25,172.0,181.0,226.0,93.0,330.0,11.59,7.3,8.94,15.4,0.952,0.064,9.98,0.71,0.37,3.0,,12.5
1,796,45,2000-09-27,601410.26,6749840.71,30,50,346.0,218.0,234.0,61.0,142.0,18.25,7.58,4.29,7.68,0.59,0.006,16.65,1.34,0.33,2.0,,26.7
1,797,45,2001-05-22,617398.03,6749706.9,0,20,72.0,114.0,75.0,116.0,624.0,2.66,5.99,5.02,8.38,0.482,0.126,1.66,0.24,0.29,0.5,,5.45
1,797,45,2001-05-22,617398.03,6749706.9,25,50,70.0,112.0,69.0,100.0,650.0,2.88,6.03,3.84,6.31,0.4,0.103,1.81,0.29,0.32,0.5,,5.2
1,798,45,2001-03-06,633385.79,6749572.89,0,25,171.0,221.0,149.0,239.0,222.0,9.24,6.19,9.11,15.5,0.996,0.091,6.93,1.49,0.43,0.5,,14.3
1,798,45,2001-03-06,633385.79,6749572.89,40,50,241.0,260.0,118.0,171.0,212.0,12.93,6.76,5.2,9.13,0.653,0.054,9.62,2.36,0.2,2.0,,18.6
1,799,45,2001-05-28,649373.52,6749438.66,0,20,59.0,71.0,53.0,108.0,710.0,1.43,4.77,6.48,11.1,0.596,0.127,0.45,0.08,0.24,0.5,,4.81
1,799,45,2001-05-28,649373.52,6749438.66,35,50,67.0,86.0,59.0,97.0,693.0,1.4,4.89,3.44,5.7,0.384,0.081,0.42,0.05,0.15,0.5,,4.08
1,800,45,2000-09-20,665361.29,6749304.16,0,30,55.0,70.0,64.0,166.0,647.0,2.66,6.1,4.88,8.25,0.5,0.108,1.99,0.34,0.31,0.5,,4.73
1,800,45,2000-09-20,665361.29,6749304.16,40,50,68.0,94.0,84.0,234.0,521.0,2.43,6.47,1.19,1.97,0.184,0.068,1.66,0.31,0.34,0.5,,3.97
1,801,45,2001-07-11,681349.13,6749169.48,0,25,218.0,106.0,71.0,69.0,537.0,21.87,7.67,24.5,42.3,1.91,0.015,22.89,0.57,0.21,29.0,,24.6
1,801,45,2001-07-11,681349.13,6749169.48,25,50,204.0,136.0,77.0,76.0,508.0,16.46,8.28,9.05,15.65,0.774,0.006,17.17,0.3,0.13,64.0,,16.8
1,802,45,2001-04-20,697336.91,6749034.74,0,20,261.0,278.0,239.0,68.0,155.0,11.84,6.92,9.28,16.2,0.97,0.038,10.5,0.69,0.35,0.5,,18.8
1,802,45,2001-04-20,697336.91,6749034.74,35,50,312.0,270.0,227.0,62.0,130.0,12.93,7.29,2.23,3.72,0.374,0.006,11.71,0.63,0.24,0.5,,20.6
1,803,89,2005-10-14,713324.66,6748899.78,0,22,146.0,388.0,360.0,53.0,53.0,8.04,7.0,9.6,16.6,1.05,0.083,7.18,0.77,0.478,0.5,,11.6
1,803,89,2005-10-14,713324.66,6748899.78,30,50,221.0,374.0,325.0,44.0,36.0,8.86,7.1,3.43,5.9,0.46,0.025,7.49,0.89,0.427,0.5,,14.0
1,804,89,2005-09-15,729312.37,6748764.51,0,20,327.0,129.0,97.0,115.0,332.0,19.4,8.0,10.7,18.5,1.17,0.07,18.1,0.56,0.512,40.9,,23.4
1,804,89,2005-09-15,729312.37,6748764.51,25,50,350.0,137.0,98.0,102.0,313.0,20.1,8.3,6.99,12.1,0.8,0.03,20.0,0.43,0.289,62.5,,24.0
1,805,89,2007-04-03,745300.06,6748629.03,0,30,232.0,289.0,188.0,245.0,46.0,5.11,4.2,13.8,23.8,0.59,0.005,0.27,0.19,0.113,0.5,,13.2
1,805,89,2007-04-03,745300.06,6748629.03,30,50,391.0,234.0,154.0,186.0,35.0,9.41,4.3,7.23,12.5,0.48,0.005,0.81,0.59,0.191,0.5,,18.6
1,805,89,2007-04-03,745300.06,6748629.03,-4,0,,,,,,44.0,4.9,317.0,549.0,16.5,0.106,32.2,5.06,1.79,1.4,,72.5
1,806,89,2005-09-08,761287.73,6748493.45,0,20,427.0,293.0,124.0,35.0,121.0,28.7,8.0,28.2,48.8,2.86,0.115,28.0,1.04,0.819,249.0,,31.9
1,806,89,2005-09-08,761287.73,6748493.45,25,33,405.0,286.0,132.0,42.0,135.0,26.6,8.1,22.7,39.2,2.39,0.079,25.5,0.84,0.683,300.0,,25.0
1,807,89,2007-02-13,777275.35,6748357.68,0,30,359.0,371.0,249.0,19.0,2.0,17.1,5.4,26.1,45.1,1.47,0.005,14.2,0.75,0.237,0.5,,39.1
1,807,89,2007-02-13,777275.35,6748357.68,30,40,548.0,266.0,175.0,10.0,1.0,25.9,6.0,6.9,11.9,0.52,0.005,23.3,0.74,0.312,0.5,,42.1
1,808,89,2007-02-12,793262.99,6748221.7,0,30,346.0,328.0,223.0,29.0,74.0,13.3,5.3,25.2,43.6,1.81,0.012,10.7,0.64,0.235,0.5,,32.1
1,809,21,2008-07-22,809250.63,6748085.53,0,25,289.0,421.0,268.0,14.0,8.0,9.84,5.8,12.6,21.8,1.29,0.046,8.73,0.69,0.227,0.5,,24.1
1,809,21,2008-07-22,809250.63,6748085.53,30,50,504.0,309.0,173.0,8.0,6.0,18.2,6.2,7.07,12.2,0.85,0.012,16.3,0.94,0.265,1.9,,44.8
1,810,21,2007-01-08,825238.29,6747949.17,0,30,450.0,344.0,165.0,11.0,30.0,37.8,7.7,42.6,73.7,2.97,0.011,42.3,0.78,0.299,41.2,,43.9
1,810,21,2007-01-08,825238.29,6747949.17,30,50,331.0,362.0,152.0,31.0,124.0,26.8,8.3,22.0,38.0,1.88,0.005,27.9,0.26,0.164,211.0,,30.9
1,811,21,2007-01-03,841225.97,6747812.61,0,30,190.0,295.0,111.0,36.0,368.0,33.1,8.0,55.2,95.6,3.76,0.015,36.3,0.44,0.108,460.0,,30.5
1,812,52,2007-01-05,857213.57,6747675.85,0,30,432.0,388.0,169.0,9.0,2.0,23.4,6.4,27.7,48.0,1.95,0.005,21.6,0.94,0.318,0.5,,35.0
1,812,52,2007-01-05,857213.57,6747675.85,30,50,499.0,343.0,141.0,8.0,9.0,27.6,7.9,9.96,17.2,0.84,0.005,29.4,0.5,0.195,30.1,,36.7
1,813,52,2007-08-14,873201.11,6747538.94,0,20,376.0,335.0,180.0,37.0,72.0,23.8,7.9,23.5,40.6,2.35,0.069,24.3,0.36,0.855,93.2,,27.6
1,813,52,2007-08-14,873201.11,6747538.94,24,50,328.0,332.0,159.0,49.0,132.0,20.8,8.1,12.9,22.4,1.47,0.019,21.8,0.28,0.428,185.0,,21.5
1,814,52,2007-03-27,889188.62,6747401.81,0,30,335.0,376.0,199.0,46.0,44.0,12.3,5.5,22.6,39.0,2.16,0.022,10.1,1.69,0.219,0.5,,27.0
1,814,52,2007-03-27,889188.62,6747401.81,30,50,553.0,262.0,108.0,29.0,48.0,22.9,6.2,6.25,10.8,0.75,0.03,19.3,3.25,0.256,0.5,,38.4
1,815,70,2004-09-09,905176.13,6747264.48,0,20,477.0,258.0,96.0,119.0,50.0,31.6,7.75,33.1,57.3,3.34,0.115,30.5,1.23,0.491,7.07,,41.0
1,816,70,2004-06-30,921163.62,6747127.0,0,25,348.0,367.0,183.0,27.0,75.0,16.5,5.95,24.8,42.9,2.41,0.0321,13.8,1.29,0.286,0.5,,35.3
1,816,70,2004-06-30,921163.62,6747127.0,25,50,443.0,340.0,152.0,29.0,36.0,19.3,6.66,7.88,13.6,0.926,0.0307,15.8,1.28,0.258,0.5,,34.0
1,817,70,2006-12-07,937151.1,6746989.35,0,30,303.0,413.0,167.0,57.0,60.0,12.4,5.8,20.2,35.0,1.8,0.011,7.67,4.3,0.393,0.5,,25.0
1,817,70,2006-12-07,937151.1,6746989.35,30,50,398.0,355.0,123.0,45.0,79.0,18.4,6.7,3.57,6.2,0.6,0.005,10.6,7.29,0.327,1.1,,27.6
1,818,70,2006-12-05,953138.61,6746851.5,0,30,189.0,348.0,215.0,155.0,93.0,3.38,4.4,23.2,40.2,1.5,0.005,0.2,0.12,0.129,1.1,,15.2
1,818,70,2006-12-05,953138.61,6746851.5,30,50,198.0,356.0,204.0,154.0,88.0,2.91,4.5,9.81,17.0,0.72,0.005,0.08,0.06,0.083,0.5,,12.0
1,819,70,2006-11-30,969126.12,6746713.46,0,30,260.0,169.0,54.0,72.0,445.0,6.46,4.7,52.5,90.9,3.47,0.014,0.99,0.81,0.218,0.5,,32.6
1,819,70,2006-11-30,969126.12,6746713.46,30,50,286.0,194.0,64.0,83.0,373.0,4.38,4.7,22.8,39.4,1.66,0.005,0.28,0.42,0.095,1.0,,22.2
1,820,90,2006-11-22,985113.55,6746575.24,0,30,378.0,308.0,87.0,49.0,178.0,8.16,4.4,140.0,242.0,6.94,0.013,0.1,0.24,0.286,1.1,,44.6
1,820,90,2006-11-22,985113.55,6746575.24,-10,0,,,,,,23.0,3.9,327.0,566.0,16.0,0.062,2.49,1.45,1.13,0.5,,71.7
1,821,68,2006-10-23,1001100.95,6746436.81,0,30,252.0,398.0,205.0,43.0,102.0,4.72,4.9,29.7,51.4,1.89,0.012,0.13,0.15,0.11,3.0,,20.6
1,821,68,2006-10-23,1001100.95,6746436.81,30,50,250.0,394.0,212.0,43.0,101.0,4.59,4.7,7.01,12.1,0.54,0.005,0.08,0.09,0.064,0.5,,14.3
1,822,68,2006-10-23,1017088.38,6746298.19,0,20,168.0,152.0,145.0,303.0,232.0,14.3,7.4,17.4,30.2,1.64,0.118,13.7,1.28,0.404,1.7,,16.2
1,822,68,2006-10-23,1017088.38,6746298.19,25,50,190.0,191.0,162.0,240.0,217.0,14.0,7.2,10.2,17.6,1.04,0.027,12.8,1.46,0.136,0.5,,14.3
1,823,68,2006-11-21,1033075.82,6746159.38,0,30,161.0,158.0,151.0,318.0,212.0,6.14,5.6,14.6,25.2,1.04,0.005,5.34,0.71,0.115,0.5,,13.3
1,823,68,2006-11-21,1033075.82,6746159.38,30,50,224.0,143.0,141.0,293.0,199.0,8.29,5.3,4.86,8.4,0.39,0.005,5.91,1.1,0.122,0.5,,14.8
1,826,56,2006-10-09,249551.13,6736747.2,0,20,120.0,158.0,132.0,145.0,445.0,4.27,5.2,15.1,26.1,1.48,0.058,2.5,0.35,0.497,0.5,,8.91
1,826,56,2006-10-09,249551.13,6736747.2,30,50,147.0,167.0,130.0,120.0,436.0,5.33,6.1,10.4,18.0,1.03,0.012,4.7,0.89,0.337,0.5,,8.8
1,827,56,2006-05-16,265538.34,6736617.53,0,25,135.0,139.0,98.0,82.0,546.0,5.03,5.4,23.1,40.0,2.21,0.028,3.51,1.21,0.323,0.5,,12.0
1,827,56,2006-05-16,265538.34,6736617.53,30,40,207.0,183.0,119.0,107.0,384.0,5.62,6.0,11.2,19.3,1.05,0.012,4.23,1.18,0.455,0.5,,14.0
1,828,56,2005-03-29,281525.55,6736487.67,0,25,144.0,224.0,205.0,105.0,322.0,7.18,6.46,19.2,33.1,1.59,0.078,5.66,0.443,0.326,0.5,,9.42
1,828,56,2005-03-29,281525.55,6736487.67,35,50,178.0,229.0,203.0,74.0,316.0,5.25,6.83,2.9,5.02,0.311,0.008,2.94,1.29,0.122,0.5,,7.0
1,829,56,2007-01-16,297512.91,6736357.6,0,25,222.0,223.0,158.0,127.0,270.0,6.85,6.2,25.4,43.9,1.97,0.087,5.82,0.4,0.341,0.5,,17.1
1,829,56,2007-01-16,297512.91,6736357.6,30,50,193.0,209.0,139.0,130.0,329.0,2.78,5.8,8.36,14.5,0.79,0.02,1.56,0.16,0.198,0.5,,11.6
1,830,56,2006-10-17,313500.38,6736227.37,0,25,147.0,299.0,291.0,120.0,143.0,5.9,6.4,20.2,34.9,1.55,0.092,5.51,0.69,0.407,0.5,,8.93
1,830,56,2006-10-17,313500.38,6736227.37,30,50,124.0,296.0,260.0,127.0,193.0,3.12,6.5,7.25,12.5,0.59,0.017,2.37,0.4,0.316,0.5,,7.4
1,831,44,2003-01-23,329487.89,6736097.01,5,30,183.0,295.0,275.0,172.0,75.0,4.31,5.79,18.292,,1.448,0.03,3.34,0.269,0.08,0.5,,16.9
1,831,44,2003-01-23,329487.89,6736097.01,35,50,167.0,287.0,276.0,186.0,84.0,2.33,5.76,5.48,,0.5,0.009,1.34,0.19,0.08,1.0,,16.0
1,832,44,2003-02-13,345475.5,6735966.51,0,30,178.0,271.0,182.0,187.0,182.0,6.55,5.55,28.189,,2.207,0.134,4.53,0.613,0.72,0.5,,17.3
1,832,44,2003-02-13,345475.5,6735966.51,30,50,181.0,288.0,165.0,171.0,195.0,1.07,5.96,5.918,,0.641,0.021,1.38,0.318,0.41,0.5,,9.0
1,833,44,2003-01-14,361463.21,6735835.86,0,25,172.0,296.0,182.0,149.0,201.0,5.93,5.1,33.41,,2.646,0.141,4.3,0.435,0.28,1.0,,17.8
1,833,44,2003-01-14,361463.21,6735835.86,30,50,207.0,334.0,160.0,122.0,177.0,1.4,5.45,7.328,,0.813,0.016,1.74,0.323,0.15,0.5,,12.0
1,834,44,2003-02-19,377450.89,6735705.0,0,25,230.0,273.0,152.0,95.0,250.0,12.92,6.46,23.93,,2.66,0.057,10.84,0.741,0.36,0.5,,20.4
1,835,49,2003-02-07,393438.55,6735573.94,0,30,151.0,316.0,339.0,91.0,103.0,5.85,5.81,13.23,,1.291,0.033,4.74,0.362,0.21,0.5,,11.3
1,835,49,2003-02-07,393438.55,6735573.94,35,50,162.0,324.0,339.0,82.0,93.0,4.22,6.51,3.909,,0.449,0.009,3.08,0.3,0.14,1.0,,10.0
1,836,49,2002-12-18,409426.22,6735442.67,0,20,154.0,355.0,165.0,130.0,196.0,5.08,5.03,15.859,,1.932,0.051,4.3,0.563,0.4,0.5,,11.03
1,836,49,2002-12-18,409426.22,6735442.67,30,40,179.0,354.0,158.0,118.0,191.0,4.42,6.25,4.776,,0.859,0.013,3.4,0.401,0.18,1.0,,11.0
1,837,49,2002-10-08,425413.81,6735311.22,0,26,138.0,216.0,170.0,137.0,339.0,6.74,5.85,13.791,,1.451,0.057,4.72,0.728,0.18,1.0,,9.0
1,837,49,2002-10-08,425413.81,6735311.22,30,50,157.0,232.0,150.0,91.0,370.0,6.59,6.86,5.909,,0.786,0.019,4.43,0.802,0.09,1.0,,7.0
1,838,49,2002-11-29,441401.3,6735179.59,0,30,102.0,50.0,40.0,440.0,368.0,7.11,6.64,7.076,,0.749,0.082,4.75,0.736,0.45,0.5,,8.28
1,838,49,2002-11-29,441401.3,6735179.59,30,50,144.0,52.0,46.0,442.0,316.0,9.0,6.76,3.77,,0.514,0.031,6.4,0.818,0.5,0.5,,14.0
1,839,49,2003-03-27,457388.79,6735047.77,0,20,37.0,40.0,31.0,78.0,814.0,2.5,6.31,6.613,,0.617,0.058,2.79,0.225,0.21,1.0,,4.16
1,839,49,2003-03-27,457388.79,6735047.77,25,35,43.0,48.0,45.0,102.0,762.0,2.31,6.21,4.03,,0.4,0.053,2.1,0.143,0.12,0.5,,3.0
1,840,72,2007-03-20,473376.46,6734915.77,0,30,28.0,36.0,25.0,155.0,756.0,1.77,4.4,8.77,15.2,0.32,0.005,0.27,0.13,0.048,0.5,,2.43
1,840,72,2007-03-20,473376.46,6734915.77,30,50,33.0,31.0,25.0,173.0,738.0,1.06,5.0,2.24,3.9,0.11,0.005,0.03,0.02,0.029,0.5,,1.3
1,840,72,2007-03-20,473376.46,6734915.77,-3,0,,,,,,27.2,4.7,299.0,517.0,9.85,0.088,17.7,4.65,1.21,0.5,,56.5
1,841,72,2007-03-22,489364.14,6734783.54,0,30,38.0,83.0,91.0,229.0,559.0,2.03,4.0,13.8,23.9,0.56,0.005,0.26,0.13,0.079,0.5,,6.04
1,841,72,2007-03-22,489364.14,6734783.54,30,50,43.0,80.0,94.0,200.0,583.0,0.5,4.6,5.5,9.5,0.25,0.005,0.08,0.03,0.035,0.5,,4.3
1,842,72,2006-04-11,505351.6,6734651.18,0,20,166.0,175.0,192.0,122.0,345.0,11.4,7.2,11.9,20.6,1.15,0.041,10.7,0.33,0.357,0.5,,12.69
1,842,72,2006-04-11,505351.6,6734651.18,25,50,148.0,169.0,200.0,140.0,343.0,10.0,8.0,7.58,13.1,0.78,0.022,9.97,0.22,0.238,3.0,,10.0
1,843,37,2001-07-24,521339.01,6734518.71,0,25,119.0,235.0,360.0,138.0,149.0,5.99,6.14,9.75,17.4,0.944,0.106,3.84,0.91,0.47,2.0,,10.45
1,843,37,2001-07-24,521339.01,6734518.71,30,50,332.0,179.0,222.0,93.0,175.0,12.24,6.62,4.67,8.38,0.597,0.029,9.29,1.11,0.52,3.0,,21.3
1,844,41,2003-11-06,537326.44,6734386.04,0,25,133.0,338.0,402.0,85.0,42.0,7.63,7.44,8.42,14.6,0.812,0.052,6.96,0.34,0.314,1.1,,9.09
1,844,41,2003-11-06,537326.44,6734386.04,30,50,178.0,317.0,378.0,80.0,48.0,6.87,6.9,2.56,4.4,0.338,0.009,6.08,0.55,0.183,0.5,,10.3
1,845,41,2004-02-18,553313.93,6734253.09,0,25,451.0,223.0,212.0,34.0,81.0,28.4,6.72,17.1,29.6,1.75,0.116,26.0,1.43,0.645,0.5,,37.6
1,845,41,2004-02-18,553313.93,6734253.09,35,50,564.0,169.0,157.0,26.0,86.0,34.0,7.32,7.01,12.1,0.824,0.0062,31.1,1.58,0.485,1.13,,44.5
1,846,41,2007-03-15,569301.45,6734119.88,0,30,219.0,341.0,327.0,48.0,66.0,10.5,4.97,18.15,31.4,1.53,0.005,8.17,1.3,0.23,0.5,,17.5
1,846,41,2007-03-15,569301.45,6734119.88,30,50,273.0,332.0,308.0,38.0,50.0,11.9,5.45,7.04,12.2,0.64,0.005,9.79,1.53,0.177,0.5,,19.6
1,847,41,2003-10-14,585289.0,6733986.51,0,20,430.0,212.0,115.0,67.0,177.0,36.48,8.2,18.454,33.9,1.829,0.05,37.42,1.167,0.768,365.0,,45.9
1,847,41,2003-10-14,585289.0,6733986.51,20,30,415.0,206.0,110.0,61.0,210.0,32.79,8.22,15.334,26.7,1.616,0.035,33.21,1.09,0.53,400.0,,43.2
1,848,41,2007-04-25,601276.54,6733852.95,0,30,100.0,139.0,85.0,83.0,594.0,4.22,4.18,28.35,49.05,1.17,0.005,0.33,0.12,0.107,0.5,,8.41
1,848,41,2007-04-25,601276.54,6733852.95,30,50,103.0,129.0,83.0,93.0,593.0,2.84,4.68,7.74,13.4,0.379,0.005,0.21,0.15,0.078,0.5,,6.41
1,848,41,2007-04-25,601276.54,6733852.95,-9,0,,,,,,28.1,4.3,382.0,660.0,14.8,0.054,17.4,3.05,0.962,0.5,,70.2
1,849,45,2001-06-13,617264.12,6733719.15,0,25,62.0,90.0,61.0,121.0,668.0,1.49,4.9,5.81,9.5,0.523,0.081,0.81,0.15,0.19,0.5,,2.71
1,849,45,2001-06-13,617264.12,6733719.15,35,50,81.0,100.0,62.0,127.0,631.0,2.31,5.58,1.34,1.92,0.173,0.014,1.46,0.35,0.1,0.5,,3.2
1,850,45,2007-01-10,633251.7,6733585.16,0,30,127.0,152.0,122.0,156.0,444.0,4.43,4.53,14.15,24.5,1.02,0.005,1.32,0.37,0.194,0.5,,7.82
1,850,45,2007-01-10,633251.7,6733585.16,30,50,263.0,153.0,97.0,142.0,347.0,9.99,4.57,4.55,7.84,0.425,0.005,2.09,1.28,0.209,0.5,,17.0
1,851,45,2001-04-27,649239.22,6733450.97,0,25,49.0,67.0,46.0,78.0,762.0,0.99,5.09,4.79,7.47,0.45,0.106,0.34,0.05,0.14,0.5,,3.81
1,851,45,2001-04-27,649239.22,6733450.97,35,50,56.0,94.0,66.0,101.0,685.0,0.77,5.06,1.67,2.76,0.21,0.037,0.14,0.03,0.07,0.5,,2.02
1,852,45,2001-04-25,665226.76,6733316.53,0,25,144.0,118.0,89.0,76.0,575.0,11.33,6.41,13.89,24.1,1.35,0.039,8.73,0.86,0.24,0.5,,10.17
1,852,45,2001-04-25,665226.76,6733316.53,35,50,310.0,137.0,81.0,60.0,413.0,17.37,7.38,2.64,4.45,0.361,0.004,14.04,1.64,0.22,0.5,,24.3
1,853,45,2007-02-15,681214.39,6733181.85,0,30,53.0,85.0,52.0,54.0,757.0,1.87,4.73,10.02,17.3,0.572,0.005,0.5,0.17,0.126,0.5,,4.72
1,853,45,2007-02-15,681214.39,6733181.85,30,50,68.0,96.0,51.0,66.0,721.0,1.2,5.03,3.19,5.5,0.203,0.005,0.12,0.07,0.077,0.5,,2.71
1,854,89,2005-07-25,697202.01,6733047.04,0,25,211.0,182.0,119.0,153.0,335.0,5.19,6.7,10.5,18.1,0.91,0.084,5.82,0.48,0.384,0.5,,7.84
1,854,89,2005-07-25,697202.01,6733047.04,30,50,306.0,169.0,102.0,135.0,288.0,5.57,6.2,6.4,11.1,0.63,0.048,5.88,0.53,0.257,1.1,,10.0
1,855,89,2005-06-24,713189.54,6732912.07,0,30,345.0,157.0,98.0,167.0,233.0,12.2,5.4,31.4,54.4,2.77,0.031,10.9,1.2,0.34,0.5,,28.3
1,855,89,2005-06-24,713189.54,6732912.07,30,50,640.0,120.0,77.0,74.0,89.0,23.3,5.7,9.88,17.1,0.99,0.008,22.3,1.05,0.238,0.5,,36.0
1,856,89,2005-06-22,729177.0,6732776.83,0,20,293.0,198.0,95.0,188.0,226.0,9.7,6.3,13.0,22.4,1.34,0.022,9.62,0.68,0.287,1.1,,16.7
1,856,89,2005-06-22,729177.0,6732776.83,30,50,501.0,220.0,74.0,93.0,112.0,15.1,7.1,6.22,10.8,0.82,0.007,14.1,1.0,0.206,1.2,,23.0
1,857,89,2007-02-21,745164.48,6732641.41,0,30,367.0,338.0,114.0,23.0,158.0,54.8,8.0,85.4,148.0,5.98,0.019,55.4,1.08,0.217,239.0,,47.1
1,858,89,2005-09-13,761151.97,6732505.84,0,30,456.0,316.0,209.0,15.0,4.0,22.6,7.1,15.0,25.9,1.59,0.084,20.6,0.84,0.471,0.5,,27.2
1,858,89,2005-09-13,761151.97,6732505.84,30,50,609.0,232.0,145.0,9.0,5.0,31.4,7.8,6.82,11.8,0.87,0.01,29.8,0.76,0.308,3.6,,36.0
1,859,89,2006-09-12,777139.41,6732370.07,0,15,447.0,364.0,89.0,30.0,70.0,24.1,8.2,22.6,39.1,2.26,0.101,24.8,0.74,0.717,365.0,,32.0
1,859,89,2006-09-12,777139.41,6732370.07,15,30,452.0,348.0,89.0,31.0,80.0,25.0,8.1,24.9,43.1,2.22,0.11,25.2,0.77,0.807,325.0,,25.2
1,860,89,2005-09-06,793126.9,6732234.11,0,30,442.0,239.0,170.0,46.0,103.0,27.3,8.1,25.6,44.3,2.52,0.051,26.6,0.57,0.577,132.0,,27.6
1,860,89,2005-09-06,793126.9,6732234.11,30,50,440.0,258.0,181.0,43.0,78.0,26.6,8.1,18.2,31.5,1.93,0.024,26.0,0.52,0.358,103.0,,30.0
1,861,21,2007-01-09,809114.37,6732097.97,0,20,485.0,347.0,156.0,8.0,4.0,44.3,7.6,58.1,101.0,4.0,0.014,46.0,1.08,0.367,4.3,,55.3
1,862,21,2007-04-06,825101.82,6731961.67,0,30,419.0,298.0,178.0,62.0,43.0,29.7,7.9,35.2,60.8,3.76,0.029,30.4,0.26,0.233,250.0,,26.4
1,862,21,2007-04-06,825101.82,6731961.67,30,50,368.0,329.0,190.0,73.0,40.0,24.8,8.1,16.8,29.1,1.89,0.005,25.2,0.14,0.192,311.0,,21.6
1,863,21,2007-10-25,841089.26,6731825.14,0,25,527.0,265.0,126.0,28.0,54.0,35.2,7.8,37.2,64.3,3.95,0.057,42.4,0.68,0.424,95.3,,39.1
1,863,21,2007-10-25,841089.26,6731825.14,25,50,449.0,258.0,107.0,33.0,153.0,27.0,8.1,15.9,27.4,1.65,0.013,29.4,0.43,0.261,221.0,,29.0
1,864,52,2007-04-16,857076.66,6731688.42,0,11,383.0,426.0,143.0,26.0,22.0,37.6,7.8,46.8,80.9,4.47,0.021,38.5,0.73,0.41,16.7,,37.1
1,864,52,2007-04-16,857076.66,6731688.42,16,20,312.0,433.0,210.0,32.0,13.0,34.2,7.9,40.1,69.4,3.87,0.014,35.4,0.57,0.273,16.1,,33.9
1,865,52,2007-04-05,873064.02,6731551.53,0,20,486.0,248.0,129.0,31.0,106.0,34.7,8.1,27.6,47.7,2.92,0.015,36.5,0.88,0.59,160.0,,46.2
1,865,52,2007-04-05,873064.02,6731551.53,35,50,391.0,279.0,107.0,38.0,185.0,19.5,8.4,7.76,13.4,0.77,0.005,20.5,1.1,0.392,457.0,,23.7
1,866,70,2004-05-07,889051.35,6731414.44,0,10,410.0,354.0,208.0,19.0,9.0,25.1,7.52,30.4,52.5,2.85,0.149,23.3,0.879,0.555,9.89,,30.9
1,867,70,2003-10-28,905038.65,6731277.14,0,18,246.0,298.0,263.0,168.0,25.0,14.3,8.1,12.5,21.6,1.34,0.06,14.1,0.37,0.706,19.6,,16.6
1,867,70,2003-10-28,905038.65,6731277.14,30,50,312.0,295.0,230.0,137.0,26.0,17.0,7.9,8.28,14.3,0.95,0.015,16.2,0.32,0.4,4.0,,19.0
1,868,70,2004-06-07,921025.96,6731139.63,0,25,626.0,278.0,54.0,26.0,16.0,34.3,5.98,46.6,80.5,4.84,0.0257,27.8,5.16,0.395,1.24,,49.63
1,868,70,2004-06-07,921025.96,6731139.63,30,50,711.0,219.0,48.0,12.0,10.0,34.6,6.17,19.5,33.7,2.24,0.0091,26.4,6.06,0.353,0.5,,51.0
1,869,70,2004-06-17,937013.27,6731001.97,0,17,255.0,365.0,262.0,94.0,24.0,12.3,5.91,18.9,32.7,1.94,0.0216,10.2,0.877,0.215,0.5,,16.2
1,869,70,2004-06-17,937013.27,6731001.97,23,45,254.0,356.0,260.0,95.0,35.0,11.6,6.31,14.2,24.6,1.47,0.0154,9.9,0.947,0.169,0.5,,18.0
1,870,70,2006-11-21,953000.6,6730864.14,0,30,541.0,310.0,112.0,22.0,15.0,26.7,6.8,30.2,52.3,2.7,0.109,25.0,0.99,0.632,2.3,,33.1
1,870,70,2006-11-21,953000.6,6730864.14,30,50,559.0,287.0,79.0,30.0,45.0,24.9,8.0,9.41,16.3,1.13,0.06,25.8,0.58,0.496,87.7,,34.6
1,871,70,2004-06-25,968987.93,6730726.12,0,20,184.0,252.0,130.0,361.0,73.0,4.02,5.42,14.5,25.1,1.44,0.1,2.73,0.532,0.489,0.5,,9.72
1,871,70,2004-06-25,968987.93,6730726.12,20,35,190.0,251.0,132.0,357.0,70.0,3.68,5.35,10.3,17.8,1.11,0.0722,2.49,0.406,0.385,0.5,,10.0
1,872,90,2004-07-23,984975.18,6730587.91,0,30,551.0,315.0,107.0,19.0,8.0,36.9,6.56,44.5,77.0,4.7,0.0214,34.6,1.12,0.359,1.27,,42.0
1,872,90,2004-07-23,984975.18,6730587.91,30,50,469.0,373.0,128.0,16.0,14.0,26.7,7.01,19.3,33.4,2.04,0.0115,24.9,0.807,0.242,0.5,,35.0
1,873,90,2003-11-14,1000962.41,6730449.5,0,30,183.0,417.0,350.0,20.0,30.0,7.94,5.6,17.3,29.9,1.71,0.045,5.95,0.87,0.219,0.5,,15.1
1,873,90,2003-11-14,1000962.41,6730449.5,30,50,226.0,405.0,326.0,20.0,23.0,9.21,5.7,5.62,9.7,0.67,0.035,6.77,1.26,0.159,0.5,,14.0
1,874,68,2006-04-25,1016949.67,6730310.91,0,25,212.0,318.0,426.0,25.0,19.0,14.0,7.7,13.7,23.7,1.51,0.116,14.8,0.75,0.388,10.4,,11.6
1,874,68,2006-04-25,1016949.67,6730310.91,30,50,184.0,370.0,417.0,21.0,8.0,13.3,8.4,3.84,6.7,0.47,0.013,14.2,0.74,0.148,98.3,,14.0
1,875,68,2006-06-29,1032936.93,6730172.11,0,30,235.0,312.0,386.0,40.0,27.0,22.1,8.1,26.6,46.0,2.78,0.018,22.7,1.23,0.182,101.0,,29.3
1,875,68,2006-06-29,1032936.93,6730172.11,30,50,175.0,337.0,417.0,39.0,32.0,12.4,8.5,6.32,10.9,0.48,0.003,13.4,0.82,0.137,182.0,,18.0
1,881,56,2007-01-30,297382.56,6720370.22,0,30,153.0,231.0,215.0,148.0,253.0,2.8,4.7,19.6,33.9,0.92,0.005,0.1,0.12,0.107,0.5,,11.5
1,881,56,2007-01-30,297382.56,6720370.22,30,50,184.0,193.0,187.0,137.0,299.0,2.49,4.8,3.92,6.8,0.29,0.005,0.04,0.12,0.092,0.5,,7.7
1,881,56,2007-01-30,297382.56,6720370.22,-7,0,,,,,,26.6,4.3,319.0,552.0,11.3,0.055,6.65,6.47,0.994,0.5,,72.9
1,882,44,2002-12-13,313369.91,6720239.94,0,30,135.0,297.0,292.0,88.0,188.0,3.13,5.39,24.126,,1.819,0.114,1.7,0.351,0.17,0.5,,18.0
1,882,44,2002-12-13,313369.91,6720239.94,30,50,251.0,263.0,223.0,63.0,200.0,5.21,5.21,4.144,,0.425,0.006,1.67,0.857,0.31,0.5,,23.0
1,883,44,2003-04-24,329357.32,6720109.53,0,24,153.0,258.0,257.0,119.0,213.0,4.61,5.53,23.733,,1.829,0.033,2.92,0.529,0.13,0.5,,15.0
1,883,44,2003-04-24,329357.32,6720109.53,30,50,247.0,227.0,233.0,115.0,178.0,5.21,5.59,4.029,,0.417,0.003,2.1,1.508,0.08,0.5,,14.0
1,884,44,2002-11-21,345344.79,6719979.01,0,20,147.0,258.0,294.0,162.0,139.0,5.13,5.53,16.038,,1.286,0.113,3.46,0.538,0.3,0.5,,9.76
1,884,44,2002-11-21,345344.79,6719979.01,30,50,272.0,239.0,253.0,136.0,100.0,5.22,5.48,4.23,,0.406,0.014,2.66,0.69,0.44,0.5,,14.0
1,885,44,2003-03-14,361332.33,6719848.39,0,20,218.0,327.0,204.0,99.0,152.0,7.11,5.42,20.567,,2.065,0.039,5.2,0.783,0.22,0.5,,17.0
1,885,44,2003-03-14,361332.33,6719848.39,30,50,201.0,389.0,150.0,68.0,192.0,4.36,5.85,8.51,,1.036,0.015,3.03,0.609,0.1,0.5,,12.0
1,886,44,2003-06-10,377319.86,6719717.54,0,28,192.0,248.0,199.0,82.0,279.0,7.33,6.22,15.372,,1.451,0.078,6.25,0.526,0.32,0.5,,11.8
1,886,44,2003-06-10,377319.86,6719717.54,30,45,287.0,236.0,169.0,63.0,245.0,7.08,6.61,4.388,,0.587,0.016,5.36,0.468,0.4,1.0,,12.0
1,887,49,2002-09-30,393307.34,6719586.47,0,20,178.0,242.0,192.0,154.0,234.0,6.39,5.96,18.147,,1.606,0.035,5.14,0.466,0.25,1.0,,11.2
1,887,49,2002-09-30,393307.34,6719586.47,30,50,213.0,229.0,187.0,169.0,202.0,5.61,6.23,8.385,,0.785,0.013,4.45,0.338,0.16,1.0,,10.0
1,888,49,2002-12-16,409294.82,6719455.18,0,19,187.0,239.0,194.0,149.0,231.0,5.79,5.36,16.252,,1.712,0.042,3.7,0.679,0.38,0.5,,9.56
1,889,49,2002-04-09,425282.2,6719323.69,0,25,248.0,244.0,228.0,88.0,192.0,11.39,6.6,24.53,,2.57,0.076,8.13,1.23,1.07,0.5,,19.7
1,889,49,2002-04-09,425282.2,6719323.69,35,50,284.0,243.0,228.0,74.0,171.0,9.39,7.2,7.64,,1.06,0.016,6.75,1.01,0.74,0.5,,16.0
1,890,49,2003-05-14,441269.52,6719192.04,0,25,209.0,76.0,83.0,329.0,303.0,16.24,8.13,10.732,,1.201,0.067,16.11,0.514,1.1,25.0,,19.7
1,890,49,2003-05-14,441269.52,6719192.04,35,50,260.0,96.0,84.0,291.0,269.0,18.87,8.3,5.098,,0.65,0.019,18.98,0.513,0.66,130.0,,27.0
1,891,49,2003-03-21,457256.94,6719060.21,0,25,97.0,109.0,130.0,263.0,401.0,5.03,6.68,7.387,,0.716,0.066,3.79,0.672,0.56,0.5,,7.16
1,891,49,2003-03-21,457256.94,6719060.21,35,50,124.0,111.0,131.0,245.0,389.0,5.53,7.03,3.969,,0.499,0.048,4.04,0.739,0.53,1.0,,9.0
1,892,49,2002-11-14,473244.44,6718928.19,0,15,467.0,100.0,77.0,111.0,245.0,31.71,8.08,20.843,,2.132,0.116,24.22,5.446,1.6,103.0,,51.3
1,892,49,2002-11-14,473244.44,6718928.19,25,50,472.0,119.0,72.0,106.0,231.0,29.56,8.28,10.334,,1.078,0.03,22.33,5.418,1.1,208.0,,57.0
1,893,49,2002-12-04,489231.82,6718795.98,0,20,216.0,114.0,118.0,93.0,459.0,16.74,7.26,10.373,,1.062,0.07,13.81,0.72,0.3,1.0,,19.8
1,893,49,2002-12-04,489231.82,6718795.98,25,50,360.0,93.0,104.0,70.0,373.0,23.94,7.98,5.063,,0.578,0.006,21.38,0.746,0.31,27.0,,42.0
1,894,37,2001-09-12,505219.08,6718663.63,0,20,154.0,255.0,342.0,94.0,157.0,7.12,6.42,7.8,14.0,0.794,0.038,5.83,0.78,0.36,2.0,,12.0
1,894,37,2001-09-12,505219.08,6718663.63,30,50,245.0,235.0,276.0,70.0,174.0,10.74,7.11,3.64,6.55,0.446,0.008,9.04,0.87,0.21,2.0,,18.2
1,895,37,2001-07-25,521206.33,6718531.13,0,25,267.0,210.0,244.0,60.0,220.0,16.47,5.9,14.54,25.5,1.37,0.078,13.59,0.87,0.64,2.0,,28.1
1,895,37,2001-07-25,521206.33,6718531.13,35,50,432.0,169.0,177.0,45.0,179.0,27.4,6.79,7.49,14.6,0.804,0.017,23.67,1.29,0.69,2.0,,44.9
1,896,37,2001-07-26,537193.57,6718398.42,0,25,164.0,352.0,373.0,73.0,39.0,9.36,6.49,11.46,20.2,1.19,0.042,7.62,0.59,0.32,2.0,,13.9
1,896,37,2001-07-26,537193.57,6718398.42,35,50,199.0,356.0,356.0,59.0,32.0,9.48,7.3,3.65,6.48,0.481,0.006,7.68,0.36,0.13,2.0,,15.6
1,897,37,2007-04-24,553180.83,6718265.48,0,30,111.0,235.0,222.0,65.0,368.0,3.55,4.23,20.75,35.9,0.86,0.005,0.15,0.15,0.1,0.5,,7.07
1,897,37,2007-04-24,553180.83,6718265.48,30,50,153.0,248.0,237.0,56.0,308.0,3.18,4.56,7.16,12.4,0.394,0.005,0.08,0.21,0.065,0.5,,7.59
1,897,37,2007-04-24,553180.83,6718265.48,-7,0,,,,,,23.3,4.3,245.0,424.0,11.5,0.101,7.98,3.19,1.09,0.5,,46.4
1,898,41,2007-04-25,569168.13,6718132.32,0,30,138.0,217.0,189.0,75.0,383.0,4.06,4.38,25.45,44.0,1.2,0.005,0.49,0.24,0.138,0.5,,12.1
1,898,41,2007-04-25,569168.13,6718132.32,30,50,145.0,204.0,169.0,69.0,414.0,3.89,4.43,16.8,29.1,0.796,0.005,0.32,0.22,0.089,0.5,,10.6
1,899,41,2004-02-12,585155.48,6717998.95,0,25,347.0,90.0,61.0,105.0,399.0,30.6,7.96,13.0,22.6,1.32,0.0668,27.8,1.56,1.02,4.98,,36.8
1,899,41,2004-02-12,585155.48,6717998.95,30,50,517.0,74.0,41.0,69.0,301.0,37.7,8.1,5.93,10.25,0.636,0.001,36.9,2.3,0.798,27.2,,52.2
1,900,41,2007-05-22,601142.82,6717865.38,0,30,124.0,134.0,94.0,122.0,527.0,4.85,4.48,15.05,26.1,0.753,0.005,1.28,0.53,0.136,1.1,,8.86
1,900,41,2007-05-22,601142.82,6717865.38,30,50,406.0,138.0,79.0,85.0,294.0,18.3,4.67,5.55,9.63,0.36,0.005,4.61,2.6,0.283,0.5,,28.6
1,901,41,2007-05-23,617130.2,6717731.6,0,30,92.0,107.0,73.0,117.0,612.0,2.86,4.7,12.85,22.2,0.803,0.005,0.58,0.23,0.078,0.5,,6.06
1,901,41,2007-05-23,617130.2,6717731.6,30,50,114.0,107.0,75.0,114.0,592.0,3.3,5.12,4.66,8.05,0.333,0.005,1.67,0.51,0.062,0.5,,6.61
1,902,41,2004-06-09,633117.59,6717597.64,0,30,83.0,140.0,101.0,116.0,561.0,0.8,5.28,6.78,11.7,0.555,0.0817,0.915,0.0991,0.0878,0.5,,5.43
1,902,41,2004-06-09,633117.59,6717597.64,30,50,100.0,136.0,114.0,101.0,550.0,1.2,5.47,2.71,4.69,0.262,0.0232,1.1,0.12,0.0968,1.24,,5.7
1,903,18,2006-09-27,649104.91,6717463.49,0,30,46.0,59.0,44.0,61.0,791.0,1.74,4.27,9.92,17.1,0.545,0.02,0.18,0.05,0.046,0.5,,5.09
1,903,18,2006-09-27,649104.91,6717463.49,30,50,59.0,93.0,69.0,70.0,710.0,0.89,4.63,5.21,9.02,0.327,0.022,0.04,0.02,0.023,0.5,,4.72
1,904,18,2003-06-05,665092.22,6717329.12,0,25,148.0,314.0,238.0,65.0,236.0,4.63,5.88,15.1,26.3,1.27,0.045,3.67,0.353,0.26,0.5,,9.7
1,904,18,2003-06-05,665092.22,6717329.12,35,50,177.0,319.0,248.0,60.0,197.0,4.09,6.05,5.419,9.4,0.466,0.005,3.25,0.293,0.11,1.0,,9.2
1,905,45,2006-09-26,681079.64,6717194.46,0,30,139.0,364.0,318.0,62.0,118.0,2.84,4.53,15.2,26.3,0.797,0.006,0.27,0.24,0.075,0.5,,9.81
1,905,45,2006-09-26,681079.64,6717194.46,30,50,162.0,361.0,311.0,65.0,103.0,3.15,4.54,7.72,13.4,0.433,0.004,0.18,0.25,0.062,0.5,,9.44
1,906,58,2003-10-15,697067.05,6717059.6,0,28,167.0,296.0,246.0,76.0,215.0,9.16,7.21,12.923,,1.278,0.045,9.24,0.949,0.27,2.0,,14.3
1,906,58,2003-10-15,697067.05,6717059.6,30,50,298.0,282.0,202.0,54.0,164.0,10.83,7.43,4.691,,0.505,0.012,11.04,0.678,0.19,1.0,,22.0
1,907,89,2005-06-30,713054.37,6716924.58,0,30,229.0,236.0,165.0,196.0,174.0,11.6,5.9,25.0,43.2,2.43,0.03,10.3,0.9,0.258,0.5,,24.0
1,907,89,2005-06-30,713054.37,6716924.58,30,50,259.0,243.0,159.0,182.0,157.0,10.5,6.6,5.48,9.4,0.68,0.007,9.66,0.42,0.205,0.5,,20.0
1,908,89,2007-02-21,729041.6,6716789.38,0,20,503.0,280.0,175.0,27.0,15.0,46.3,7.2,72.8,126.0,5.39,0.021,44.4,1.37,0.351,3.6,,47.8
1,909,89,2005-04-19,745028.87,6716654.03,0,20,438.0,286.0,168.0,34.0,74.0,29.5,8.1,27.5,47.5,2.78,0.067,27.3,0.308,0.329,42.3,,40.5
1,910,89,2007-02-22,761016.2,6716518.48,0,18,610.0,258.0,74.0,17.0,41.0,56.2,7.4,99.5,172.0,6.43,0.017,56.2,1.72,0.543,47.2,,62.3
1,911,89,2005-05-19,777003.49,6716382.71,0,30,506.0,359.0,111.0,18.0,6.0,23.6,5.86,38.1,65.8,3.66,0.024,17.9,1.6,0.432,1.04,,41.1
1,911,89,2005-05-19,777003.49,6716382.71,30,50,488.0,374.0,122.0,11.0,5.0,20.9,6.85,13.8,23.8,1.49,0.013,17.9,0.657,0.316,0.5,,29.0
1,912,21,2007-03-27,792990.84,6716246.76,0,30,275.0,412.0,174.0,42.0,97.0,11.3,6.8,11.7,20.2,1.19,0.031,9.44,1.4,0.456,0.5,,17.8
1,912,21,2007-03-27,792990.84,6716246.76,30,50,440.0,382.0,112.0,20.0,46.0,17.0,7.2,4.18,7.2,0.58,0.013,14.2,2.85,0.286,0.5,,24.7
1,913,21,2008-04-01,808978.17,6716110.65,0,30,437.0,344.0,179.0,35.0,5.0,21.7,6.8,22.5,39.0,2.33,0.031,20.9,1.02,0.313,1.2,,33.6
1,913,21,2008-04-01,808978.17,6716110.65,30,50,489.0,345.0,137.0,24.0,5.0,24.7,7.8,13.6,23.6,1.54,0.011,25.2,0.68,0.278,3.4,,33.0
1,914,21,2007-04-20,824965.4,6715974.36,0,15,441.0,366.0,126.0,14.0,53.0,32.5,7.9,34.4,59.5,3.64,0.103,34.3,0.66,0.273,56.8,,38.0
1,915,21,2006-12-13,840952.56,6715837.87,0,9,433.0,368.0,183.0,9.0,7.0,54.5,7.1,104.0,180.0,6.17,0.018,51.7,1.44,0.247,2.4,,46.95
1,916,21,2008-09-16,856939.75,6715701.18,0,25,444.0,304.0,174.0,25.0,53.0,31.6,8.1,25.0,43.3,2.65,0.083,32.5,0.84,0.771,64.1,,40.3
1,917,21,2008-09-18,872926.97,6715564.3,0,20,390.0,364.0,219.0,21.0,6.0,21.0,7.0,18.8,32.6,1.83,0.072,20.2,1.01,0.513,0.5,,28.95
1,917,21,2008-09-18,872926.97,6715564.3,30,50,419.0,348.0,209.0,18.0,6.0,22.6,7.4,12.9,22.3,1.32,0.024,21.8,0.89,0.34,0.5,,33.8
1,918,70,2006-12-18,888914.13,6715427.23,0,30,330.0,318.0,214.0,99.0,39.0,22.2,6.7,25.0,43.3,2.28,0.005,21.1,0.48,0.258,0.5,,32.6
1,918,70,2006-12-18,888914.13,6715427.23,30,50,358.0,292.0,194.0,92.0,64.0,22.9,7.8,14.9,25.8,1.51,0.005,22.6,0.31,0.224,2.9,,29.0
1,919,70,2006-12-20,904901.22,6715289.95,0,30,193.0,302.0,221.0,209.0,75.0,4.54,5.0,15.5,26.8,1.21,0.005,1.2,0.32,0.198,0.5,,11.6
1,919,70,2006-12-20,904901.22,6715289.95,30,50,216.0,300.0,208.0,195.0,81.0,5.0,5.0,5.42,9.4,0.57,0.005,0.77,0.29,0.102,1.0,,10.9
1,920,70,2006-12-17,920888.31,6715152.46,0,30,196.0,349.0,254.0,145.0,56.0,5.09,4.4,21.5,37.1,1.58,0.011,1.1,0.25,0.088,0.5,,15.1
1,920,70,2006-12-17,920888.31,6715152.46,30,50,204.0,357.0,247.0,138.0,54.0,5.51,5.0,10.4,18.1,0.93,0.005,2.18,0.33,0.067,1.0,,12.7
1,921,70,2003-09-25,936875.45,6715014.79,0,25,454.0,315.0,193.0,26.0,12.0,20.39,7.0,21.265,,2.224,0.045,18.66,0.928,0.52,2.0,,34.8
1,921,70,2003-09-25,936875.45,6715014.79,30,50,617.0,235.0,122.0,14.0,12.0,24.61,7.39,9.018,,1.111,0.013,22.5,0.871,0.25,2.0,,42.0
1,922,25,2005-06-01,952862.62,6714876.97,0,10,387.0,248.0,114.0,105.0,146.0,31.0,8.0,45.7,79.0,4.54,0.019,29.0,0.711,0.632,197.0,,45.9
1,923,25,2005-07-07,968849.76,6714738.96,0,30,196.0,327.0,357.0,117.0,3.0,7.71,5.2,19.1,33.1,1.16,0.005,6.2,0.36,0.272,0.5,,13.9
1,923,25,2005-07-07,968849.76,6714738.96,30,50,376.0,267.0,274.0,79.0,4.0,17.2,6.8,8.0,13.8,0.58,0.003,16.8,0.38,0.439,1.5,,30.0
1,924,25,2008-06-04,984836.82,6714600.74,0,18,239.0,421.0,307.0,9.0,24.0,8.95,5.7,17.9,31.0,1.86,0.035,9.1,0.35,0.277,1.1,,18.8
1,924,25,2008-06-04,984836.82,6714600.74,25,50,272.0,416.0,279.0,15.0,18.0,8.81,6.0,6.9,11.9,0.82,0.007,8.45,0.35,0.124,1.1,,22.0
1,925,90,2006-11-28,1000823.87,6714462.35,0,30,473.0,310.0,199.0,14.0,4.0,29.8,6.1,49.5,85.7,4.04,0.005,28.2,0.8,0.215,2.0,,41.4
1,926,68,2006-11-29,1016810.98,6714323.79,0,30,176.0,246.0,135.0,141.0,302.0,6.83,4.6,16.1,27.9,1.09,0.005,3.16,0.47,0.153,0.5,,14.9
1,926,68,2006-11-29,1016810.98,6714323.79,30,50,218.0,226.0,108.0,129.0,319.0,9.38,4.8,5.4,9.3,0.43,0.005,4.8,0.85,0.162,0.5,,16.6
1,927,68,2006-06-20,1032798.06,6714185.01,0,30,355.0,324.0,286.0,25.0,10.0,43.3,7.4,75.4,130.0,5.23,0.021,43.5,0.62,0.172,8.6,,58.4
1,927,68,2006-06-20,1032798.06,6714185.01,30,40,,,,,,,,,,,,,,,,,
1,928,56,2007-01-30,233305.51,6704902.71,0,25,168.0,258.0,268.0,176.0,130.0,16.0,5.9,20.8,36.0,1.85,0.037,16.9,0.32,0.517,0.5,,9.0
1,928,56,2007-01-30,233305.51,6704902.71,30,50,274.0,248.0,170.0,138.0,170.0,5.28,6.0,8.2,14.2,1.01,0.005,2.08,1.58,0.408,0.5,,12.0
1,932,44,2003-03-19,297252.22,6704382.88,0,20,156.0,166.0,166.0,137.0,375.0,4.03,5.23,21.424,,1.754,0.058,2.72,0.495,0.28,0.5,,15.6
1,932,44,2003-03-19,297252.22,6704382.88,30,50,161.0,145.0,128.0,108.0,458.0,3.74,5.16,6.599,,0.626,0.017,1.87,0.536,0.13,0.5,,11.0
1,933,44,2003-07-10,313239.45,6704252.57,0,30,589.0,307.0,62.0,8.0,34.0,25.0,6.53,26.443,,2.563,0.035,8.18,12.05,0.57,1.0,0.073,39.0
1,933,44,2003-07-10,313239.45,6704252.57,30,50,639.0,276.0,50.0,9.0,26.0,29.08,7.41,13.977,,1.628,0.061,7.91,13.4,0.83,1.0,0.108,45.0
1,933,44,2003-07-10,313239.45,6704252.57,-10,0,,,,,,24.1,4.9,296.0,512.0,19.8,0.238,10.4,8.51,1.85,0.5,,48.3
1,934,44,2003-05-21,329226.77,6704122.17,0,30,308.0,240.0,103.0,66.0,283.0,7.25,5.06,32.965,,3.072,0.117,4.49,1.526,1.36,1.0,,19.7
1,934,44,2003-05-21,329226.77,6704122.17,30,50,420.0,270.0,72.0,49.0,189.0,10.38,6.05,17.481,,1.693,0.103,5.21,2.192,1.97,0.5,,21.0
1,935,44,2007-05-10,345214.08,6703991.66,0,30,175.0,294.0,303.0,134.0,94.0,3.54,4.6,23.05,39.9,1.43,0.005,0.47,0.22,0.127,0.5,,10.2
1,935,44,2007-05-10,345214.08,6703991.66,30,50,184.0,283.0,322.0,133.0,78.0,2.53,4.6,6.3,10.9,0.5,0.005,0.09,0.11,0.082,0.5,,8.4
1,936,44,2003-02-26,361201.44,6703861.02,0,25,144.0,186.0,138.0,209.0,323.0,7.25,5.68,21.884,,2.053,0.102,5.71,0.603,0.34,0.5,,21.5
1,937,44,2002-12-12,377188.8,6703730.17,0,15,184.0,188.0,128.0,173.0,327.0,7.0,4.81,23.741,,2.319,0.026,4.41,1.239,0.5,0.5,,17.5
1,937,44,2002-12-12,377188.8,6703730.17,15,30,155.0,163.0,130.0,193.0,359.0,6.45,5.66,6.764,,0.734,0.006,3.88,1.131,0.44,0.5,,23.0
1,938,49,2003-02-05,393176.11,6703599.09,0,20,113.0,137.0,115.0,140.0,495.0,6.2,6.19,13.578,,1.371,0.117,4.62,0.68,0.32,0.5,,10.3
1,938,49,2003-02-05,393176.11,6703599.09,25,40,121.0,139.0,119.0,136.0,485.0,5.66,5.82,10.089,,1.032,0.1,3.91,0.672,0.29,0.5,,9.0
1,939,49,2002-10-21,409163.38,6703467.79,0,25,142.0,231.0,216.0,121.0,290.0,7.16,5.9,11.232,,0.977,0.045,6.44,1.004,0.18,0.5,,9.69
1,939,49,2002-10-21,409163.38,6703467.79,30,50,150.0,232.0,198.0,108.0,312.0,8.35,6.24,9.354,,0.86,0.033,6.5,0.966,0.14,1.0,,10.0
1,940,49,2003-03-31,425150.59,6703336.27,0,30,155.0,130.0,63.0,287.0,365.0,9.91,6.23,10.675,,1.065,0.089,7.21,1.223,0.25,0.5,,15.0
1,940,49,2003-03-31,425150.59,6703336.27,30,50,192.0,154.0,69.0,247.0,338.0,11.03,6.62,6.03,,0.677,0.077,8.04,1.566,0.2,0.5,,16.0
1,941,49,2002-10-14,441137.81,6703204.62,0,15,255.0,84.0,102.0,412.0,147.0,22.62,7.51,19.232,,1.873,0.111,19.73,2.339,0.88,1.0,,27.2
1,941,49,2002-10-14,441137.81,6703204.62,35,50,457.0,100.0,62.0,327.0,54.0,34.95,8.13,4.464,,0.613,0.007,30.65,3.332,0.77,2.0,,46.0
1,942,49,2002-11-21,457125.11,6703072.83,0,21,481.0,298.0,77.0,51.0,93.0,31.33,6.8,13.084,,1.442,0.084,23.59,5.545,0.35,0.5,,39.4
1,942,49,2002-11-21,457125.11,6703072.83,30,50,484.0,303.0,91.0,38.0,84.0,32.03,7.03,10.207,,1.175,0.055,23.78,5.832,0.3,1.0,,50.0
1,943,49,2002-12-06,473112.37,6702940.81,0,28,61.0,34.0,27.0,171.0,707.0,3.61,6.4,5.923,,0.509,0.066,2.5,0.183,0.21,0.5,,4.41
1,943,49,2002-12-06,473112.37,6702940.81,38,50,54.0,22.0,20.0,112.0,792.0,3.02,6.19,3.226,,0.308,0.017,2.63,0.243,0.22,0.5,,5.0
1,944,37,2001-09-13,489099.46,6702808.62,0,20,173.0,96.0,58.0,291.0,383.0,18.25,8.03,19.67,36.0,2.05,0.019,17.27,0.4,0.23,246.0,,19.2
1,944,37,2001-09-13,489099.46,6702808.62,30,50,180.0,134.0,65.0,302.0,320.0,12.46,8.5,11.32,27.8,0.801,0.007,12.37,0.25,0.16,426.0,,15.4
1,945,37,2001-07-05,505086.51,6702676.26,0,30,78.0,84.0,90.0,101.0,649.0,3.6,5.81,10.63,18.6,0.889,0.055,3.13,0.4,0.35,0.5,,7.08
1,945,37,2001-07-05,505086.51,6702676.26,30,50,101.0,93.0,75.0,78.0,655.0,3.99,5.62,4.35,7.74,0.45,0.012,2.99,0.21,0.18,1.0,,7.99
1,946,37,2001-07-24,521073.63,6702543.74,5,25,265.0,255.0,273.0,74.0,135.0,17.77,6.32,11.43,19.8,1.07,0.052,13.73,1.83,0.35,1.0,,25.3
1,946,37,2001-07-24,521073.63,6702543.74,40,50,336.0,250.0,265.0,65.0,85.0,20.24,6.9,6.59,11.8,0.749,0.011,17.14,1.5,0.28,2.0,,29.1
1,947,37,2001-07-03,537060.69,6702411.01,0,25,115.0,98.0,61.0,225.0,502.0,8.0,6.78,7.86,13.8,0.811,0.072,6.26,0.76,0.37,0.5,,7.77
1,947,37,2001-07-03,537060.69,6702411.01,35,50,119.0,89.0,61.0,231.0,501.0,7.56,6.7,3.63,6.76,0.45,0.043,5.11,1.0,0.19,0.5,,8.76
1,948,37,2001-08-21,553047.73,6702278.08,0,25,288.0,257.0,308.0,68.0,79.0,15.59,7.29,9.42,16.6,1.1,0.059,13.5,0.66,0.4,2.0,,21.3
1,948,37,2001-08-21,553047.73,6702278.08,30,50,323.0,268.0,292.0,56.0,63.0,16.43,7.77,3.15,5.73,0.487,0.005,14.28,0.51,0.21,2.0,,23.3
1,949,41,2004-02-11,569034.82,6702144.98,0,25,201.0,237.0,203.0,60.0,300.0,15.1,7.53,11.5,19.9,1.14,0.0587,13.5,0.706,0.398,0.5,,17.3
1,949,41,2004-02-11,569034.82,6702144.98,30,50,268.0,203.0,145.0,51.0,335.0,16.0,7.95,5.15,8.91,0.618,0.005,14.2,0.84,0.272,0.5,,21.6
1,950,41,2004-03-10,585021.96,6702011.65,0,25,33.0,35.0,40.0,234.0,659.0,2.55,5.25,2.58,4.47,0.281,0.0786,0.473,0.139,0.186,0.5,,2.49
1,950,41,2004-03-10,585021.96,6702011.65,30,50,57.0,58.0,49.0,237.0,601.0,3.41,5.48,1.56,2.7,0.201,0.0572,0.995,0.272,0.181,0.5,,3.44
1,951,41,2007-05-17,601009.11,6701878.06,0,30,52.0,68.0,49.0,141.0,691.0,1.82,4.45,12.9,22.3,0.639,0.005,0.34,0.11,0.075,0.5,,3.93
1,951,41,2007-05-17,601009.11,6701878.06,30,50,55.0,73.0,51.0,173.0,650.0,1.05,4.74,2.5,4.3,0.192,0.012,0.06,0.04,0.037,0.5,,2.65
1,952,41,2007-05-16,616996.29,6701744.28,0,30,50.0,80.0,49.0,97.0,725.0,1.7,4.7,9.89,17.1,0.609,0.011,0.71,0.22,0.099,0.5,,3.67
1,952,41,2007-05-16,616996.29,6701744.28,30,50,85.0,102.0,50.0,87.0,677.0,2.2,4.82,2.77,4.77,0.226,0.005,0.22,0.16,0.06,0.5,,3.92
1,953,41,2007-05-15,632983.46,6701610.35,0,30,34.0,36.0,22.0,44.0,865.0,4.09,3.81,28.85,49.9,0.672,0.005,0.23,0.09,0.059,0.5,,4.87
1,953,41,2007-05-15,632983.46,6701610.35,30,50,36.0,36.0,20.0,56.0,853.0,2.85,4.43,24.25,41.9,0.642,0.005,0.04,0.02,0.01,2.0,,9.67
1,953,41,2007-05-15,632983.46,6701610.35,-21,0,,,,,,23.6,4.0,319.0,552.0,9.39,0.054,8.22,2.4,0.663,0.5,,62.4
1,954,18,2006-09-29,648970.56,6701476.23,0,30,65.0,65.0,28.0,36.0,808.0,4.5,4.64,40.5,70.1,2.13,0.012,2.62,0.15,0.056,0.5,,11.6
1,955,18,2003-11-25,664957.67,6701341.89,0,30,171.0,388.0,323.0,62.0,56.0,6.8,6.13,12.0,20.85,1.21,0.0353,5.33,0.895,0.247,0.5,,10.8
1,955,18,2003-11-25,664957.67,6701341.89,40,50,242.0,361.0,293.0,54.0,51.0,7.43,6.21,3.82,6.62,0.474,0.009,6.03,0.688,0.159,0.5,,12.4
1,956,18,2003-11-27,680944.85,6701207.24,0,30,79.0,128.0,95.0,151.0,548.0,2.06,5.09,8.05,14.0,0.789,0.0299,1.71,0.113,0.0817,1.05,,4.54
1,956,18,2003-11-27,680944.85,6701207.24,30,50,127.0,149.0,116.0,165.0,444.0,3.08,5.66,3.13,5.42,0.36,0.0122,2.68,0.208,0.115,0.5,,4.5
1,957,58,2003-10-17,696932.04,6701072.36,0,28,345.0,239.0,173.0,97.0,146.0,13.79,5.93,15.093,,1.557,0.07,13.0,0.918,0.5,1.0,,23.0
1,957,58,2003-10-17,696932.04,6701072.36,31,50,439.0,229.0,154.0,76.0,102.0,18.16,6.65,5.136,,0.673,0.006,16.47,1.212,0.31,1.0,,35.0
1,958,58,2002-10-10,712919.15,6700937.34,0,10,405.0,290.0,204.0,44.0,57.0,17.87,7.05,20.993,,1.932,0.058,16.33,0.557,0.37,1.0,,37.1
1,958,58,2002-10-10,712919.15,6700937.34,20,50,524.0,239.0,164.0,32.0,41.0,18.3,7.66,7.441,,0.789,0.002,17.17,0.47,0.14,4.0,,42.0
1,959,58,2003-04-30,728906.23,6700802.17,0,25,333.0,260.0,149.0,88.0,170.0,7.75,5.76,13.554,,1.265,0.039,5.64,0.605,0.56,0.5,,18.6
1,959,58,2003-04-30,728906.23,6700802.17,31,50,515.0,181.0,100.0,48.0,156.0,12.83,5.71,6.278,,0.685,0.008,9.17,1.045,0.38,0.5,,29.0
1,960,58,2003-10-09,744893.36,6700666.87,0,28,322.0,357.0,256.0,35.0,30.0,17.78,7.47,16.059,,1.72,0.047,17.11,0.517,0.26,2.0,,22.8
1,960,58,2003-10-09,744893.36,6700666.87,31,50,369.0,348.0,234.0,28.0,21.0,17.96,7.8,6.279,,0.79,0.014,16.83,0.497,0.23,1.0,,26.0
1,961,89,2007-02-19,760880.52,6700531.35,0,30,154.0,268.0,163.0,180.0,235.0,2.98,4.7,18.0,31.2,1.06,0.005,0.36,0.19,0.173,0.5,,9.89
1,961,89,2007-02-19,760880.52,6700531.35,30,50,170.0,272.0,167.0,179.0,212.0,2.7,4.8,6.3,10.9,0.42,0.005,0.12,0.15,0.074,0.5,,9.7
1,962,89,2005-10-03,776867.64,6700395.59,0,30,200.0,193.0,98.0,122.0,387.0,6.1,4.8,19.7,34.1,1.95,0.065,3.71,1.17,0.428,0.5,,15.6
1,963,21,2008-03-18,792854.79,6700259.67,0,30,180.0,323.0,134.0,44.0,319.0,6.53,5.6,23.7,41.0,2.27,0.018,5.41,0.61,0.208,0.5,,14.44
1,963,21,2008-03-18,792854.79,6700259.67,30,50,222.0,311.0,112.0,37.0,318.0,6.91,5.9,7.14,12.3,0.82,0.024,5.67,0.57,0.18,0.5,,19.1
1,964,21,2007-06-06,808841.93,6700123.56,0,30,523.0,333.0,87.0,31.0,26.0,32.1,7.9,37.1,64.2,3.83,0.061,34.7,0.64,0.441,164.0,,32.7
1,965,21,2007-06-22,824828.95,6699987.25,0,30,534.0,315.0,117.0,29.0,5.0,34.0,6.8,42.8,74.1,4.54,0.016,32.7,0.75,0.28,0.5,,30.4
1,965,21,2007-06-22,824828.95,6699987.25,30,50,517.0,317.0,131.0,27.0,8.0,28.3,7.5,18.1,31.3,2.08,0.005,27.6,0.53,0.265,0.5,,28.6
1,966,21,2006-12-14,840815.9,6699850.76,0,25,593.0,250.0,132.0,19.0,6.0,47.9,6.4,73.4,127.0,5.42,0.005,43.6,1.67,0.455,1.2,,57.8
1,967,21,2008-07-24,856802.89,6699714.11,0,25,468.0,258.0,130.0,99.0,45.0,29.3,8.1,24.7,42.7,2.25,0.082,32.1,0.56,0.452,256.0,,33.5
1,967,21,2008-07-24,856802.89,6699714.11,30,50,371.0,324.0,132.0,125.0,48.0,16.5,8.5,7.32,12.7,0.69,0.016,19.3,0.28,0.211,547.0,,25.5
1,968,21,2007-10-18,872789.91,6699577.25,0,20,342.0,282.0,237.0,75.0,64.0,17.3,7.0,11.5,19.9,1.24,0.133,16.8,0.87,0.509,0.5,,27.3
1,968,21,2007-10-18,872789.91,6699577.25,25,50,384.0,294.0,205.0,62.0,55.0,21.2,8.1,7.06,12.2,0.84,0.049,23.2,0.59,0.326,52.5,,31.8
1,969,70,2004-06-10,888776.91,6699440.18,0,17,226.0,79.0,38.0,138.0,519.0,10.4,5.51,16.5,28.5,1.64,0.0507,8.07,1.09,0.313,0.5,,16.5
1,969,70,2004-06-10,888776.91,6699440.18,35,45,222.0,74.0,38.0,137.0,529.0,9.9,5.59,12.5,21.7,1.28,0.0329,7.5,1.01,0.245,0.5,,16.0
1,970,70,2003-10-27,904763.84,6699302.91,0,20,174.0,384.0,326.0,47.0,69.0,9.5,6.28,13.9,24.1,1.46,0.0428,8.63,0.548,0.423,0.5,,12.6
1,970,70,2003-10-27,904763.84,6699302.91,30,50,210.0,375.0,307.0,42.0,66.0,9.25,6.5,7.48,12.9,0.867,0.0184,8.22,0.385,0.283,0.5,,12.0
1,971,70,2003-10-16,920750.71,6699165.47,0,27,179.0,400.0,319.0,76.0,26.0,6.35,5.57,11.5,19.8,1.17,0.0141,4.5,0.461,0.287,0.5,,11.4
1,971,70,2003-10-16,920750.71,6699165.47,30,50,277.0,385.0,259.0,60.0,19.0,9.84,5.98,4.49,7.76,0.551,0.0047,7.65,0.535,0.247,0.5,,16.0
1,972,25,2007-06-06,936737.63,6699027.81,0,30,435.0,362.0,182.0,17.0,4.0,50.1,7.1,84.0,145.0,5.95,0.018,46.4,1.29,0.276,2.2,,41.7
1,973,25,2007-05-05,952724.64,6698890.01,0,30,432.0,269.0,220.0,71.0,8.0,47.2,7.3,82.0,142.0,6.35,0.019,44.3,1.52,0.244,2.4,,45.4
1,974,25,2005-05-25,968711.61,6698752.0,0,15,533.0,264.0,143.0,34.0,26.0,38.9,7.92,41.3,71.5,4.3,0.049,40.6,1.03,0.544,23.9,,53.8
1,975,25,2005-09-02,984698.48,6698613.78,0,10,438.0,226.0,200.0,105.0,31.0,34.8,7.2,46.8,81.0,5.06,0.053,33.3,0.83,0.285,1.6,,38.3
1,975,25,2005-09-02,984698.48,6698613.78,13,30,439.0,228.0,194.0,105.0,34.0,33.7,7.4,42.0,72.6,4.57,0.044,32.5,0.77,0.282,2.0,,37.0
1,976,25,2005-07-20,1000685.36,6698475.4,0,30,255.0,267.0,327.0,144.0,7.0,12.0,5.6,28.9,50.0,2.91,0.02,10.2,0.94,0.257,0.5,,25.1
1,976,25,2005-07-20,1000685.36,6698475.4,30,50,313.0,243.0,302.0,131.0,11.0,12.7,6.1,13.2,22.9,1.34,0.006,11.6,0.55,0.251,1.3,,27.0
1,978,44,2003-03-07,313109.07,6688265.29,0,30,142.0,280.0,330.0,169.0,79.0,5.24,5.87,16.29,,1.445,0.091,3.82,0.348,0.22,0.5,,27.4
1,978,44,2003-03-07,313109.07,6688265.29,40,70,251.0,260.0,284.0,130.0,75.0,6.29,5.35,4.031,,0.399,0.008,3.17,0.719,0.18,0.5,,41.0
1,979,44,2003-04-15,329096.3,6688134.98,0,25,113.0,130.0,153.0,266.0,338.0,5.66,6.65,11.093,,1.002,0.077,4.56,0.309,0.32,0.5,,8.6
1,979,44,2003-04-15,329096.3,6688134.98,35,50,142.0,125.0,127.0,241.0,365.0,3.79,6.35,4.901,,0.523,0.039,3.38,0.303,0.28,0.5,,8.0
1,980,44,2003-06-27,345083.42,6688004.46,5,25,500.0,318.0,146.0,27.0,9.0,33.18,7.13,32.964,,3.058,0.064,24.85,6.64,0.31,2.0,,45.4
1,980,44,2003-06-27,345083.42,6688004.46,30,50,402.0,289.0,220.0,72.0,17.0,28.42,7.8,16.654,,1.58,0.096,20.06,5.6,0.34,2.0,,34.0
1,981,44,2003-06-25,361070.59,6687873.78,0,30,130.0,168.0,115.0,148.0,439.0,5.13,5.55,14.318,,1.215,0.058,3.27,0.784,0.26,0.5,,10.0
1,982,44,2003-05-14,377057.74,6687742.9,0,22,171.0,264.0,290.0,156.0,119.0,4.49,5.45,12.462,,1.032,0.036,2.63,0.526,0.23,1.0,,9.48
1,982,44,2003-05-14,377057.74,6687742.9,30,50,281.0,246.0,248.0,123.0,102.0,6.59,5.69,5.509,,0.507,0.009,3.89,1.057,0.19,0.5,,15.0
1,983,49,2002-10-30,393044.85,6687611.83,0,30,192.0,308.0,311.0,81.0,108.0,10.89,6.98,13.987,,1.406,0.055,9.53,0.923,0.15,1.0,,16.7
1,983,49,2002-10-30,393044.85,6687611.83,35,50,252.0,310.0,306.0,69.0,63.0,9.91,6.77,5.118,,0.582,0.014,7.37,1.406,0.12,1.0,,16.0
1,984,49,2003-01-29,409031.93,6687480.54,0,20,173.0,217.0,235.0,154.0,221.0,7.71,6.4,9.679,,1.014,0.104,6.01,0.498,0.44,1.0,,14.0
1,984,49,2003-01-29,409031.93,6687480.54,20,30,177.0,229.0,247.0,152.0,195.0,7.88,6.47,9.549,,1.026,0.109,5.98,0.493,0.5,1.0,,13.0
1,985,49,2003-04-11,425019.0,6687349.02,0,25,150.0,249.0,323.0,104.0,174.0,7.03,5.82,11.044,,1.113,0.022,5.8,0.623,0.2,1.0,,14.3
1,985,49,2003-04-11,425019.0,6687349.02,30,50,232.0,247.0,303.0,94.0,124.0,9.08,6.36,4.988,,0.568,0.007,7.25,1.117,0.14,0.5,,20.0
1,986,49,2003-01-17,441006.13,6687217.39,0,30,303.0,169.0,130.0,144.0,254.0,16.78,8.26,9.895,,1.013,0.043,14.48,0.694,0.54,25.0,,22.7
1,986,49,2003-01-17,441006.13,6687217.39,30,50,305.0,169.0,125.0,133.0,268.0,16.74,8.26,8.855,,0.948,0.017,15.11,0.631,0.29,28.0,,24.0
1,987,49,2007-03-21,456993.25,6687085.62,0,30,124.0,183.0,203.0,249.0,241.0,4.69,4.3,19.6,33.9,1.14,0.005,1.41,0.37,0.099,0.5,,10.3
1,987,49,2007-03-21,456993.25,6687085.62,30,50,247.0,169.0,170.0,204.0,210.0,9.63,4.9,6.85,11.9,0.52,0.005,5.48,1.59,0.139,0.5,,15.4
1,988,49,2002-11-06,472980.26,6686953.62,0,35,95.0,82.0,55.0,214.0,554.0,5.09,7.15,5.372,,0.537,0.124,4.87,0.484,0.46,1.0,,9.1
1,988,49,2002-11-06,472980.26,6686953.62,40,50,113.0,70.0,63.0,221.0,533.0,8.16,7.11,2.724,,0.361,0.083,5.62,0.82,0.34,1.0,,8.0
1,989,37,2001-07-19,488967.09,6686821.47,2,15,70.0,49.0,41.0,284.0,557.0,5.1,6.76,6.25,10.9,0.604,0.115,3.96,0.7,0.5,2.0,,6.97
1,989,37,2001-07-19,488967.09,6686821.47,27,49,70.0,48.0,34.0,263.0,586.0,4.09,6.85,2.5,4.34,0.3,0.09,3.18,0.61,0.37,0.5,,5.77
1,990,37,2006-11-16,504953.94,6686689.13,0,23,108.0,232.0,273.0,171.0,217.0,5.54,4.0,38.5,66.6,1.6,0.013,0.96,0.51,0.212,0.5,,28.1
1,990,37,2006-11-16,504953.94,6686689.13,-6,0,,,,,,34.0,4.5,345.0,598.0,13.5,0.13,26.4,4.64,2.09,0.5,,72.4
1,991,37,2006-11-17,520940.9,6686556.58,0,21,229.0,236.0,234.0,180.0,122.0,11.0,4.7,41.6,72.0,2.38,0.033,6.96,1.79,0.506,0.5,,23.6
1,992,37,2001-07-05,536927.76,6686423.85,0,20,303.0,248.0,169.0,112.0,169.0,20.06,8.14,13.35,24.1,1.44,0.05,22.63,0.33,0.37,181.0,,28.7
1,992,37,2001-07-05,536927.76,6686423.85,25,40,271.0,367.0,133.0,89.0,141.0,19.63,8.26,10.07,20.0,1.01,0.028,19.62,0.24,0.26,346.0,,22.7
1,993,37,2001-08-22,552914.62,6686290.94,0,20,373.0,172.0,190.0,107.0,160.0,27.62,7.49,20.57,36.3,1.99,0.069,25.7,0.52,0.46,5.0,,37.8
1,993,37,2001-08-22,552914.62,6686290.94,25,40,736.0,101.0,62.0,43.0,58.0,39.75,7.7,4.11,7.51,0.55,0.008,37.46,0.54,0.28,3.0,,52.3
1,994,41,2007-04-26,568901.53,6686157.86,0,30,192.0,252.0,219.0,134.0,204.0,4.39,4.92,16.35,28.25,1.14,0.011,2.65,0.71,0.251,0.5,,9.12
1,994,41,2007-04-26,568901.53,6686157.86,30,50,261.0,255.0,207.0,106.0,172.0,5.08,4.91,7.31,12.7,0.55,0.005,2.63,0.9,0.167,0.5,,9.1
1,995,41,2004-06-02,584888.47,6686024.56,0,20,477.0,180.0,69.0,75.0,201.0,26.7,5.9,17.7,30.6,1.79,0.0817,22.2,3.01,0.569,1.23,,39.6
1,995,41,2004-06-02,584888.47,6686024.56,25,50,524.0,143.0,69.0,68.0,198.0,32.4,7.27,8.76,15.2,0.941,0.0146,27.0,3.4,0.297,0.5,,44.0
1,996,41,2004-03-03,600875.42,6685890.97,0,20,44.0,31.0,17.0,77.0,833.0,4.76,7.21,6.09,10.6,0.51,0.0279,2.89,0.0898,0.122,0.5,,3.76
1,996,41,2004-03-03,600875.42,6685890.97,25,50,65.0,33.0,21.0,83.0,799.0,3.64,6.35,1.74,3.01,0.225,0.0684,1.75,0.0233,0.104,0.5,,3.6
1,997,41,2004-03-30,616862.38,6685757.19,0,20,117.0,75.0,45.0,72.0,692.0,9.6,5.69,18.55,32.1,1.66,0.001,6.69,0.649,0.212,0.5,,11.0
1,997,41,2004-03-30,616862.38,6685757.19,25,50,70.0,51.0,34.0,74.0,772.0,5.55,6.76,2.91,5.04,0.323,0.001,3.26,0.239,0.164,0.5,,4.79
1,998,18,2006-09-28,632849.31,6685623.28,0,30,75.0,147.0,122.0,157.0,499.0,0.82,4.8,8.72,15.05,0.472,0.005,0.1,0.05,0.049,0.5,,4.51
1,998,18,2006-09-28,632849.31,6685623.28,30,50,85.0,147.0,123.0,153.0,494.0,0.67,4.82,2.51,4.34,0.18,0.001,0.03,0.05,0.037,0.5,,3.65
1,999,18,2007-02-15,648836.19,6685489.18,0,30,70.0,106.0,70.0,124.0,631.0,2.04,4.36,10.18,17.6,0.646,0.012,0.41,0.09,0.102,0.5,,5.06
1,999,18,2007-02-15,648836.19,6685489.18,30,50,71.0,93.0,60.0,97.0,680.0,1.37,4.71,3.9,6.8,0.286,0.005,0.13,0.03,0.068,0.5,,4.12
1,1000,18,2007-05-24,664823.1,6685354.82,0,30,180.0,316.0,277.0,169.0,60.0,5.75,4.41,17.3,30.0,1.07,0.005,0.59,0.44,0.201,0.5,,12.9
1,1000,18,2007-05-24,664823.1,6685354.82,30,50,329.0,269.0,223.0,134.0,47.0,13.7,4.62,5.5,9.53,0.437,0.005,1.83,1.3,0.235,0.5,,24.1
1,1001,18,2007-02-14,680810.06,6685220.18,0,25,545.0,271.0,151.0,25.0,10.0,46.9,7.43,64.2,111.0,4.32,0.016,49.4,1.29,0.55,8.8,,49.7
1,1002,18,2003-06-04,696797.03,6685085.32,0,30,212.0,222.0,144.0,288.0,135.0,13.27,6.42,9.789,16.9,1.02,0.065,9.55,2.678,0.29,0.5,,17.7
1,1002,18,2003-06-04,696797.03,6685085.32,35,50,230.0,217.0,140.0,249.0,165.0,14.62,6.76,7.493,12.8,0.793,0.034,10.2,3.058,0.22,0.5,,18.5
1,1003,58,2007-03-08,712783.96,6684950.31,0,30,468.0,250.0,156.0,61.0,65.0,27.3,7.5,33.4,57.7,2.26,0.005,28.9,0.91,0.487,24.4,,35.1
1,1004,58,2007-03-07,728770.94,6684815.16,0,30,566.0,197.0,104.0,68.0,65.0,45.9,7.8,56.8,98.3,4.18,0.005,43.3,0.91,0.654,130.0,,52.2
1,1004,58,2007-03-07,728770.94,6684815.16,30,50,266.0,183.0,108.0,243.0,200.0,17.8,8.3,13.4,23.2,1.16,0.005,19.4,0.28,0.235,609.0,,19.5
1,1005,58,2003-04-29,744757.97,6684679.9,3,30,629.0,293.0,62.0,7.0,9.0,31.36,6.72,35.316,,3.861,0.037,28.46,0.832,0.35,0.5,,59.6
1,1005,58,2003-04-29,744757.97,6684679.9,30,50,619.0,297.0,67.0,8.0,9.0,27.93,7.39,14.521,,1.753,0.037,25.03,0.818,0.35,0.5,,50.0
1,1006,58,2007-03-06,760744.94,6684544.43,0,30,133.0,172.0,74.0,113.0,508.0,4.22,4.4,21.3,36.9,1.18,0.023,0.39,0.08,0.092,0.5,,15.0
1,1006,58,2007-03-06,760744.94,6684544.43,30,50,123.0,169.0,73.0,110.0,525.0,3.5,4.4,8.84,15.3,0.51,0.005,0.07,0.05,0.059,0.5,,10.3
1,1007,58,2007-02-28,776731.84,6684408.7,0,30,239.0,275.0,104.0,91.0,291.0,6.13,4.4,67.7,117.0,3.95,0.016,0.24,0.2,0.181,0.5,,26.4
1,1007,58,2007-02-28,776731.84,6684408.7,30,50,189.0,307.0,105.0,103.0,296.0,2.78,4.7,21.1,36.6,1.36,0.005,0.07,0.05,0.065,0.5,,23.2
1,1008,21,2007-02-27,792718.75,6684272.77,0,30,152.0,114.0,46.0,81.0,607.0,4.48,4.8,46.4,80.3,2.27,0.005,0.53,0.24,0.181,1.1,,20.4
1,1008,21,2007-02-27,792718.75,6684272.77,30,50,131.0,112.0,48.0,85.0,624.0,2.18,4.6,13.8,23.9,0.64,0.005,0.14,0.08,0.084,0.5,,10.9
1,1009,21,2008-03-06,808705.65,6684136.65,0,18,360.0,383.0,100.0,29.0,128.0,32.0,7.9,33.0,57.0,3.21,0.048,33.6,0.94,0.697,121.0,,40.9
1,1009,21,2008-03-06,808705.65,6684136.65,20,32,403.0,332.0,88.0,28.0,149.0,28.9,8.0,24.7,42.7,2.6,0.041,30.8,0.77,0.527,132.0,,37.4
1,1010,21,2008-09-25,824692.49,6684000.33,0,25,421.0,374.0,125.0,44.0,36.0,19.5,7.1,22.1,38.3,2.4,0.031,19.0,0.86,0.438,0.5,,31.2
1,1010,21,2008-09-25,824692.49,6684000.33,25,50,439.0,399.0,100.0,26.0,36.0,18.2,7.7,8.77,15.2,1.17,0.014,18.4,0.7,0.323,1.9,,29.0
1,1011,21,2007-03-08,840679.29,6683863.84,0,15,338.0,169.0,305.0,146.0,42.0,21.6,8.0,21.2,36.6,2.15,0.162,22.8,0.69,1.1,91.2,,28.6
1,1012,21,2007-04-12,856666.1,6683727.21,0,35,216.0,316.0,344.0,89.0,35.0,12.9,7.1,9.7,16.8,1.09,0.097,11.8,0.8,0.33,0.5,,13.6
1,1012,21,2007-04-12,856666.1,6683727.21,35,50,213.0,329.0,338.0,85.0,35.0,12.0,7.2,5.76,10.0,0.69,0.021,10.9,0.62,0.16,0.5,,12.7
1,1013,21,2007-04-17,872652.91,6683590.39,0,30,229.0,266.0,308.0,149.0,48.0,15.5,7.3,10.7,18.6,1.11,0.06,14.2,0.56,0.211,3.3,,18.2
1,1013,21,2007-04-17,872652.91,6683590.39,40,50,313.0,243.0,265.0,133.0,46.0,19.8,7.8,6.62,11.5,0.76,0.015,19.7,0.46,0.232,3.7,,19.8
1,1014,39,2004-07-19,888639.72,6683453.35,0,30,301.0,146.0,143.0,298.0,112.0,18.4,7.53,17.1,29.6,1.73,0.0127,17.1,0.767,0.494,6.73,,22.9
1,1014,39,2004-07-19,888639.72,6683453.35,30,50,292.0,121.0,146.0,347.0,94.0,15.4,8.18,5.28,9.14,0.564,0.0048,15.4,0.386,0.285,6.31,,21.0
1,1015,39,2006-11-28,904626.5,6683316.09,0,30,301.0,208.0,210.0,217.0,64.0,11.5,5.1,22.5,38.9,1.83,0.061,9.09,1.05,0.426,0.5,,30.6
1,1015,39,2006-11-28,904626.5,6683316.09,30,50,342.0,202.0,186.0,190.0,80.0,16.8,6.1,9.59,16.6,0.84,0.073,15.3,0.88,0.284,2.1,,30.3
1,1016,25,2007-06-05,920613.2,6683178.63,0,30,238.0,391.0,281.0,38.0,52.0,6.42,4.8,18.5,32.1,1.32,0.005,2.23,0.35,0.137,0.5,,13.0
1,1016,25,2007-06-05,920613.2,6683178.63,30,50,330.0,346.0,243.0,38.0,43.0,9.15,5.0,8.87,15.3,0.72,0.005,4.76,0.4,0.145,0.5,,18.3
1,1017,25,2007-06-07,936599.9,6683041.01,0,30,420.0,368.0,183.0,12.0,17.0,19.1,5.9,39.8,68.8,3.06,0.005,17.4,0.8,0.198,0.5,,34.3
1,1017,25,2007-06-07,936599.9,6683041.01,30,50,532.0,320.0,120.0,11.0,17.0,20.2,6.3,17.9,30.9,1.55,0.005,19.3,0.43,0.181,0.5,,33.0
1,1019,25,2005-06-30,968573.49,6682765.23,0,30,327.0,404.0,228.0,33.0,8.0,20.9,5.8,36.1,62.5,3.71,0.075,18.2,1.52,0.583,0.5,,41.7
1,1020,25,2005-07-21,984560.19,6682627.02,0,19,400.0,360.0,215.0,20.0,5.0,28.2,6.1,57.3,99.2,5.81,0.063,25.2,1.86,0.225,0.5,,49.9
1,1022,85,2007-02-20,296991.89,6672408.37,0,20,68.0,85.0,97.0,217.0,533.0,6.49,7.7,14.0,24.2,1.28,0.28,5.49,1.0,0.933,2.0,0.062,4.91
1,1022,85,2007-02-20,296991.89,6672408.37,25,50,138.0,118.0,101.0,216.0,427.0,4.01,6.7,2.76,4.8,0.33,0.041,3.05,0.82,0.732,0.5,0.101,4.7
1,1024,44,2002-12-16,328965.94,6672147.93,0,25,93.0,167.0,259.0,262.0,219.0,3.45,5.57,12.48,,1.115,0.103,2.25,0.385,0.34,0.5,,9.57
1,1024,44,2002-12-16,328965.94,6672147.93,30,50,346.0,176.0,190.0,160.0,128.0,10.55,5.43,4.53,,0.412,0.006,5.11,2.555,0.35,0.5,,40.0
1,1025,44,2003-07-11,344952.9,6672017.45,10,30,734.0,212.0,45.0,4.0,5.0,17.87,4.72,104.253,,7.903,0.013,10.07,3.873,0.21,1.0,,52.9
1,1025,44,2003-07-11,344952.9,6672017.45,30,50,735.0,219.0,35.0,6.0,5.0,21.76,4.69,142.397,,9.37,0.009,13.01,4.899,0.14,1.0,,62.0
1,1025,44,2003-07-11,344952.9,6672017.45,0,10,773.0,205.0,16.0,2.0,4.0,18.66,4.34,154.67,,14.583,0.032,11.36,4.258,0.95,1.0,,64.0
1,1026,44,2003-02-14,360939.86,6671886.73,0,25,110.0,193.0,165.0,87.0,445.0,5.97,5.79,21.729,,1.632,0.101,4.58,0.53,0.17,1.0,,16.0
1,1026,44,2003-02-14,360939.86,6671886.73,30,50,100.0,207.0,178.0,89.0,426.0,2.3,5.89,6.982,,0.46,0.017,1.46,0.229,0.12,0.5,,11.0
1,1027,85,2005-03-16,376926.77,6671755.81,0,24,150.0,175.0,191.0,127.0,357.0,4.78,5.42,15.4,26.6,1.43,0.065,3.27,0.368,0.185,0.5,,9.17
1,1027,85,2005-03-16,376926.77,6671755.81,30,50,147.0,169.0,169.0,117.0,398.0,4.6,5.62,10.7,18.5,1.02,0.032,2.83,0.296,0.124,0.5,,8.0
1,1028,49,2002-11-08,392913.64,6671624.74,0,30,155.0,217.0,174.0,108.0,346.0,8.06,6.16,14.193,,1.325,0.166,5.59,0.816,0.61,0.5,,11.19
1,1028,49,2002-11-08,392913.64,6671624.74,30,38,219.0,217.0,184.0,94.0,286.0,7.89,6.36,4.248,,0.494,0.041,5.11,0.858,0.8,1.0,,18.0
1,1029,49,2003-04-29,408900.53,6671493.49,0,30,149.0,334.0,262.0,94.0,161.0,6.67,5.88,12.711,,1.195,0.062,5.2,0.423,0.29,0.5,,11.4
1,1029,49,2003-04-29,408900.53,6671493.49,35,50,185.0,307.0,231.0,91.0,186.0,7.32,6.21,8.037,,0.788,0.038,5.51,0.623,0.27,0.5,,15.0
1,1030,49,2002-11-13,424887.45,6671362.01,0,25,140.0,299.0,229.0,112.0,220.0,6.17,6.11,11.33,,1.119,0.101,4.32,0.534,0.34,1.0,,11.6
1,1030,49,2002-11-13,424887.45,6671362.01,35,50,143.0,268.0,207.0,114.0,268.0,5.74,6.48,3.848,,0.411,0.047,3.94,0.494,0.46,1.0,,13.0
1,1031,49,2003-02-24,440874.41,6671230.37,0,30,160.0,255.0,300.0,98.0,187.0,9.09,5.54,15.486,,1.484,0.052,7.07,0.967,0.52,0.5,,13.6
1,1031,49,2003-02-24,440874.41,6671230.37,35,50,286.0,230.0,237.0,71.0,176.0,14.69,6.82,5.04,,0.597,0.016,11.24,1.842,0.29,0.5,,30.0
1,1032,49,2003-06-27,456861.29,6671098.58,0,30,307.0,308.0,241.0,119.0,25.0,20.63,5.84,28.408,,3.0,0.031,16.77,2.387,0.13,0.5,,33.9
1,1032,49,2003-06-27,456861.29,6671098.58,30,50,295.0,310.0,253.0,124.0,18.0,18.11,6.07,15.901,,1.749,0.01,15.4,1.781,0.1,0.5,,24.0
1,1033,86,2007-06-08,472848.07,6670966.62,0,30,52.0,49.0,31.0,372.0,496.0,2.25,4.3,15.3,26.4,0.79,0.005,0.87,0.22,0.059,0.5,,3.73
1,1033,86,2007-06-08,472848.07,6670966.62,30,50,47.0,45.0,39.0,393.0,476.0,1.64,4.5,6.79,11.7,0.35,0.005,0.35,0.1,0.043,0.5,,2.1
1,1034,37,2001-08-09,488834.72,6670834.54,0,20,272.0,154.0,76.0,187.0,312.0,17.58,7.47,14.5,25.3,1.47,0.044,15.44,0.71,0.62,4.0,,24.4
1,1034,37,2001-08-09,488834.72,6670834.54,35,50,341.0,155.0,75.0,158.0,273.0,19.8,8.3,5.19,9.62,0.712,0.014,19.02,0.57,0.29,31.0,,29.4
1,1035,37,2001-08-09,504821.41,6670702.25,0,25,299.0,255.0,164.0,127.0,156.0,24.24,8.11,16.67,29.7,1.75,0.029,22.82,0.45,0.49,158.0,,31.8
1,1035,37,2001-08-09,504821.41,6670702.25,35,50,298.0,271.0,162.0,112.0,159.0,17.58,8.48,6.78,13.7,0.775,0.015,17.14,0.26,0.14,362.0,,22.6
1,1036,37,2001-07-17,520808.14,6670569.65,0,20,192.0,283.0,253.0,99.0,174.0,13.44,8.13,9.14,16.6,0.917,0.033,12.63,0.22,0.29,17.0,,17.5
1,1036,37,2001-07-17,520808.14,6670569.65,30,50,264.0,257.0,212.0,77.0,191.0,15.8,8.13,5.3,10.4,0.571,0.025,14.63,0.26,0.22,19.0,,21.8
1,1037,37,2001-07-19,536794.82,6670436.89,5,25,122.0,307.0,284.0,156.0,132.0,3.77,4.28,24.12,41.8,1.11,0.016,0.17,0.13,0.06,0.5,,10.59
1,1037,37,2001-07-19,536794.82,6670436.89,30,50,235.0,270.0,249.0,132.0,115.0,7.33,4.54,6.07,10.7,0.352,0.001,0.4,0.71,0.07,0.5,,14.8
1,1038,37,2001-09-27,552781.5,6670303.99,0,25,133.0,317.0,336.0,82.0,133.0,7.56,6.7,8.98,15.5,0.861,0.059,6.18,0.4,0.25,2.0,,11.14
1,1038,37,2001-09-27,552781.5,6670303.99,30,50,289.0,305.0,249.0,58.0,101.0,12.46,6.96,3.91,6.69,0.431,0.027,10.18,0.98,0.22,0.5,,21.7
1,1039,37,2001-08-23,568768.26,6670170.9,0,20,146.0,281.0,204.0,120.0,250.0,5.1,5.29,20.34,34.9,1.5,0.182,3.62,0.22,0.31,0.5,,14.49
1,1039,37,2001-08-23,568768.26,6670170.9,35,50,348.0,356.0,111.0,60.0,125.0,8.0,4.71,7.66,13.8,0.581,0.08,3.75,0.21,0.26,2.0,,22.8
1,1040,36,2003-07-31,584755.01,6670037.62,0,25,151.0,394.0,352.0,78.0,26.0,7.33,6.26,11.889,20.6,1.122,0.05,6.46,0.359,0.41,1.0,,10.5
1,1040,36,2003-07-31,584755.01,6670037.62,35,50,228.0,364.0,322.0,63.0,24.0,8.07,6.93,3.202,5.59,0.366,0.01,7.06,0.476,0.16,0.5,,14.4
1,1041,36,2003-07-30,600741.74,6669904.04,0,10,233.0,170.0,152.0,211.0,235.0,14.38,5.26,33.511,54.4,2.56,0.142,11.64,1.676,0.21,0.5,,25.4
1,1042,18,2002-06-12,616728.45,6669770.3,0,30,350.0,142.0,135.0,294.0,81.0,21.85,8.13,15.66,26.7,1.61,0.038,20.62,0.41,0.44,133.0,,35.7
1,1042,18,2002-06-12,616728.45,6669770.3,40,50,291.0,167.0,132.0,338.0,73.0,19.6,8.23,8.47,14.6,0.939,0.009,18.76,0.39,0.2,116.0,,34.8
1,1043,18,2007-02-12,632715.16,6669636.42,0,30,135.0,134.0,106.0,154.0,472.0,5.43,5.11,12.65,22.0,0.843,0.005,3.48,0.71,0.159,0.5,,8.28
1,1043,18,2007-02-12,632715.16,6669636.42,30,50,245.0,131.0,95.0,124.0,406.0,11.1,5.16,3.3,5.7,0.339,0.005,7.11,1.44,0.227,0.5,,18.6
1,1044,18,2002-07-11,648701.84,6669502.33,0,20,515.0,173.0,114.0,53.0,145.0,41.12,8.01,17.08,29.5,1.84,0.039,41.26,0.8,0.41,24.0,,58.1
1,1044,18,2002-07-11,648701.84,6669502.33,30,50,493.0,228.0,108.0,50.0,121.0,37.21,8.5,6.73,,0.67,0.003,36.59,0.57,0.18,127.0,,69.0
1,1045,18,2002-12-05,664688.55,6669367.96,0,25,398.0,232.0,136.0,45.0,190.0,25.79,8.15,19.801,35.3,2.03,0.109,23.35,0.326,0.81,230.0,,32.7
1,1045,18,2002-12-05,664688.55,6669367.96,30,50,293.0,247.0,115.0,62.0,284.0,17.45,8.47,6.006,12.1,0.656,0.019,16.53,0.2,0.29,450.0,,24.0
1,1046,18,2007-04-05,680675.31,6669233.35,0,30,206.0,270.0,203.0,63.0,260.0,7.0,4.84,22.2,38.5,1.37,0.011,4.15,0.85,0.167,0.5,,17.8
1,1046,18,2007-04-05,680675.31,6669233.35,30,50,338.0,245.0,175.0,49.0,193.0,10.9,5.24,4.22,7.31,0.469,0.005,7.64,1.17,0.171,0.5,,19.1
1,1047,18,2007-06-13,696662.07,6669098.51,0,30,146.0,395.0,244.0,44.0,173.0,3.56,6.13,22.3,38.7,1.2,0.005,0.83,0.23,0.117,0.5,,8.32
1,1047,18,2007-06-13,696662.07,6669098.51,30,50,285.0,353.0,206.0,36.0,120.0,6.82,4.58,4.27,7.4,0.355,0.005,1.18,0.57,0.134,0.5,,14.9
1,1048,58,2007-04-17,712648.84,6668963.49,0,30,281.0,358.0,228.0,78.0,55.0,3.74,4.5,33.6,58.0,1.38,0.005,0.33,0.15,0.144,0.5,,14.9
1,1048,58,2007-04-17,712648.84,6668963.49,30,50,314.0,342.0,214.0,80.0,50.0,3.39,4.6,10.7,18.6,0.55,0.005,0.14,0.08,0.078,0.5,,10.5
1,1049,58,2007-04-18,728635.69,6668828.34,0,30,259.0,398.0,222.0,64.0,57.0,7.9,5.3,23.0,39.9,1.4,0.005,5.91,0.54,0.317,0.5,,13.5
1,1049,58,2007-04-18,728635.69,6668828.34,30,50,476.0,292.0,144.0,41.0,47.0,20.3,7.5,7.92,13.7,0.67,0.005,22.7,0.63,0.378,30.9,,24.4
1,1050,58,2003-05-28,744622.58,6668693.1,3,30,232.0,445.0,239.0,28.0,56.0,8.34,5.53,18.919,,1.977,0.016,7.45,0.421,0.1,0.5,,23.6
1,1050,58,2003-05-28,744622.58,6668693.1,30,50,238.0,446.0,234.0,25.0,57.0,7.01,5.8,7.854,,0.878,0.003,6.26,0.232,0.07,0.5,,22.0
1,1051,58,2003-04-16,760609.35,6668557.68,4,23,178.0,175.0,85.0,115.0,447.0,8.84,5.4,26.219,,2.517,0.04,6.23,1.111,0.74,0.5,,19.1
1,1052,58,2007-02-28,776596.06,6668421.98,0,30,209.0,210.0,64.0,70.0,447.0,6.93,4.3,94.4,163.0,5.03,0.025,0.15,0.17,0.15,0.5,,48.0
1,1052,58,2007-02-28,776596.06,6668421.98,30,50,119.0,212.0,73.0,74.0,522.0,2.55,4.6,38.0,65.8,2.07,0.023,0.05,0.04,0.047,0.5,,32.7
1,1053,71,2007-10-27,792582.73,6668286.04,0,30,229.0,215.0,104.0,106.0,346.0,7.67,5.0,42.8,74.1,2.83,0.02,4.07,1.02,0.449,0.5,,25.2
1,1054,21,2007-07-06,808569.4,6668149.91,0,30,189.0,129.0,88.0,348.0,246.0,8.33,5.5,22.6,39.1,2.07,0.018,7.16,0.8,0.337,1.2,,17.1
1,1054,21,2007-07-06,808569.4,6668149.91,30,50,172.0,124.0,68.0,218.0,418.0,6.14,5.9,6.92,12.0,0.73,0.005,4.99,0.53,0.227,1.1,,12.1
1,1055,21,2007-06-14,824556.06,6668013.61,0,30,429.0,341.0,148.0,48.0,34.0,21.7,6.1,31.7,54.9,3.31,0.02,20.4,1.7,0.303,0.5,,25.83
1,1055,21,2007-06-14,824556.06,6668013.61,30,50,407.0,352.0,160.0,47.0,34.0,21.0,6.9,18.8,32.5,2.13,0.013,20.6,1.1,0.228,0.5,,24.2
1,1056,21,2008-10-17,840542.71,6667877.13,0,20,448.0,223.0,191.0,70.0,68.0,32.2,7.9,34.5,59.7,3.37,0.089,32.9,0.93,0.73,130.0,,35.9
1,1057,21,2006-11-30,856529.35,6667740.52,0,30,145.0,389.0,312.0,118.0,36.0,4.45,4.8,13.1,22.7,0.89,0.005,1.56,0.4,0.121,0.5,,9.4
1,1057,21,2006-11-30,856529.35,6667740.52,30,50,197.0,369.0,286.0,112.0,36.0,5.86,5.0,4.52,7.8,0.37,0.005,2.83,0.61,0.118,0.5,,13.4
1,1058,21,2007-10-10,872515.97,6667603.73,0,30,133.0,198.0,231.0,220.0,218.0,5.13,5.8,7.12,12.3,0.76,0.116,4.12,0.37,0.444,0.5,,9.2
1,1058,21,2007-10-10,872515.97,6667603.73,35,50,197.0,217.0,211.0,182.0,193.0,6.76,6.4,4.04,7.0,0.52,0.068,6.23,0.54,0.354,0.5,,11.3
1,1059,39,2003-12-01,888502.56,6667466.7,0,25,285.0,269.0,182.0,153.0,111.0,22.7,8.14,28.2,48.9,2.86,0.0338,22.6,0.393,0.503,387.0,,21.7
1,1060,39,2006-11-28,904489.14,6667329.48,0,30,234.0,454.0,247.0,26.0,39.0,4.23,4.5,21.8,37.7,1.38,0.005,0.25,0.15,0.137,0.5,,19.8
1,1060,39,2006-11-28,904489.14,6667329.48,30,50,238.0,448.0,260.0,22.0,32.0,4.3,4.5,6.88,11.9,0.58,0.005,0.06,0.13,0.067,0.5,,15.9
1,1061,25,2004-09-28,920475.7,6667192.04,0,30,536.0,270.0,151.0,29.0,14.0,28.5,6.9,34.55,59.75,3.2,0.0237,26.6,1.05,0.223,0.78,,36.6
1,1062,25,2007-05-29,936462.28,6667054.4,0,30,431.0,337.0,156.0,72.0,4.0,24.8,7.3,31.8,54.9,2.04,0.005,25.7,0.76,0.352,4.1,,37.4
1,1062,25,2007-05-29,936462.28,6667054.4,30,50,497.0,343.0,79.0,34.0,47.0,22.4,8.2,10.1,17.5,0.83,0.005,24.5,0.31,0.34,301.0,,24.2
1,1063,25,2007-05-31,952448.85,6666916.61,0,30,414.0,298.0,152.0,51.0,85.0,9.31,5.1,29.0,50.1,1.92,0.005,6.08,0.68,0.179,0.5,,20.8
1,1063,25,2007-05-31,952448.85,6666916.61,30,50,530.0,232.0,132.0,41.0,65.0,14.8,5.3,14.5,25.1,1.17,0.005,10.4,0.49,0.171,0.5,,27.3
1,1064,25,2005-08-30,968435.4,6666778.63,0,15,502.0,312.0,123.0,41.0,22.0,31.4,6.4,57.0,98.7,5.93,0.07,29.2,2.11,0.949,1.3,,51.0
1,1067,85,2004-12-07,312848.78,6656291.24,0,30,795.0,158.0,14.0,7.0,26.0,38.0,7.1,29.9,51.7,3.05,0.031,11.9,15.1,2.38,1.9,0.216,50.6
1,1067,85,2004-12-07,312848.78,6656291.24,30,50,851.0,127.0,20.0,1.0,1.0,39.2,7.9,6.9,11.9,1.08,0.013,7.98,15.4,3.5,1.2,0.39,41.0
1,1068,85,2005-05-19,328835.64,6656161.04,0,30,175.0,71.0,59.0,152.0,543.0,12.9,6.61,24.1,41.7,2.21,0.109,10.0,1.71,0.233,0.5,,18.4
1,1068,85,2005-05-19,328835.64,6656161.04,35,50,225.0,54.0,58.0,142.0,521.0,13.0,8.03,4.86,8.41,0.527,0.021,9.52,2.31,0.143,2.02,,15.0
1,1069,44,2003-02-12,344822.43,6656030.6,0,30,103.0,165.0,117.0,117.0,498.0,2.62,5.28,11.639,,0.989,0.131,2.12,0.317,0.37,0.5,,10.86
1,1069,44,2003-02-12,344822.43,6656030.6,40,50,121.0,164.0,111.0,105.0,499.0,2.38,5.18,7.025,,0.56,0.037,1.11,0.164,0.17,0.5,,14.0
1,1070,85,2005-02-23,360809.18,6655899.89,0,26,138.0,238.0,269.0,194.0,161.0,5.67,5.9,11.3,19.5,1.09,0.094,4.43,0.5,0.312,0.5,,9.07
1,1070,85,2005-02-23,360809.18,6655899.89,30,50,145.0,242.0,274.0,186.0,153.0,5.38,6.1,8.25,14.3,0.82,0.075,4.23,0.52,0.332,0.5,,10.0
1,1071,85,2005-02-25,376795.84,6655769.0,0,25,176.0,213.0,247.0,226.0,138.0,11.1,7.1,16.5,28.6,1.6,0.091,9.43,0.82,0.376,0.5,,16.3
1,1071,85,2005-02-25,376795.84,6655769.0,30,50,191.0,205.0,237.0,217.0,150.0,10.4,7.0,12.7,22.0,1.26,0.057,8.69,1.02,0.273,0.5,,16.0
1,1072,85,2005-12-14,392782.5,6655637.94,0,27,102.0,98.0,79.0,91.0,630.0,5.62,5.9,22.2,38.4,2.04,0.179,5.08,0.44,0.394,0.5,,11.8
1,1073,79,2002-07-03,408769.17,6655506.69,0,20,162.0,187.0,158.0,151.0,342.0,12.28,6.7,30.8,,2.98,0.253,10.43,1.13,0.8,0.5,,23.5
1,1074,79,2006-03-14,424755.89,6655375.24,0,25,116.0,109.0,103.0,142.0,530.0,3.67,5.2,15.9,27.6,1.43,0.164,2.56,0.24,0.235,0.5,,9.22
1,1075,79,2002-08-07,440742.62,6655243.58,0,20,139.0,238.0,279.0,154.0,190.0,10.2,6.1,13.01,,1.3,0.038,7.72,1.19,0.1,0.5,,16.8
1,1076,79,2002-07-26,456729.26,6655111.77,0,15,304.0,218.0,186.0,120.0,172.0,19.17,6.6,18.87,,1.99,0.181,15.18,1.98,1.08,0.5,,25.0
1,1077,86,2003-10-23,472715.82,6654979.81,0,25,329.0,141.0,121.0,193.0,216.0,19.68,7.77,15.454,,1.556,0.158,20.44,1.081,0.71,8.0,,29.6
1,1077,86,2003-10-23,472715.82,6654979.81,30,45,385.0,144.0,109.0,170.0,192.0,20.96,7.62,8.779,,0.985,0.018,20.46,1.067,0.38,2.0,,31.0
1,1078,86,2002-10-01,488702.35,6654847.77,0,25,492.0,160.0,101.0,120.0,127.0,38.47,7.96,14.299,,1.504,0.041,33.34,1.142,0.744,5.0,,51.4
1,1078,86,2002-10-01,488702.35,6654847.77,35,50,508.0,161.0,101.0,132.0,98.0,41.85,8.21,5.248,,0.659,0.001,37.18,0.796,0.632,38.0,,62.0
1,1079,37,2001-07-17,504688.86,6654715.51,0,25,84.0,92.0,96.0,237.0,492.0,3.6,5.22,10.27,18.0,0.869,0.157,2.75,0.36,0.25,0.5,,7.72
1,1079,37,2001-07-17,504688.86,6654715.51,35,50,415.0,63.0,55.0,185.0,283.0,28.52,5.36,3.27,5.95,0.379,0.011,24.2,2.11,0.35,0.5,,46.2
1,1080,86,2002-10-15,520675.39,6654582.92,0,25,156.0,160.0,120.0,129.0,435.0,15.45,7.27,22.662,,1.917,0.081,14.07,0.652,0.23,3.0,,15.9
1,1081,37,2006-11-15,536661.88,6654450.15,0,30,92.0,314.0,230.0,176.0,189.0,5.53,3.68,40.85,70.7,1.16,0.005,1.1,0.63,0.33,0.5,,17.6
1,1081,37,2006-11-15,536661.88,6654450.15,-17,0,,,,,,41.2,4.1,411.0,711.0,12.4,0.051,23.5,6.45,1.35,0.5,,89.1
1,1082,36,2002-10-03,552648.41,6654317.21,0,30,92.0,170.0,168.0,118.0,454.0,4.6,5.27,13.22,21.8,1.099,0.073,2.96,0.54,0.13,0.5,,7.58
1,1083,36,2002-10-02,568635.0,6654184.12,0,30,113.0,328.0,305.0,127.0,129.0,4.76,6.54,8.593,14.9,0.766,0.047,3.56,0.194,0.27,0.5,,6.63
1,1083,36,2002-10-02,568635.0,6654184.12,40,50,188.0,319.0,284.0,103.0,108.0,5.2,5.25,2.185,3.82,0.278,0.003,3.14,0.444,0.24,1.0,,10.2
1,1084,36,2003-07-23,584621.54,6654050.83,0,25,205.0,317.0,316.0,101.0,62.0,9.72,6.5,8.743,15.1,0.942,0.06,9.0,0.593,0.24,0.5,,14.6
1,1084,36,2003-07-23,584621.54,6654050.83,30,50,341.0,299.0,256.0,73.0,32.0,15.23,7.22,4.129,7.18,0.582,0.01,14.0,0.707,0.27,0.5,,25.7
1,1085,36,2003-07-24,600608.04,6653917.3,0,30,426.0,265.0,204.0,78.0,28.0,25.52,8.1,17.65,30.7,1.894,0.072,25.76,0.555,0.35,34.0,,32.7
1,1085,36,2003-07-24,600608.04,6653917.3,30,50,360.0,278.0,167.0,66.0,130.0,19.48,8.28,10.103,18.8,1.108,0.026,20.84,0.36,0.24,273.0,,26.0
1,1086,36,2002-07-30,616594.55,6653783.63,0,25,431.0,295.0,231.0,35.0,8.0,24.49,7.5,17.78,30.7,1.83,0.082,23.0,0.9,0.43,1.0,,31.7
1,1086,36,2002-07-30,616594.55,6653783.63,35,50,502.0,272.0,195.0,27.0,6.0,28.53,8.01,11.52,19.9,1.31,0.028,27.93,0.77,0.32,10.0,,44.1
1,1087,18,2002-12-04,632581.04,6653649.8,0,25,438.0,226.0,148.0,54.0,136.0,28.43,8.11,20.972,36.9,2.137,0.065,26.18,0.444,0.7,141.0,,45.9
1,1087,18,2002-12-04,632581.04,6653649.8,30,50,415.0,212.0,141.0,54.0,180.0,26.4,8.29,11.72,20.9,1.292,0.014,24.17,0.44,0.35,164.0,,37.8
1,1088,18,2002-07-10,648567.54,6653515.67,0,25,255.0,289.0,218.0,54.0,185.0,13.84,7.13,7.99,8.47,0.923,0.073,11.91,1.04,0.28,1.0,,18.6
1,1088,18,2002-07-10,648567.54,6653515.67,35,50,480.0,228.0,146.0,33.0,114.0,22.93,7.7,8.13,19.8,0.92,0.008,21.08,0.81,0.19,2.0,,45.1
1,1089,18,2003-02-19,664554.06,6653381.3,0,20,342.0,131.0,55.0,49.0,424.0,22.55,8.15,24.134,43.8,2.532,0.079,20.69,0.563,0.63,132.0,,37.6
1,1090,18,2003-02-20,680540.6,6653246.73,0,20,522.0,263.0,149.0,25.0,43.0,39.28,8.0,22.389,38.8,2.391,0.038,36.75,0.804,0.61,13.0,,51.6
1,1091,18,2007-04-04,696527.16,6653111.93,0,30,54.0,104.0,78.0,77.0,688.0,2.27,4.49,13.75,23.8,0.892,0.011,0.71,0.19,0.137,0.5,,4.74
1,1091,18,2007-04-04,696527.16,6653111.93,30,50,95.0,105.0,60.0,81.0,660.0,2.52,4.62,4.06,7.01,0.315,0.005,0.26,0.09,0.066,0.5,,4.71
1,1092,58,2003-04-10,712513.74,6652976.91,0,30,147.0,143.0,111.0,238.0,361.0,8.93,5.89,17.949,,1.76,0.067,7.93,1.133,0.17,0.5,,20.7
1,1092,58,2003-04-10,712513.74,6652976.91,30,50,151.0,149.0,106.0,231.0,363.0,7.44,6.35,5.891,,0.659,0.023,6.32,0.729,0.16,0.5,,14.0
1,1093,58,2003-01-21,728500.43,6652841.75,5,30,501.0,252.0,157.0,53.0,37.0,33.77,8.07,41.836,,4.222,0.024,32.44,0.932,0.57,271.0,,36.4
1,1093,58,2003-01-21,728500.43,6652841.75,30,50,463.0,239.0,158.0,75.0,65.0,24.21,8.46,10.221,,1.122,0.006,23.18,0.41,0.45,354.0,,42.0
1,1094,58,2003-11-14,744487.13,6652706.49,0,30,139.0,442.0,323.0,50.0,46.0,3.53,6.08,10.6,18.3,1.06,0.0187,2.99,0.168,0.0872,0.5,,8.6
1,1094,58,2003-11-14,744487.13,6652706.49,37,50,249.0,418.0,270.0,33.0,30.0,6.57,5.99,2.68,4.64,0.392,0.0068,4.8,0.595,0.126,1.05,,12.0
1,1095,58,2003-12-11,760473.75,6652571.09,0,30,552.0,260.0,124.0,31.0,33.0,24.3,6.86,29.2,50.6,2.93,0.0152,23.8,1.39,0.484,1.3,,28.9
1,1095,58,2003-12-11,760473.75,6652571.09,30,50,617.0,228.0,107.0,26.0,22.0,25.1,7.87,11.6,20.0,1.3,0.0042,24.3,0.607,0.507,5.33,,24.0
1,1096,58,2008-03-05,776460.27,6652435.42,0,30,192.0,210.0,63.0,56.0,479.0,6.87,4.2,84.6,146.0,4.13,0.046,0.38,0.26,0.214,0.5,,45.9
1,1096,58,2008-03-05,776460.27,6652435.42,30,50,113.0,264.0,101.0,93.0,429.0,1.82,4.6,44.0,76.1,2.13,0.021,0.15,0.06,0.064,0.5,,43.1
1,1097,71,2003-03-21,792446.72,6652299.45,0,30,194.0,275.0,149.0,121.0,261.0,5.74,5.15,18.232,,1.707,0.026,4.4,0.6,0.38,1.0,,16.7
1,1097,71,2003-03-21,792446.72,6652299.45,30,50,235.0,284.0,160.0,120.0,201.0,4.78,5.46,8.89,,0.915,0.015,3.76,0.32,0.23,0.5,,17.0
1,1098,71,2007-02-02,808433.2,6652163.34,0,30,296.0,199.0,115.0,283.0,107.0,12.8,6.0,23.5,40.7,1.48,0.005,11.4,0.39,0.39,0.5,,23.6
1,1098,71,2007-02-02,808433.2,6652163.34,30,50,497.0,194.0,100.0,139.0,70.0,24.0,8.0,8.54,14.8,0.69,0.005,23.5,0.18,0.397,24.1,,26.1
1,1099,21,2007-11-29,824419.68,6652027.09,0,22,480.0,214.0,113.0,100.0,93.0,25.2,8.1,21.8,37.7,2.14,0.035,26.4,0.73,0.47,106.0,,29.8
1,1099,21,2007-11-29,824419.68,6652027.09,30,50,494.0,219.0,107.0,89.0,91.0,23.3,8.2,11.4,19.8,1.26,0.031,24.9,0.58,0.369,109.0,,32.5
1,1100,21,2008-02-28,840406.14,6651890.64,0,28,172.0,241.0,222.0,105.0,260.0,9.39,6.4,10.4,18.0,0.98,0.082,8.49,0.68,0.44,0.5,,14.9
1,1100,21,2008-02-28,840406.14,6651890.64,30,50,212.0,246.0,202.0,95.0,245.0,11.2,7.1,5.78,10.0,0.62,0.044,10.1,0.61,0.285,0.5,,18.0
1,1101,71,2003-02-25,856392.59,6651754.07,0,30,215.0,218.0,339.0,158.0,70.0,10.42,6.42,8.093,,0.824,0.089,8.86,1.076,0.51,0.5,,16.6
1,1101,71,2003-02-25,856392.59,6651754.07,35,50,342.0,241.0,278.0,116.0,23.0,16.78,7.01,2.444,,0.364,0.017,13.82,2.544,0.25,0.5,,31.0
1,1102,39,2004-05-10,872379.05,6651617.29,0,14,544.0,276.0,126.0,36.0,18.0,42.5,8.21,19.2,33.2,2.15,0.0468,38.9,0.735,0.43,103.0,,42.7
1,1102,39,2004-05-10,872379.05,6651617.29,20,30,550.0,277.0,119.0,34.0,20.0,42.4,8.27,18.2,31.5,2.03,0.0355,39.0,0.694,0.432,117.0,,39.0
1,1103,39,2004-09-30,888365.45,6651480.24,0,22,137.0,296.0,201.0,183.0,183.0,5.14,6.6,9.26,16.0,0.82,0.069,4.73,0.327,0.167,0.5,,9.1
1,1103,39,2004-09-30,888365.45,6651480.24,25,50,179.0,285.0,191.0,167.0,178.0,4.48,6.1,4.66,8.07,0.46,0.026,3.35,0.437,0.14,0.5,,10.0
1,1104,39,2005-06-10,904351.82,6651343.03,0,30,412.0,329.0,159.0,76.0,24.0,38.4,8.07,44.7,77.3,4.62,0.018,43.8,0.471,0.299,118.0,,43.6
1,1104,39,2005-06-10,904351.82,6651343.03,30,50,395.0,341.0,148.0,82.0,34.0,30.9,8.28,14.0,24.3,1.68,0.006,29.2,0.374,0.245,143.0,,36.0
1,1105,39,2005-06-23,920338.24,6651205.62,0,30,435.0,245.0,160.0,98.0,62.0,28.4,6.9,31.0,53.7,3.19,0.022,21.4,5.62,0.221,0.5,,40.7
1,1105,39,2005-06-23,920338.24,6651205.62,30,50,420.0,253.0,151.0,104.0,72.0,26.2,7.4,17.4,30.1,1.76,0.008,20.5,5.18,0.211,0.5,,38.0
1,1107,25,2005-07-25,952311.03,6650930.16,0,20,163.0,360.0,272.0,116.0,89.0,50.3,7.4,83.5,144.0,8.35,0.039,49.6,1.22,0.333,18.8,,62.3
1,1112,85,2007-06-26,328705.32,6640174.3,0,30,33.0,43.0,40.0,136.0,748.0,2.39,5.0,12.7,22.0,0.75,0.005,1.07,0.51,0.098,0.5,,5.18
1,1112,85,2007-06-26,328705.32,6640174.3,30,50,49.0,71.0,62.0,174.0,644.0,2.45,5.7,9.71,16.8,0.54,0.005,1.41,0.5,0.085,0.5,,6.1
1,1113,85,2005-02-15,344691.89,6640043.89,0,25,100.0,136.0,194.0,211.0,359.0,5.55,7.0,9.02,15.6,0.77,0.086,4.77,0.47,0.221,0.5,,6.19
1,1113,85,2005-02-15,344691.89,6640043.89,30,50,179.0,193.0,156.0,167.0,305.0,7.08,6.3,3.92,6.7,0.39,0.028,5.45,0.82,0.358,0.5,,10.0
1,1114,85,2005-04-05,360678.45,6639913.24,0,30,136.0,203.0,237.0,123.0,301.0,5.1,6.75,8.42,14.6,0.805,0.13,4.19,0.408,0.167,0.5,,7.66
1,1114,85,2005-04-05,360678.45,6639913.24,35,50,165.0,214.0,222.0,127.0,272.0,4.84,6.79,5.91,10.2,0.573,0.087,3.45,0.469,0.24,0.5,,8.0
1,1115,85,2005-03-15,376664.95,6639782.41,0,20,152.0,250.0,296.0,166.0,136.0,4.23,5.07,10.8,18.7,1.05,0.064,2.03,0.37,0.375,1.38,,9.9
1,1115,85,2005-03-15,376664.95,6639782.41,30,50,168.0,252.0,293.0,161.0,126.0,4.78,5.31,8.46,14.6,0.837,0.058,2.8,0.495,0.248,0.5,,10.0
1,1116,85,2005-12-13,392651.38,6639651.37,0,30,136.0,246.0,171.0,108.0,339.0,6.65,7.0,12.6,21.7,1.2,0.132,6.29,0.41,0.341,0.5,,8.47
1,1116,85,2005-12-13,392651.38,6639651.37,35,50,187.0,272.0,184.0,107.0,250.0,5.87,7.1,5.49,9.4,0.66,0.043,5.31,0.44,0.312,1.3,,8.0
1,1117,85,2005-04-27,408637.85,6639520.13,0,25,235.0,248.0,133.0,137.0,247.0,5.51,5.22,27.1,46.9,2.6,0.027,4.13,0.925,0.126,0.5,,19.6
1,1117,85,2005-04-27,408637.85,6639520.13,30,50,219.0,221.0,149.0,157.0,254.0,3.74,5.37,10.2,17.6,1.02,0.008,2.04,0.576,0.0604,0.5,,14.0
1,1118,79,2002-06-07,424624.34,6639388.7,0,30,147.0,224.0,236.0,201.0,192.0,6.07,5.2,16.47,,1.73,0.032,4.21,0.75,0.13,1.0,,30.0
1,1118,79,2002-06-07,424624.34,6639388.7,30,50,144.0,232.0,244.0,206.0,174.0,4.06,5.3,8.42,,0.95,0.024,2.75,0.26,0.06,0.5,,14.0
1,1119,79,2007-06-11,440610.83,6639257.04,0,30,170.0,160.0,108.0,119.0,443.0,2.41,4.3,24.6,42.5,1.02,0.005,0.14,0.28,0.17,0.5,,8.19
1,1119,79,2007-06-11,440610.83,6639257.04,30,50,338.0,178.0,83.0,87.0,314.0,2.69,4.4,4.51,7.8,0.28,0.005,0.07,0.14,0.141,0.5,,7.8
1,1119,79,2007-06-11,440610.83,6639257.04,-10,0,,,,,,27.3,4.3,305.0,527.0,14.3,0.099,7.59,6.43,1.4,1.3,,57.7
1,1120,79,2003-01-31,456597.27,6639125.22,0,20,156.0,283.0,293.0,106.0,162.0,9.07,6.08,17.901,,1.743,0.049,8.22,0.742,0.19,1.0,,11.9
1,1120,79,2003-01-31,456597.27,6639125.22,20,40,159.0,272.0,286.0,100.0,183.0,8.41,6.36,12.094,,1.219,0.032,7.32,0.705,0.21,1.0,,11.0
1,1121,86,2003-10-22,472583.63,6638993.24,0,25,330.0,267.0,122.0,106.0,175.0,20.72,8.23,21.638,,2.11,0.058,20.99,0.669,0.45,430.0,,28.1
1,1121,86,2003-10-22,472583.63,6638993.24,35,50,256.0,263.0,110.0,127.0,244.0,13.27,8.39,10.04,,0.991,0.023,14.49,0.315,0.22,606.0,,21.0
1,1122,86,2004-03-31,488570.0,6638861.15,0,25,371.0,158.0,73.0,154.0,244.0,35.2,8.19,20.5,35.4,2.19,0.0941,34.7,0.843,0.617,312.0,,43.1
1,1122,86,2004-03-31,488570.0,6638861.15,30,50,289.0,228.0,74.0,163.0,246.0,22.7,8.62,3.08,5.34,0.482,0.001,19.3,0.445,0.238,628.0,,24.0
1,1123,86,2004-04-28,504556.34,6638728.9,0,30,39.0,28.0,31.0,228.0,674.0,2.13,6.05,5.3,9.16,0.473,0.0571,1.65,0.134,0.144,0.5,,2.93
1,1123,86,2004-04-28,504556.34,6638728.9,30,50,39.0,28.0,33.0,244.0,656.0,1.91,6.29,2.35,4.07,0.248,0.0519,1.42,0.0643,0.113,0.5,,2.0
1,1124,86,2002-10-17,520542.64,6638596.38,0,18,157.0,283.0,265.0,149.0,146.0,9.03,7.35,15.342,,1.146,0.101,7.87,0.333,0.42,2.0,,10.9
1,1125,37,2006-11-14,536528.96,6638463.63,0,30,180.0,333.0,238.0,88.0,163.0,5.81,4.26,29.4,50.8,1.67,0.005,0.66,0.35,0.058,0.5,,14.88
1,1125,37,2006-11-14,536528.96,6638463.63,30,50,420.0,233.0,180.0,58.0,110.0,15.5,5.24,6.25,10.8,0.486,0.005,7.03,4.06,0.24,0.5,,29.5
1,1125,37,2006-11-14,536528.96,6638463.63,-10,0,,,,,,29.0,4.2,383.0,663.0,13.6,0.039,17.5,5.87,0.417,0.5,,84.5
1,1126,36,2002-10-01,552515.33,6638330.7,0,30,319.0,145.0,118.0,142.0,277.0,22.02,8.19,15.611,25.4,1.562,0.021,21.26,0.403,0.44,96.0,,31.1
1,1126,36,2002-10-01,552515.33,6638330.7,35,50,308.0,256.0,188.0,119.0,130.0,16.54,8.55,4.452,7.31,0.579,0.001,16.19,0.299,0.17,572.0,,27.1
1,1127,36,2002-08-01,568501.73,6638197.57,0,25,262.0,218.0,94.0,126.0,302.0,19.38,6.02,13.95,24.4,1.45,0.009,17.27,1.23,0.13,0.5,,58.9
1,1128,36,2002-09-24,584488.05,6638064.26,0,25,216.0,103.0,79.0,155.0,448.0,13.9,7.69,13.619,23.7,1.423,0.106,13.15,0.284,0.27,3.0,,14.3
1,1128,36,2002-09-24,584488.05,6638064.26,30,50,443.0,95.0,60.0,113.0,290.0,23.01,8.1,7.362,13.5,0.911,0.012,21.66,0.307,0.22,33.0,,29.3
1,1129,36,2002-07-31,600474.36,6637930.78,0,25,428.0,138.0,85.0,88.0,262.0,25.14,7.97,18.79,32.6,1.93,0.057,24.78,0.49,0.26,13.0,,33.53
1,1129,36,2002-07-31,600474.36,6637930.78,40,50,444.0,75.0,34.0,110.0,338.0,20.5,8.29,5.18,7.46,0.534,0.003,19.88,0.32,0.19,7.0,,34.4
1,1130,36,2007-04-03,616460.68,6637797.17,0,30,157.0,172.0,92.0,136.0,444.0,4.32,4.69,13.55,23.5,0.759,0.005,1.44,0.27,0.112,0.5,,8.88
1,1130,36,2007-04-03,616460.68,6637797.17,30,50,453.0,112.0,53.0,79.0,304.0,14.1,4.74,5.41,9.38,0.391,0.005,6.33,0.93,0.252,0.5,,24.2
1,1131,18,2003-10-22,632446.97,6637663.34,0,30,178.0,215.0,175.0,138.0,295.0,10.19,6.91,19.84,34.8,1.882,0.013,10.46,0.545,0.11,1.0,,13.2
1,1131,18,2003-10-22,632446.97,6637663.34,30,50,217.0,218.0,163.0,108.0,294.0,6.69,7.44,4.192,7.24,0.454,0.002,7.06,0.44,0.1,1.0,,12.7
1,1132,18,2003-10-23,648433.28,6637529.2,0,25,373.0,299.0,77.0,67.0,185.0,23.14,8.11,28.411,53.4,2.822,0.031,24.1,0.362,0.46,557.0,,31.4
1,1132,18,2003-10-23,648433.28,6637529.2,35,50,252.0,301.0,70.0,84.0,293.0,9.6,8.45,6.631,12.5,0.743,0.01,12.16,0.175,0.24,771.0,,14.6
1,1133,18,2007-06-13,664419.61,6637394.82,0,30,815.0,71.0,24.0,23.0,68.0,50.2,5.52,35.8,61.9,2.88,0.005,40.6,3.34,0.74,0.5,,70.1
1,1133,18,2007-06-13,664419.61,6637394.82,30,50,804.0,73.0,23.0,20.0,82.0,58.3,7.38,6.19,10.7,0.601,0.005,57.2,2.86,0.711,18.0,,72.6
1,1134,18,2002-10-16,680405.93,6637260.28,0,20,173.0,271.0,289.0,156.0,112.0,5.75,5.41,9.987,17.5,0.978,0.043,4.33,0.348,0.23,1.0,,10.34
1,1134,18,2002-10-16,680405.93,6637260.28,35,50,303.0,270.0,236.0,121.0,71.0,9.92,6.03,3.718,6.65,0.445,0.008,7.76,0.821,0.24,0.5,,18.5
1,1135,18,2002-10-17,696392.27,6637125.52,0,30,84.0,62.0,39.0,128.0,688.0,3.5,5.38,14.046,23.0,1.32,0.018,2.28,0.293,0.14,0.5,,7.02
1,1135,18,2002-10-17,696392.27,6637125.52,30,50,77.0,63.0,41.0,135.0,685.0,2.41,6.18,3.553,5.91,0.362,0.005,1.62,0.229,0.08,0.5,,4.09
1,1136,58,2003-11-27,712378.69,6636990.54,0,24,130.0,174.0,134.0,331.0,231.0,4.75,5.62,20.2,34.9,1.4,0.0239,3.05,1.02,0.259,1.05,,11.6
1,1136,58,2003-11-27,712378.69,6636990.54,26,50,214.0,167.0,128.0,298.0,193.0,6.79,5.21,6.85,11.8,0.51,0.0044,2.76,2.1,0.253,0.5,,10.0
1,1137,58,2003-05-16,728365.2,6636855.4,5,30,73.0,77.0,51.0,133.0,666.0,3.5,5.7,8.0,13.8,0.72,0.029,2.05,0.74,0.18,0.5,,5.81
1,1137,58,2003-05-16,728365.2,6636855.4,30,50,55.0,51.0,28.0,83.0,783.0,2.7,5.6,4.08,7.0,0.39,0.021,1.7,0.57,0.18,0.5,,5.0
1,1138,58,2007-04-19,744351.68,6636720.1,0,30,123.0,247.0,172.0,95.0,363.0,3.01,4.6,15.3,26.5,0.89,0.02,0.4,0.19,0.174,0.5,,6.96
1,1138,58,2007-04-19,744351.68,6636720.1,30,50,185.0,266.0,168.0,88.0,293.0,3.4,4.5,3.51,6.1,0.32,0.005,0.13,0.15,0.125,0.5,,8.6
1,1139,58,2003-05-15,760338.12,6636584.66,5,30,145.0,321.0,181.0,107.0,246.0,5.4,6.0,13.4,23.0,1.14,0.029,4.69,0.26,0.08,1.0,,10.69
1,1139,58,2003-05-15,760338.12,6636584.66,30,50,178.0,343.0,186.0,99.0,194.0,4.5,6.4,5.12,8.8,0.45,0.009,3.83,0.21,0.07,0.5,,10.0
1,1140,58,2003-05-23,776324.44,6636448.97,5,30,218.0,195.0,78.0,89.0,420.0,9.6,5.5,15.75,27.1,1.63,0.023,7.56,1.11,0.23,0.5,,17.0
1,1140,58,2003-05-23,776324.44,6636448.97,30,50,227.0,203.0,81.0,86.0,403.0,7.0,5.6,7.12,12.2,0.79,0.039,5.34,0.85,0.2,1.0,,16.0
1,1141,71,2003-03-17,792310.7,6636313.04,0,30,148.0,111.0,72.0,125.0,544.0,3.23,5.36,10.887,,1.03,0.022,3.18,0.31,0.22,0.5,,7.45
1,1141,71,2003-03-17,792310.7,6636313.04,30,50,172.0,109.0,90.0,136.0,493.0,2.62,5.85,3.546,,0.368,0.008,2.54,0.206,0.15,0.5,,7.0
1,1142,71,2003-03-19,808297.04,6636176.97,0,30,218.0,171.0,85.0,115.0,411.0,7.55,5.05,35.936,,2.456,0.052,5.69,0.491,0.21,0.5,,27.4
1,1142,71,2003-03-19,808297.04,6636176.97,30,50,187.0,172.0,91.0,101.0,449.0,6.6,5.57,16.448,,1.067,0.052,5.44,0.26,0.07,0.5,,20.0
1,1143,71,2007-02-06,824283.33,6636040.75,0,30,144.0,148.0,109.0,146.0,453.0,6.0,4.3,60.0,104.0,2.95,0.032,1.02,0.3,0.185,0.5,,17.3
1,1143,71,2007-02-06,824283.33,6636040.75,30,40,109.0,148.0,124.0,166.0,453.0,3.77,4.6,28.7,49.7,1.33,0.025,0.23,0.09,0.106,1.2,,16.3
1,1144,71,2003-04-11,840269.58,6635904.33,0,30,733.0,214.0,38.0,12.0,3.0,47.33,6.86,41.751,,4.249,0.015,44.8,2.851,0.297,0.5,,86.5
1,1145,71,2003-03-11,856255.85,6635767.78,0,35,115.0,210.0,287.0,339.0,49.0,2.31,4.63,6.937,,0.709,0.091,1.69,0.402,0.28,0.5,,8.63
1,1145,71,2003-03-11,856255.85,6635767.78,40,50,167.0,244.0,254.0,272.0,63.0,4.65,5.46,2.949,,0.369,0.03,3.5,0.687,0.3,1.0,,14.0
1,1146,71,2003-03-07,872242.12,6635631.0,0,30,134.0,296.0,347.0,149.0,74.0,6.07,6.11,9.872,,0.928,0.041,5.22,0.636,0.18,0.5,,10.13
1,1146,71,2003-03-07,872242.12,6635631.0,30,50,283.0,308.0,263.0,98.0,48.0,11.25,6.32,4.746,,0.521,0.007,9.32,1.223,0.17,0.5,,28.0
1,1147,39,2006-12-06,888228.37,6635493.96,0,30,180.0,368.0,216.0,179.0,57.0,3.19,5.0,12.5,21.6,0.88,0.005,0.39,0.16,0.126,0.5,,11.02
1,1147,39,2006-12-06,888228.37,6635493.96,30,50,239.0,360.0,208.0,146.0,47.0,4.73,4.7,4.08,7.1,0.42,0.005,0.31,0.19,0.084,0.5,,13.1
1,1148,39,2006-12-04,904214.57,6635356.74,0,30,479.0,215.0,100.0,92.0,114.0,23.6,5.7,41.3,71.5,3.56,0.005,21.5,1.16,0.232,0.5,,44.5
1,1148,39,2006-12-04,904214.57,6635356.74,30,50,573.0,180.0,64.0,65.0,118.0,26.6,6.4,27.1,46.9,2.5,0.005,25.1,0.72,0.237,1.2,,46.1
1,1149,39,2005-08-03,920200.83,6635219.34,0,12,167.0,349.0,296.0,154.0,34.0,40.4,7.8,53.8,93.1,5.7,0.064,38.4,0.54,0.376,21.9,,43.5
1,1149,39,2005-08-03,920200.83,6635219.34,14,24,239.0,378.0,222.0,124.0,37.0,39.7,7.8,52.0,89.9,5.55,0.061,38.5,0.53,0.376,25.7,,39.0
1,1150,39,2005-06-03,936187.07,6635081.7,0,20,138.0,364.0,295.0,133.0,70.0,42.6,7.84,61.4,106.0,6.69,0.093,46.6,1.34,1.14,73.8,,52.2
1,1151,25,2007-05-22,952173.25,6634943.9,0,30,408.0,310.0,203.0,63.0,16.0,41.9,6.2,86.0,149.0,5.53,0.014,37.9,0.97,0.216,1.1,,48.4
1,1153,85,2005-05-20,328574.99,6624187.78,0,30,85.0,97.0,204.0,188.0,426.0,4.1,5.96,9.35,16.2,0.918,0.066,2.66,0.601,0.124,0.5,,5.32
1,1153,85,2005-05-20,328574.99,6624187.78,30,50,121.0,108.0,185.0,173.0,413.0,4.87,6.38,6.98,12.1,0.787,0.052,3.37,0.745,0.145,0.5,,7.0
1,1154,85,2006-12-21,344561.36,6624057.39,0,25,212.0,269.0,97.0,89.0,333.0,7.6,6.0,19.5,33.7,2.14,0.114,5.19,0.97,0.641,0.5,,21.3
1,1154,85,2006-12-21,344561.36,6624057.39,30,50,204.0,259.0,88.0,89.0,360.0,6.54,6.0,13.3,23.0,1.69,0.118,4.59,0.66,0.444,0.5,,12.6
1,1155,85,2004-09-08,360547.73,6623926.79,0,20,150.0,143.0,95.0,121.0,491.0,7.12,6.74,15.2,26.2,1.37,0.103,6.85,0.5,0.355,1.26,,9.0
1,1155,85,2004-09-08,360547.73,6623926.79,30,50,274.0,133.0,78.0,84.0,431.0,8.59,6.14,9.26,16.0,0.84,0.0483,7.18,0.939,0.31,0.5,,13.0
1,1156,85,2007-06-26,376534.05,6623795.94,0,30,187.0,251.0,234.0,149.0,179.0,4.88,4.8,26.0,45.0,1.96,0.051,2.59,0.8,0.484,0.5,,15.3
1,1156,85,2007-06-26,376534.05,6623795.94,30,50,184.0,244.0,211.0,143.0,218.0,2.89,4.8,10.2,17.6,0.84,0.017,0.82,0.37,0.386,0.5,,10.4
1,1157,85,2005-12-12,392520.29,6623664.95,0,30,166.0,183.0,183.0,122.0,346.0,8.4,6.1,14.5,25.0,1.36,0.06,7.42,0.94,0.199,0.5,,13.5
1,1157,85,2005-12-12,392520.29,6623664.95,35,45,126.0,141.0,138.0,131.0,464.0,11.6,6.2,8.36,14.5,0.81,0.025,9.96,1.65,0.146,0.5,,15.0
1,1158,85,2005-04-26,408506.54,6623533.78,0,30,246.0,400.0,168.0,98.0,88.0,9.56,5.44,22.2,38.4,2.56,0.02,6.69,1.42,0.393,1.35,,23.8
1,1158,85,2005-04-26,408506.54,6623533.78,30,50,233.0,392.0,168.0,98.0,109.0,7.28,5.69,10.7,18.5,1.33,0.007,4.82,1.24,0.262,0.5,,17.0
1,1159,79,2002-10-31,424492.79,6623402.36,0,20,188.0,330.0,165.0,70.0,247.0,5.79,5.46,18.193,,1.865,0.177,4.1,0.517,0.17,1.0,,18.9
1,1159,79,2002-10-31,424492.79,6623402.36,20,40,197.0,360.0,184.0,79.0,180.0,5.64,5.42,16.434,,1.722,0.165,3.95,0.503,0.2,1.0,,19.0
1,1160,79,2007-06-05,440479.07,6623270.73,0,30,153.0,180.0,103.0,91.0,473.0,4.46,4.2,30.0,52.0,1.9,0.018,0.48,0.23,0.153,0.5,,14.5
1,1160,79,2007-06-05,440479.07,6623270.73,30,50,137.0,159.0,103.0,107.0,494.0,2.43,4.6,6.37,11.0,0.48,0.005,0.13,0.08,0.087,0.5,,7.5
1,1161,79,2002-10-04,456465.32,6623138.93,0,20,129.0,147.0,111.0,151.0,462.0,6.68,5.64,16.319,,1.488,0.023,5.1,0.847,0.38,1.0,,11.8
1,1161,79,2002-10-04,456465.32,6623138.93,20,40,144.0,157.0,112.0,147.0,440.0,5.8,5.59,12.321,,1.259,0.015,4.62,0.765,0.44,1.0,,10.0
1,1162,86,2003-04-08,472451.49,6623006.94,0,25,177.0,334.0,299.0,92.0,98.0,7.69,5.73,11.577,,1.117,0.055,6.62,0.635,0.23,0.5,,16.4
1,1162,86,2003-04-08,472451.49,6623006.94,30,50,344.0,290.0,228.0,75.0,63.0,12.43,7.09,3.741,,0.452,0.01,10.0,1.426,0.13,1.0,,29.0
1,1163,86,2002-10-02,488437.66,6622874.83,0,20,458.0,234.0,98.0,77.0,133.0,32.24,8.19,27.581,,2.532,0.121,31.36,1.062,1.56,178.0,,52.0
1,1164,86,2002-05-29,504423.81,6622742.54,0,20,347.0,155.0,108.0,203.0,187.0,21.15,8.2,16.17,27.8,1.67,0.022,20.88,0.53,0.29,68.0,,35.1
1,1164,86,2002-05-29,504423.81,6622742.54,30,50,379.0,173.0,107.0,180.0,161.0,19.83,8.4,8.3,14.2,0.82,0.004,19.76,0.39,0.17,77.0,,41.0
1,1165,86,2007-04-17,520409.92,6622610.05,0,30,266.0,161.0,109.0,67.0,397.0,8.45,4.8,18.4,31.9,0.94,0.005,4.4,1.15,0.181,0.5,,16.2
1,1165,86,2007-04-17,520409.92,6622610.05,30,50,696.0,76.0,51.0,36.0,141.0,21.9,5.3,7.25,12.6,0.5,0.005,16.6,3.2,0.364,0.5,,37.5
1,1166,86,2003-04-10,536396.06,6622477.34,0,25,296.0,252.0,211.0,86.0,155.0,17.4,7.39,13.319,,1.301,0.045,16.1,0.602,0.2,1.0,,27.7
1,1166,86,2003-04-10,536396.06,6622477.34,35,50,576.0,161.0,114.0,57.0,92.0,31.79,8.06,5.378,,0.647,0.005,30.36,0.538,0.23,7.0,,64.0
1,1167,36,2002-09-12,552382.25,6622344.42,0,20,297.0,233.0,231.0,120.0,121.0,16.79,6.06,13.58,23.6,1.333,0.036,13.54,1.008,0.48,1.0,,24.0
1,1167,36,2002-09-12,552382.25,6622344.42,30,50,493.0,191.0,162.0,78.0,77.0,21.91,7.05,3.906,7.2,0.48,0.002,23.29,1.007,0.36,1.0,,44.6
1,1168,36,2002-09-11,568368.43,6622211.29,0,25,94.0,198.0,181.0,178.0,350.0,3.86,5.68,8.253,14.4,0.757,0.031,2.4,0.341,0.06,1.0,,6.45
1,1168,36,2002-09-11,568368.43,6622211.29,25,50,159.0,177.0,162.0,149.0,354.0,4.99,6.1,2.506,4.34,0.254,0.002,3.5,0.41,0.07,1.0,,7.44
1,1169,36,2007-03-29,584354.57,6622077.95,0,30,154.0,243.0,202.0,166.0,237.0,3.7,4.8,14.1,24.4,0.986,0.005,1.37,0.47,0.138,0.5,,7.46
1,1169,36,2007-03-29,584354.57,6622077.95,30,50,276.0,210.0,163.0,143.0,209.0,5.9,4.81,3.81,6.56,0.319,0.005,2.28,1.25,0.097,0.5,,11.6
1,1170,36,2002-09-25,600340.7,6621944.51,0,25,128.0,155.0,121.0,138.0,459.0,6.1,5.7,17.031,29.9,1.628,0.055,4.0,0.545,0.88,1.0,,9.48
1,1170,36,2002-09-25,600340.7,6621944.51,30,50,256.0,162.0,126.0,133.0,324.0,8.76,6.49,4.452,7.99,0.523,0.013,6.02,0.697,0.51,1.0,,13.2
1,1171,36,2003-07-01,616326.83,6621810.89,0,25,117.0,300.0,197.0,125.0,262.0,4.15,5.65,10.082,17.3,0.907,0.022,3.56,0.391,0.16,0.5,,7.65
1,1171,36,2003-07-01,616326.83,6621810.89,35,50,211.0,278.0,190.0,124.0,199.0,5.62,6.77,2.694,4.57,0.272,0.001,4.24,0.541,0.08,0.5,,8.42
1,1172,36,2003-07-02,632312.91,6621677.03,0,25,164.0,325.0,255.0,89.0,168.0,6.2,5.65,14.788,25.7,1.413,0.026,4.74,0.594,0.14,0.5,,11.47
1,1172,36,2003-07-02,632312.91,6621677.03,35,50,319.0,304.0,201.0,67.0,111.0,8.11,5.43,4.383,7.66,0.484,0.002,5.5,0.974,0.13,0.5,,15.8
1,1173,18,2003-07-10,648299.04,6621542.91,0,15,162.0,150.0,101.0,170.0,418.0,6.5,5.91,22.983,39.2,2.135,0.087,5.5,1.017,0.56,1.0,,14.67
1,1174,18,2002-07-24,664285.19,6621408.56,0,30,166.0,88.0,49.0,156.0,543.0,8.94,7.68,10.53,16.9,0.983,0.059,5.94,2.23,0.43,17.0,,9.5
1,1174,18,2002-07-24,664285.19,6621408.56,30,50,264.0,111.0,77.0,128.0,421.0,9.83,8.02,11.28,14.8,0.675,0.025,7.59,2.78,0.32,78.0,,14.3
1,1175,03,2003-11-04,680271.3,6621274.04,0,30,167.0,178.0,103.0,143.0,409.0,8.32,5.8,15.1,26.2,1.57,0.0192,6.91,0.623,0.214,0.5,,12.3
1,1175,03,2003-11-04,680271.3,6621274.04,30,50,194.0,186.0,115.0,152.0,353.0,7.41,6.24,5.57,9.63,0.647,0.0084,6.24,0.683,0.182,0.5,,11.0
1,1176,03,2007-04-24,696257.42,6621139.31,0,30,87.0,56.0,28.0,80.0,749.0,4.19,4.3,25.7,44.5,1.06,0.012,0.77,0.27,0.203,0.5,,7.86
1,1176,03,2007-04-24,696257.42,6621139.31,30,50,190.0,66.0,18.0,51.0,675.0,4.29,4.6,15.3,26.4,0.58,0.013,0.16,0.06,0.105,0.5,,9.9
1,1177,03,2003-06-18,712243.65,6621004.37,0,30,228.0,209.0,145.0,302.0,116.0,14.25,6.12,17.46,,1.875,0.029,11.41,2.463,0.19,0.5,,21.4
1,1177,03,2003-06-18,712243.65,6621004.37,35,50,223.0,206.0,158.0,314.0,99.0,14.91,6.51,10.434,,1.162,0.012,11.13,2.766,0.16,0.5,,21.0
1,1178,03,2004-02-25,728229.97,6620869.24,0,25,86.0,97.0,54.0,80.0,683.0,3.66,5.91,9.76,16.9,0.923,0.0154,3.18,0.531,0.0688,0.5,,6.45
1,1178,03,2004-02-25,728229.97,6620869.24,30,50,92.0,108.0,51.0,83.0,666.0,2.65,8.09,3.8,6.57,0.409,0.001,2.18,0.349,0.0588,0.5,,5.0
1,1179,03,2004-02-26,744216.25,6620733.94,0,30,167.0,261.0,137.0,72.0,363.0,3.12,8.18,11.1,19.2,0.919,0.0747,2.3,0.157,0.354,0.5,,9.8
1,1179,03,2004-02-26,744216.25,6620733.94,35,50,233.0,237.0,125.0,65.0,340.0,4.18,5.2,4.22,7.3,0.452,0.004,2.84,0.298,0.272,0.5,,11.0
1,1180,71,2003-04-07,760202.47,6620598.41,0,30,137.0,224.0,135.0,101.0,403.0,6.79,6.11,14.696,,1.38,0.038,5.3,0.742,0.34,0.5,,11.6
1,1180,71,2003-04-07,760202.47,6620598.41,30,50,194.0,216.0,133.0,80.0,377.0,5.34,6.15,4.876,,0.507,0.007,4.02,0.664,0.28,0.5,,13.0
1,1181,71,2003-03-05,776188.59,6620462.7,0,20,147.0,134.0,65.0,69.0,585.0,3.74,4.96,26.003,,2.103,0.06,2.28,0.304,0.19,1.0,,21.2
1,1182,71,2003-03-03,792174.69,6620326.88,0,30,164.0,199.0,83.0,114.0,440.0,9.83,5.48,17.064,,1.915,0.038,8.92,1.237,0.31,0.5,,20.8
1,1182,71,2003-03-03,792174.69,6620326.88,30,50,238.0,275.0,88.0,57.0,342.0,14.38,5.75,8.665,,1.247,0.033,12.02,2.233,0.34,0.5,,34.0
1,1183,71,2007-02-05,808160.86,6620190.86,0,30,187.0,273.0,124.0,130.0,286.0,3.8,4.5,20.9,36.1,1.28,0.005,0.31,0.11,0.191,0.5,,15.3
1,1183,71,2007-02-05,808160.86,6620190.86,30,50,234.0,227.0,119.0,112.0,308.0,5.32,4.6,6.54,11.3,0.56,0.005,0.26,0.14,0.158,0.5,,14.1
1,1184,71,2003-03-26,824146.94,6620054.61,0,30,463.0,144.0,71.0,76.0,246.0,34.09,8.09,41.957,,4.082,0.023,33.91,1.108,0.43,146.0,,68.1
1,1185,71,2003-03-28,840132.99,6619918.2,0,20,538.0,205.0,71.0,60.0,126.0,28.1,5.7,29.905,,3.106,0.023,25.94,1.479,0.14,1.0,,65.8
1,1185,71,2003-03-28,840132.99,6619918.2,25,50,331.0,184.0,104.0,92.0,289.0,17.59,6.35,8.54,,0.986,0.006,16.13,0.617,0.12,0.5,,36.0
1,1186,71,2003-04-04,856119.1,6619781.61,0,25,191.0,195.0,201.0,147.0,266.0,7.12,5.68,11.111,,1.134,0.095,5.84,0.781,0.44,0.5,,16.1
1,1186,71,2003-04-04,856119.1,6619781.61,35,50,239.0,166.0,162.0,139.0,294.0,8.29,5.36,3.367,,0.478,0.03,5.49,1.105,0.37,1.0,,19.0
1,1187,71,2003-04-10,872105.23,6619644.84,0,25,149.0,179.0,176.0,203.0,293.0,8.35,6.44,10.069,,1.038,0.119,6.61,0.759,0.41,0.5,,10.81
1,1187,71,2003-04-10,872105.23,6619644.84,35,50,179.0,176.0,170.0,216.0,259.0,8.6,6.75,6.654,,0.77,0.078,6.89,0.744,0.39,1.0,,16.0
1,1188,39,2005-09-01,888091.31,6619507.83,0,21,470.0,325.0,138.0,56.0,11.0,24.7,6.2,22.5,38.9,2.42,0.032,23.1,2.06,0.4,0.5,,36.4
1,1188,39,2005-09-01,888091.31,6619507.83,25,50,505.0,325.0,118.0,45.0,7.0,27.8,6.6,19.5,33.7,2.17,0.022,26.1,1.89,0.329,0.5,,35.0
1,1189,39,2006-11-05,904077.35,6619370.62,0,30,368.0,362.0,182.0,55.0,33.0,11.5,5.2,29.4,50.8,2.24,0.005,8.26,0.54,0.164,0.5,,31.4
1,1189,39,2006-11-05,904077.35,6619370.62,30,50,409.0,332.0,190.0,44.0,25.0,13.9,5.8,13.1,22.6,1.2,0.005,11.6,0.34,0.142,0.5,,32.1
1,1190,39,2006-11-22,920063.43,6619233.22,0,30,355.0,324.0,169.0,129.0,23.0,22.8,6.1,54.8,94.8,3.23,0.011,20.8,2.47,0.16,2.8,,37.3
1,1190,39,2006-11-22,920063.43,6619233.22,30,50,294.0,338.0,203.0,151.0,14.0,7.8,5.1,15.8,27.3,0.81,0.005,5.06,0.46,0.095,0.5,,20.1
1,1191,25,2007-05-23,936049.49,6619095.6,0,20,552.0,248.0,184.0,10.0,6.0,70.1,6.8,137.0,237.0,8.15,0.022,60.5,1.8,0.264,1.8,,60.6
1,1191,25,2007-05-23,936049.49,6619095.6,-12,0,,,,,,75.3,5.0,459.0,795.0,18.1,0.088,64.0,4.2,1.28,1.5,,87.9
1,1194,85,2005-04-21,344430.88,6608071.15,0,25,120.0,319.0,401.0,108.0,52.0,2.39,5.42,9.08,15.7,0.847,0.109,1.39,0.312,0.236,0.5,,6.89
1,1194,85,2005-04-21,344430.88,6608071.15,30,50,132.0,345.0,367.0,112.0,44.0,2.26,5.41,6.7,11.6,0.617,0.056,1.1,0.232,0.157,0.5,,7.0
1,1195,85,2005-04-20,360417.04,6607940.55,0,25,148.0,287.0,352.0,100.0,113.0,4.02,5.65,19.1,33.0,1.61,0.045,2.63,0.52,0.412,0.5,,11.8
1,1195,85,2005-04-20,360417.04,6607940.55,30,50,186.0,289.0,343.0,88.0,94.0,3.78,5.75,5.6,9.7,0.514,0.011,2.02,0.688,0.288,1.13,,10.0
1,1196,85,2005-07-19,376403.19,6607809.67,0,25,169.0,338.0,353.0,81.0,59.0,5.61,6.2,9.19,15.9,0.97,0.051,4.1,0.41,0.291,0.5,,7.87
1,1196,85,2005-07-19,376403.19,6607809.67,30,50,280.0,331.0,295.0,56.0,38.0,6.93,7.1,4.24,7.3,0.58,0.023,5.79,0.69,0.173,0.5,,14.2
1,1197,85,2005-06-09,392389.24,6607678.7,0,25,246.0,382.0,271.0,45.0,56.0,24.1,8.13,27.5,47.5,2.91,0.137,21.9,0.797,0.666,44.8,,26.7
1,1198,85,2005-06-15,408375.23,6607547.59,0,30,240.0,230.0,233.0,115.0,182.0,13.2,6.94,22.9,39.6,2.25,0.035,11.7,0.74,0.24,1.77,,19.9
1,1198,85,2005-06-15,408375.23,6607547.59,30,50,215.0,233.0,215.0,101.0,236.0,11.0,7.48,10.9,18.8,1.14,0.025,9.72,0.541,0.135,1.13,,16.0
1,1199,79,2006-03-15,424361.25,6607416.2,0,20,254.0,299.0,280.0,81.0,86.0,8.15,5.9,15.1,26.2,1.44,0.047,6.53,0.76,0.437,0.5,,13.4
1,1199,79,2006-03-15,424361.25,6607416.2,30,50,349.0,290.0,243.0,61.0,57.0,9.58,6.4,5.88,10.2,0.73,0.025,7.87,0.85,0.254,0.5,,18.0
1,1200,79,2003-09-24,440347.31,6607284.61,0,15,180.0,416.0,142.0,83.0,179.0,9.26,6.3,18.9,32.7,1.81,0.053,8.27,0.48,0.232,0.5,,14.32
1,1200,79,2003-09-24,440347.31,6607284.61,25,50,176.0,396.0,144.0,80.0,204.0,6.61,6.4,10.8,18.6,1.06,0.026,6.16,0.4,0.232,0.5,,12.0
1,1201,79,2007-06-07,456333.35,6607152.84,0,30,181.0,305.0,200.0,121.0,193.0,3.96,4.3,28.7,49.6,1.24,0.005,0.15,0.3,0.123,0.5,,14.2
1,1201,79,2007-06-07,456333.35,6607152.84,30,50,306.0,261.0,170.0,103.0,160.0,3.95,4.6,4.71,8.2,0.36,0.005,0.03,0.31,0.085,0.5,,12.2
1,1201,79,2007-06-07,456333.35,6607152.84,-5,0,,,,,,26.8,4.2,406.0,702.0,18.4,0.133,7.13,7.85,1.72,0.5,,78.4
1,1202,86,2002-10-07,472319.34,6607020.88,0,25,172.0,319.0,253.0,123.0,133.0,4.19,5.54,13.843,,1.383,0.028,4.06,0.645,0.28,1.0,,12.28
1,1202,86,2002-10-07,472319.34,6607020.88,30,50,236.0,326.0,231.0,94.0,113.0,5.98,5.87,5.796,,0.667,0.01,4.36,0.505,0.13,1.0,,13.0
1,1203,86,2002-05-28,488305.32,6606888.77,0,30,155.0,338.0,261.0,121.0,125.0,5.16,5.4,13.41,,1.21,0.087,3.49,0.74,0.29,0.5,,12.4
1,1203,86,2002-05-28,488305.32,6606888.77,30,50,217.0,323.0,246.0,111.0,103.0,5.84,5.9,6.09,,0.58,0.014,3.6,1.09,0.29,0.5,,12.0
1,1204,86,2002-10-03,504291.29,6606756.45,0,20,120.0,251.0,200.0,208.0,221.0,5.53,6.48,8.8,,0.785,0.055,4.2,0.298,0.37,0.5,,6.1
1,1204,86,2002-10-03,504291.29,6606756.45,35,50,166.0,242.0,181.0,187.0,224.0,4.85,7.0,2.308,,0.247,0.005,4.43,0.495,0.23,1.0,,11.0
1,1206,86,2007-04-19,536263.17,6606491.23,0,22,548.0,143.0,116.0,58.0,135.0,32.0,6.4,44.7,77.4,3.33,0.005,29.2,2.16,0.333,0.5,,39.87
1,1207,36,2007-03-28,552249.16,6606358.31,0,29,528.0,110.0,85.0,102.0,176.0,27.1,7.7,33.7,58.4,2.5,0.005,27.9,0.92,0.209,13.9,,26.2
1,1208,36,2002-09-26,568235.13,6606225.2,0,25,266.0,171.0,129.0,156.0,279.0,12.33,6.25,23.572,40.3,1.958,0.009,9.99,0.573,0.14,1.0,,16.0
1,1208,36,2002-09-26,568235.13,6606225.2,35,50,337.0,157.0,108.0,130.0,270.0,10.33,7.4,4.032,7.07,0.381,0.0,8.17,0.561,0.09,1.0,,17.9
1,1209,36,2003-10-14,584221.09,6606091.89,0,25,184.0,353.0,225.0,95.0,145.0,2.75,4.89,19.043,33.4,1.549,0.046,1.59,0.173,0.15,1.0,,11.4
1,1209,36,2003-10-14,584221.09,6606091.89,35,50,320.0,310.0,181.0,74.0,115.0,3.75,4.94,5.894,10.4,0.493,0.007,2.26,0.226,0.12,1.0,,11.5
1,1210,36,2003-07-03,600207.04,6605958.45,0,10,454.0,283.0,140.0,81.0,42.0,33.17,6.61,64.071,112.0,5.551,0.04,33.53,0.885,0.37,0.5,,36.5
1,1210,36,2003-07-03,600207.04,6605958.45,10,30,461.0,278.0,135.0,81.0,46.0,26.95,7.57,21.961,37.8,2.12,0.004,26.7,0.549,0.31,3.0,,28.1
1,1210,36,2003-07-03,600207.04,6605958.45,30,40,485.0,258.0,120.0,78.0,59.0,27.33,7.98,13.601,,1.386,0.001,28.35,0.523,0.33,26.0,,29.0
1,1211,36,2007-03-27,616192.94,6605824.82,0,30,205.0,165.0,59.0,136.0,437.0,5.46,4.7,24.6,42.5,1.87,0.014,2.44,1.02,0.476,0.5,,15.3
1,1211,36,2007-03-27,616192.94,6605824.82,30,50,141.0,129.0,66.0,139.0,527.0,5.85,4.71,5.07,8.77,0.453,0.005,1.03,1.46,0.32,0.5,,11.5
1,1212,36,2002-09-10,632178.85,6605690.95,0,30,90.0,128.0,72.0,99.0,613.0,4.28,6.0,8.38,14.2,0.767,0.05,2.92,0.43,0.17,0.5,,6.62
1,1212,36,2002-09-10,632178.85,6605690.95,30,50,92.0,132.0,66.0,100.0,611.0,3.91,6.2,4.19,7.19,0.445,0.027,2.75,0.31,0.11,0.5,,5.6
1,1213,18,2003-07-09,648164.8,6605556.86,0,20,279.0,255.0,106.0,165.0,197.0,6.3,5.27,23.212,39.2,2.31,0.012,6.08,0.56,0.15,0.5,,15.8
1,1213,18,2003-07-09,648164.8,6605556.86,30,45,351.0,254.0,105.0,116.0,175.0,7.46,5.65,5.922,10.3,0.815,0.001,6.44,0.181,0.09,0.5,,13.1
1,1214,18,2003-05-26,664150.77,6605422.55,0,30,136.0,125.0,64.0,120.0,556.0,4.6,5.12,11.62,20.0,1.07,0.047,3.68,0.52,0.18,1.0,,7.96
1,1215,03,2007-04-24,680136.7,6605288.03,0,30,145.0,143.0,120.0,135.0,457.0,3.63,4.5,13.2,22.8,0.84,0.005,0.72,0.25,0.264,0.5,,9.2
1,1215,03,2007-04-24,680136.7,6605288.03,30,50,209.0,214.0,146.0,113.0,318.0,3.91,4.5,5.77,10.0,0.41,0.005,0.19,0.13,0.203,0.5,,8.9
1,1216,03,2003-04-23,696122.62,6605153.32,0,30,94.0,157.0,99.0,204.0,446.0,4.79,6.23,10.806,,1.049,0.035,4.12,0.306,0.08,1.0,,4.99
1,1216,03,2003-04-23,696122.62,6605153.32,30,50,125.0,181.0,97.0,162.0,435.0,4.33,6.64,3.089,,0.363,0.01,3.52,0.254,0.08,0.5,,8.0
1,1217,03,2003-11-05,712108.63,6605018.38,0,30,420.0,152.0,76.0,93.0,259.0,25.8,8.07,17.9,31.0,1.99,0.0672,25.4,0.499,0.681,57.1,,31.1
1,1217,03,2003-11-05,712108.63,6605018.38,30,50,395.0,164.0,68.0,113.0,260.0,18.6,8.32,4.78,8.28,0.726,0.0126,18.8,0.258,0.289,303.0,,18.0
1,1218,03,2008-07-24,728094.79,6604883.26,0,30,218.0,150.0,82.0,112.0,438.0,9.97,5.7,27.8,48.1,2.5,0.012,8.7,1.42,0.2,1.7,,16.6
1,1218,03,2008-07-24,728094.79,6604883.26,30,50,169.0,142.0,87.0,106.0,496.0,5.75,6.1,8.85,15.3,0.79,0.0025,4.95,0.91,0.118,0.5,,13.4
1,1219,03,2003-11-06,744080.89,6604747.98,0,30,119.0,157.0,104.0,127.0,493.0,3.85,5.62,12.2,21.1,1.17,0.06,3.68,0.327,0.117,0.5,,8.42
1,1219,03,2003-11-06,744080.89,6604747.98,30,50,128.0,145.0,95.0,114.0,518.0,3.51,5.93,3.58,6.19,0.42,0.0209,3.02,0.164,0.066,0.5,,5.0
1,1220,71,2003-02-20,760066.88,6604612.44,0,25,78.0,73.0,31.0,46.0,772.0,3.37,5.86,9.829,,0.997,0.044,3.65,0.371,0.16,0.5,,5.21
1,1220,71,2003-02-20,760066.88,6604612.44,35,50,92.0,103.0,41.0,66.0,698.0,2.45,6.47,3.101,,0.396,0.032,2.25,0.292,0.15,0.5,,7.0
1,1221,71,2003-03-13,776052.81,6604476.74,0,30,158.0,424.0,261.0,75.0,82.0,3.67,5.37,14.004,,1.233,0.014,3.11,0.26,0.09,0.5,,13.2
1,1221,71,2003-03-13,776052.81,6604476.74,30,50,178.0,409.0,260.0,76.0,77.0,3.04,5.71,4.997,,0.438,0.003,2.42,0.191,0.05,0.5,,12.0
1,1222,71,2003-03-27,792038.72,6604340.99,0,30,246.0,371.0,171.0,76.0,136.0,5.26,4.91,25.601,,2.505,0.024,3.73,0.726,0.38,0.5,,28.6
1,1222,71,2003-03-27,792038.72,6604340.99,30,50,261.0,366.0,149.0,74.0,150.0,5.14,5.16,8.805,,0.925,0.009,2.87,0.653,0.23,0.5,,30.0
1,1223,71,2003-03-31,808024.69,6604204.97,0,30,479.0,285.0,72.0,96.0,68.0,21.12,6.19,36.622,,3.529,0.017,19.46,0.834,0.43,0.5,,54.5
1,1223,71,2003-03-31,808024.69,6604204.97,30,50,353.0,272.0,82.0,99.0,194.0,13.92,6.69,13.86,,1.309,0.006,12.83,0.455,0.28,1.0,,32.0
1,1224,71,2003-04-01,824010.6,6604068.71,0,30,514.0,236.0,128.0,64.0,58.0,27.44,7.8,25.588,,2.528,0.025,26.97,0.734,0.24,6.0,,45.9
1,1226,71,2003-02-28,855982.36,6603795.67,0,30,126.0,205.0,256.0,210.0,203.0,7.23,5.88,10.791,,1.13,0.024,6.19,0.459,0.13,0.5,,13.0
1,1226,71,2003-02-28,855982.36,6603795.67,40,50,170.0,209.0,244.0,193.0,184.0,8.35,6.47,5.942,,0.671,0.013,7.31,0.641,0.11,1.0,,25.0
1,1227,71,2003-02-26,871968.34,6603658.86,0,25,270.0,407.0,175.0,86.0,62.0,9.89,5.24,18.186,,1.782,0.042,8.26,0.835,0.44,1.0,,29.3
1,1227,71,2003-02-26,871968.34,6603658.86,35,50,218.0,390.0,214.0,110.0,68.0,7.74,5.57,7.546,,0.72,0.007,6.35,0.455,0.18,0.5,,23.0
1,1228,39,2005-09-21,887954.25,6603521.84,0,17,314.0,260.0,147.0,139.0,140.0,22.0,7.4,27.0,46.7,2.69,0.029,21.2,0.58,0.406,7.4,,21.9
1,1228,39,2005-09-21,887954.25,6603521.84,20,50,317.0,273.0,153.0,128.0,129.0,19.2,7.6,17.0,29.5,1.66,0.013,18.2,0.49,0.342,5.6,,26.0
1,1229,39,2006-12-06,903940.12,6603384.65,0,30,444.0,297.0,150.0,86.0,23.0,34.7,6.9,48.3,83.6,3.62,0.005,34.5,0.76,0.199,12.0,,49.0
1,1229,39,2006-12-06,903940.12,6603384.65,30,50,560.0,237.0,115.0,74.0,14.0,27.2,6.1,20.9,36.2,1.71,0.005,25.3,0.59,0.223,0.5,,46.8
1,1230,39,2006-11-23,919926.01,6603247.28,-13,0,,,,,,81.4,5.2,378.0,654.0,16.5,0.073,72.3,5.96,1.1,0.5,,91.1
1,1231,39,2007-05-23,935911.88,6603109.69,0,30,423.0,259.0,130.0,130.0,58.0,40.4,6.6,73.2,127.0,6.01,0.016,38.4,0.57,0.174,2.5,,42.5
1,1231,39,2007-05-23,935911.88,6603109.69,30,50,174.0,294.0,199.0,166.0,167.0,30.2,7.8,39.4,68.2,3.64,0.013,30.5,0.14,0.116,93.2,,31.1
1,1231,39,2007-05-23,935911.88,6603109.69,-6,0,,,,,,73.0,5.1,404.0,699.0,18.1,0.101,64.1,3.53,1.31,1.7,,96.7
1,1237,85,2007-02-21,360286.37,6591954.58,0,30,410.0,209.0,54.0,40.0,287.0,20.4,8.2,20.4,35.3,1.95,0.062,18.4,3.76,1.01,58.6,,28.2
1,1237,85,2007-02-21,360286.37,6591954.58,35,50,468.0,216.0,72.0,31.0,213.0,22.4,8.4,15.5,26.7,1.79,0.044,18.0,4.66,1.18,44.1,,28.4
1,1238,85,2005-06-13,376272.31,6591823.69,0,30,553.0,387.0,49.0,5.0,6.0,29.5,8.6,19.7,34.1,2.2,0.061,17.6,8.23,2.15,69.1,0.087,43.9
1,1238,85,2005-06-13,376272.31,6591823.69,30,50,530.0,415.0,47.0,4.0,4.0,28.3,8.9,14.1,24.4,1.6,0.064,14.0,8.52,2.55,77.7,0.146,38.0
1,1239,85,2005-12-20,392258.19,6591692.71,0,30,603.0,316.0,72.0,7.0,2.0,34.3,8.0,15.2,26.3,1.74,0.018,29.0,4.74,1.16,38.2,0.068,40.1
1,1239,85,2005-12-20,392258.19,6591692.71,35,50,587.0,258.0,148.0,6.0,1.0,31.6,8.1,9.0,15.6,1.19,0.013,24.5,5.97,1.1,93.7,0.087,31.0
1,1240,85,2005-12-19,408243.96,6591561.61,0,25,685.0,294.0,14.0,3.0,4.0,48.9,8.1,37.5,64.9,3.71,0.054,45.1,6.65,1.26,31.7,0.101,59.0
1,1240,85,2005-12-19,408243.96,6591561.61,25,50,666.0,314.0,17.0,1.0,2.0,38.7,8.3,17.2,29.8,1.85,0.02,34.9,7.35,1.25,87.8,0.11,46.4
1,1241,85,2005-07-21,424229.74,6591430.25,0,20,306.0,290.0,168.0,72.0,164.0,25.4,7.9,30.3,52.4,3.0,0.194,25.4,0.5,1.14,322.0,,28.4
1,1242,79,2002-10-07,440215.57,6591298.69,0,20,376.0,294.0,244.0,41.0,45.0,14.5,6.32,15.71,,1.655,0.076,11.6,1.166,0.36,0.5,,32.1
1,1242,79,2002-10-07,440215.57,6591298.69,20,40,380.0,289.0,241.0,47.0,43.0,14.11,6.38,15.189,,1.636,0.074,11.55,1.192,0.46,1.0,,36.0
1,1243,79,2003-08-05,456201.39,6591166.93,0,20,499.0,272.0,166.0,30.0,33.0,30.61,7.38,33.748,,3.478,0.056,29.73,0.991,0.23,2.0,,42.5
1,1243,79,2003-08-05,456201.39,6591166.93,20,40,501.0,271.0,166.0,29.0,33.0,30.14,7.72,25.075,,2.665,0.028,28.6,0.75,0.25,3.0,,37.0
1,1244,86,2002-10-08,472187.22,6591034.99,0,25,454.0,387.0,140.0,13.0,6.0,22.87,6.39,22.775,,2.222,0.061,19.73,1.192,0.48,1.0,,39.6
1,1244,86,2002-10-08,472187.22,6591034.99,30,50,483.0,377.0,126.0,10.0,4.0,22.56,6.72,14.032,,1.48,0.018,19.6,1.141,0.25,1.0,,31.0
1,1245,86,2007-06-19,488173.02,6590902.88,0,30,537.0,127.0,80.0,128.0,128.0,15.2,5.7,24.1,41.7,1.97,0.005,13.0,1.9,0.237,1.1,,26.7
1,1245,86,2007-06-19,488173.02,6590902.88,30,50,837.0,43.0,24.0,56.0,40.0,19.5,5.8,7.0,12.1,0.71,0.005,16.1,2.12,0.27,0.5,,29.0
1,1246,86,2002-05-30,504158.8,6590770.56,0,25,271.0,204.0,144.0,132.0,249.0,16.27,6.4,13.1,,1.32,0.089,13.11,1.24,0.94,2.0,,23.0
1,1246,86,2002-05-30,504158.8,6590770.56,30,50,459.0,170.0,100.0,83.0,188.0,25.41,6.8,5.13,,0.63,0.005,22.38,1.59,0.52,0.5,,37.0
1,1247,86,2004-04-01,520144.55,6590638.01,0,30,112.0,141.0,104.0,58.0,585.0,9.88,6.55,16.1,27.9,1.54,0.0633,6.68,0.393,0.442,0.5,,8.6
1,1247,86,2004-04-01,520144.55,6590638.01,30,50,200.0,100.0,68.0,39.0,593.0,9.69,6.44,5.3,9.18,0.531,0.0193,6.32,0.442,0.21,0.5,,9.0
1,1248,86,2002-10-16,536130.28,6590505.29,0,25,118.0,192.0,154.0,126.0,410.0,5.29,5.89,10.216,,0.99,0.041,3.62,0.777,0.23,1.0,,7.71
1,1248,86,2002-10-16,536130.28,6590505.29,35,50,142.0,208.0,149.0,114.0,387.0,4.62,6.82,3.029,,0.33,0.004,2.76,0.923,0.09,0.5,,8.0
1,1249,86,2004-04-29,552116.05,6590372.39,0,30,161.0,320.0,218.0,88.0,213.0,6.74,6.11,13.8,23.9,1.34,0.0116,4.38,1.42,0.0814,0.5,,10.4
1,1249,86,2004-04-29,552116.05,6590372.39,35,50,242.0,317.0,205.0,75.0,161.0,7.65,7.12,3.46,5.98,0.406,0.0042,4.26,2.52,0.1,0.5,,12.0
1,1250,36,2003-10-15,568101.84,6590239.31,0,20,96.0,167.0,100.0,134.0,505.0,3.31,5.58,14.013,24.7,1.268,0.069,2.44,0.519,0.66,0.5,,6.73
1,1250,36,2003-10-15,568101.84,6590239.31,35,50,140.0,193.0,116.0,133.0,419.0,3.32,5.93,3.584,6.36,0.352,0.009,2.51,0.361,0.36,0.5,,7.4
1,1251,36,2003-10-16,584087.61,6590106.04,0,20,191.0,184.0,125.0,263.0,238.0,2.97,5.15,24.431,43.0,1.904,0.019,1.86,0.103,0.13,1.0,,11.99
1,1251,36,2003-10-16,584087.61,6590106.04,35,50,231.0,175.0,116.0,219.0,260.0,2.36,5.16,4.921,8.57,0.413,0.001,1.31,0.038,0.04,0.5,,7.53
1,1252,36,2006-10-26,600073.37,6589972.58,0,30,192.0,171.0,118.0,226.0,294.0,5.21,4.78,24.45,42.4,1.67,0.012,1.48,0.69,0.304,0.5,,14.0
1,1252,36,2006-10-26,600073.37,6589972.58,30,50,215.0,168.0,114.0,203.0,301.0,4.86,4.63,7.65,13.2,0.567,0.004,0.5,0.47,0.14,0.5,,11.1
1,1253,23,2004-08-06,616059.09,6589838.94,0,20,279.0,193.0,116.0,176.0,236.0,6.64,5.2,21.2,36.6,2.01,0.023,6.85,0.496,0.239,0.5,,21.2
1,1253,23,2004-08-06,616059.09,6589838.94,25,35,276.0,176.0,125.0,194.0,229.0,6.91,5.4,15.1,26.1,1.44,0.0136,7.04,0.469,0.273,0.5,,16.0
1,1254,23,2005-06-29,632044.8,6589705.1,0,28,229.0,228.0,131.0,196.0,216.0,5.74,5.6,22.4,38.8,2.14,0.02,4.42,0.338,0.268,0.5,,18.4
1,1254,23,2005-06-29,632044.8,6589705.1,28,50,273.0,223.0,119.0,140.0,245.0,5.71,5.57,5.43,9.4,0.672,0.004,4.15,0.141,0.142,1.59,,13.0
1,1255,03,2004-04-06,648030.57,6589571.04,0,30,200.0,146.0,64.0,124.0,466.0,9.78,5.78,17.8,30.9,1.74,0.001,5.72,0.89,0.109,0.5,,14.8
1,1255,03,2004-04-06,648030.57,6589571.04,30,50,229.0,157.0,67.0,111.0,436.0,9.17,6.17,4.76,8.24,0.523,0.001,5.07,1.06,0.0873,0.5,,13.0
1,1256,03,2004-04-07,664016.35,6589436.73,0,30,187.0,136.0,97.0,170.0,410.0,7.09,5.71,12.6,21.8,0.997,0.0185,4.21,1.18,0.272,0.5,,8.7
1,1256,03,2004-04-07,664016.35,6589436.73,30,50,384.0,148.0,86.0,122.0,260.0,12.9,5.27,4.38,7.58,0.383,0.0036,6.85,3.43,0.259,0.5,,20.0
1,1257,03,2003-10-29,680002.11,6589302.23,0,18,96.0,157.0,97.0,142.0,508.0,4.14,6.42,11.208,,1.121,0.037,4.01,0.317,0.32,1.0,,8.51
1,1257,03,2003-10-29,680002.11,6589302.23,25,50,121.0,157.0,92.0,121.0,509.0,3.74,6.3,4.585,,0.532,0.025,3.5,0.254,0.2,1.0,,9.0
1,1258,03,2003-10-28,695987.87,6589167.54,0,30,130.0,111.0,71.0,176.0,512.0,6.53,5.68,16.43,,1.676,0.025,6.6,0.638,0.24,1.0,,14.0
1,1258,03,2003-10-28,695987.87,6589167.54,30,50,115.0,106.0,83.0,191.0,505.0,5.56,6.09,4.142,,0.506,0.015,5.89,0.662,0.23,1.0,,14.0
1,1259,03,2003-04-24,711973.71,6589032.6,0,30,137.0,143.0,77.0,123.0,520.0,6.45,5.33,15.088,,1.46,0.034,5.23,0.784,0.21,0.5,,13.8
1,1259,03,2003-04-24,711973.71,6589032.6,30,50,174.0,140.0,63.0,110.0,513.0,6.94,5.76,4.68,,0.56,0.021,5.44,1.053,0.23,0.5,,17.0
1,1260,03,2004-09-30,727959.66,6588897.48,0,30,129.0,179.0,65.0,58.0,569.0,3.45,4.8,17.1,29.5,1.16,0.0299,1.56,0.589,0.157,0.5,,9.33
1,1260,03,2004-09-30,727959.66,6588897.48,30,50,132.0,185.0,64.0,61.0,558.0,3.13,5.2,7.87,13.6,0.56,0.0185,1.68,0.747,0.102,0.5,,9.0
1,1261,03,2004-04-15,743945.59,6588762.22,0,30,184.0,244.0,182.0,119.0,271.0,10.1,6.09,13.6,23.4,1.3,0.0143,7.88,0.537,0.121,0.5,,14.8
1,1261,03,2004-04-15,743945.59,6588762.22,30,50,391.0,215.0,147.0,76.0,171.0,19.1,7.05,3.78,6.53,0.52,0.0097,16.4,1.09,0.243,0.5,,28.0
1,1262,03,2004-04-15,759931.37,6588626.72,0,30,126.0,135.0,80.0,210.0,449.0,5.86,5.87,13.9,24.0,1.24,0.0605,3.87,0.462,0.374,0.5,,8.7
1,1262,03,2004-04-15,759931.37,6588626.72,30,50,313.0,170.0,59.0,145.0,313.0,9.59,6.19,3.6,6.23,0.41,0.0082,7.29,0.635,0.383,0.5,,14.0
1,1263,03,2003-04-09,775917.11,6588491.04,0,30,110.0,131.0,83.0,157.0,519.0,7.81,6.03,14.756,,1.551,0.142,6.46,0.713,0.62,1.0,,11.7
1,1263,03,2003-04-09,775917.11,6588491.04,30,50,112.0,144.0,86.0,147.0,511.0,5.66,6.67,5.262,,0.622,0.116,4.92,0.399,0.32,0.5,,10.0
1,1264,71,2003-03-12,791902.84,6588355.26,0,30,257.0,303.0,190.0,130.0,120.0,7.13,4.89,36.067,,3.542,0.038,5.88,0.816,0.38,0.5,,30.9
1,1265,71,2003-03-24,807888.61,6588219.26,0,30,248.0,270.0,92.0,63.0,327.0,8.28,5.14,27.467,,2.715,0.037,7.28,0.69,0.09,0.5,,37.0
1,1265,71,2003-03-24,807888.61,6588219.26,30,50,172.0,204.0,79.0,76.0,469.0,5.51,5.23,8.95,,0.831,0.017,4.41,0.593,0.08,1.0,,18.0
1,1266,71,2003-04-02,823874.34,6588083.03,0,30,193.0,322.0,133.0,98.0,254.0,10.2,5.72,21.176,,2.146,0.027,9.03,1.045,0.26,0.5,,27.0
1,1266,71,2003-04-02,823874.34,6588083.03,30,50,210.0,306.0,147.0,107.0,230.0,7.47,5.78,7.613,,0.863,0.014,5.97,0.741,0.24,0.5,,19.0
1,1267,71,2006-12-21,839859.96,6587946.63,0,30,211.0,253.0,289.0,149.0,98.0,3.99,4.5,22.1,38.2,1.27,0.005,0.32,0.14,0.086,0.5,,13.8
1,1267,71,2006-12-21,839859.96,6587946.63,30,40,205.0,257.0,292.0,138.0,108.0,3.16,4.7,9.68,16.7,0.63,0.005,0.12,0.08,0.05,0.5,,8.9
1,1268,01,2007-10-24,855845.66,6587809.96,0,25,168.0,261.0,285.0,212.0,74.0,7.1,6.1,14.0,24.2,1.38,0.192,6.33,0.87,0.744,0.5,,12.2
1,1268,01,2007-10-24,855845.66,6587809.96,35,50,277.0,254.0,250.0,166.0,53.0,7.54,5.7,6.05,10.5,0.62,0.038,5.84,0.96,0.61,0.5,,16.8
1,1269,01,2007-11-15,871831.44,6587673.09,0,30,198.0,228.0,255.0,271.0,48.0,9.26,5.8,16.5,28.6,1.77,0.013,8.7,0.9,0.162,0.5,,16.7
1,1269,01,2007-11-15,871831.44,6587673.09,30,50,317.0,294.0,193.0,171.0,25.0,14.1,5.9,4.39,7.6,0.73,0.005,12.8,1.24,0.189,0.5,,22.5
1,1270,39,2006-12-19,887817.2,6587536.06,0,30,466.0,407.0,81.0,21.0,25.0,26.0,8.2,35.3,61.0,2.36,0.005,27.6,0.48,0.46,320.0,,33.2
1,1270,39,2006-12-19,887817.2,6587536.06,30,50,457.0,481.0,46.0,6.0,10.0,15.3,8.5,8.04,13.9,0.71,0.005,16.8,0.23,0.291,523.0,,21.6
1,1271,39,2005-09-20,903802.88,6587398.88,0,15,426.0,265.0,95.0,57.0,157.0,43.4,7.9,61.2,106.0,5.74,0.02,43.6,0.75,0.481,323.0,,47.5
1,1272,39,2005-09-15,919788.54,6587261.54,0,17,421.0,228.0,102.0,89.0,160.0,47.3,7.9,68.3,118.0,7.22,0.025,47.6,0.84,0.273,235.0,,53.7
1,1273,01,2008-02-26,935774.25,6587123.96,0,30,466.0,249.0,105.0,53.0,127.0,42.4,7.9,55.7,96.4,5.63,0.029,40.6,0.92,0.498,157.0,,53.2
1,1274,74,2008-05-28,951759.91,6586986.25,0,30,204.0,269.0,186.0,209.0,132.0,8.01,6.0,16.3,28.1,1.67,0.035,7.85,0.58,0.146,0.5,,16.3
1,1274,74,2008-05-28,951759.91,6586986.25,30,50,255.0,250.0,162.0,191.0,142.0,11.3,6.7,8.34,14.4,0.96,0.017,10.8,0.64,0.14,0.5,,19.4
1,1275,74,2008-05-27,967745.46,6586848.38,0,30,192.0,206.0,178.0,238.0,186.0,15.7,8.0,25.8,44.6,2.74,0.035,17.4,0.36,0.146,200.0,,18.6
1,1275,74,2008-05-27,967745.46,6586848.38,30,50,160.0,228.0,199.0,248.0,165.0,10.1,8.4,10.5,18.2,1.09,0.005,11.5,0.21,0.082,263.0,,11.6
1,1276,74,2007-05-15,983731.01,6586710.23,0,30,646.0,250.0,52.0,17.0,35.0,44.4,6.9,69.9,121.0,4.37,0.013,32.4,10.9,0.647,3.4,,54.55
1,1276,74,2007-05-15,983731.01,6586710.23,30,45,671.0,229.0,50.0,16.0,34.0,41.2,7.6,30.3,52.4,2.2,0.005,29.5,13.2,0.418,39.4,,44.5
1,1279,17,2005-01-19,360155.75,6575968.86,0,25,149.0,74.0,64.0,223.0,490.0,12.0,8.2,16.8,29.0,1.58,0.221,10.7,0.64,0.803,46.3,,11.4
1,1280,17,2004-10-26,376141.45,6575838.02,0,25,497.0,265.0,131.0,43.0,64.0,30.4,8.09,31.2,53.9,3.31,0.0508,29.0,1.48,0.726,172.0,,31.3
1,1281,17,2004-10-06,392127.12,6575707.01,0,25,409.0,272.0,177.0,52.0,90.0,30.6,7.94,35.8,61.9,3.82,0.118,29.5,1.29,0.809,191.0,,30.2
1,1282,17,2007-04-11,408112.69,6575575.87,0,30,263.0,318.0,346.0,66.0,7.0,13.5,6.5,17.7,30.5,1.32,0.005,11.3,1.63,0.204,2.2,,15.1
1,1282,17,2007-04-11,408112.69,6575575.87,30,50,424.0,251.0,259.0,48.0,18.0,22.6,7.8,6.41,11.1,0.62,0.005,25.0,1.18,0.258,52.7,,25.4
1,1283,79,2003-07-29,424098.28,6575444.53,0,20,415.0,367.0,103.0,61.0,54.0,21.92,8.18,18.299,,2.144,0.025,22.6,0.5,0.31,495.0,,22.2
1,1283,79,2003-07-29,424098.28,6575444.53,20,40,400.0,388.0,107.0,63.0,42.0,19.74,8.27,16.477,,1.821,0.017,20.49,0.467,0.3,518.0,,23.0
1,1284,79,2004-10-06,440083.87,6575312.97,0,20,353.0,307.0,123.0,36.0,181.0,22.7,8.0,28.5,49.3,3.07,0.132,22.6,0.684,0.549,559.0,,23.17
1,1285,79,2006-03-22,456069.48,6575181.21,0,17,220.0,372.0,300.0,46.0,62.0,8.1,6.2,16.0,27.7,1.45,0.178,7.68,0.37,0.384,0.5,,13.9
1,1285,79,2006-03-22,456069.48,6575181.21,20,50,315.0,323.0,243.0,36.0,83.0,8.07,6.7,7.96,13.8,0.82,0.117,7.3,0.29,0.45,0.5,,17.0
1,1286,79,2003-12-09,472055.11,6575049.26,0,15,652.0,195.0,94.0,36.0,23.0,33.3,8.12,25.7,44.5,2.64,0.111,30.7,0.874,1.14,53.9,,41.3
1,1286,79,2003-12-09,472055.11,6575049.26,20,50,661.0,182.0,94.0,41.0,22.0,29.6,8.14,12.6,21.8,1.34,0.0123,28.4,0.484,0.323,81.9,,38.0
1,1287,86,2002-06-13,488040.72,6574917.14,0,25,196.0,375.0,272.0,58.0,99.0,6.05,5.6,9.45,,1.06,0.034,4.66,0.3,0.31,0.5,,18.0
1,1287,86,2002-06-13,488040.72,6574917.14,30,50,321.0,338.0,217.0,43.0,81.0,8.24,6.3,4.0,,0.57,0.011,6.51,0.4,0.12,0.5,,28.0
1,1288,86,2002-06-18,504026.31,6574784.83,0,20,563.0,280.0,109.0,27.0,21.0,28.38,5.83,54.453,,5.437,0.032,21.97,2.787,0.22,0.5,,66.2
1,1288,86,2002-06-18,504026.31,6574784.83,30,50,525.0,286.0,86.0,29.0,74.0,23.91,5.99,14.472,,1.737,0.009,20.14,2.112,0.17,0.5,,66.0
1,1289,86,2003-04-15,520011.87,6574652.27,0,30,122.0,242.0,142.0,105.0,389.0,6.66,6.45,12.038,,1.113,0.071,5.57,1.056,0.28,1.0,,8.59
1,1289,86,2003-04-15,520011.87,6574652.27,35,50,179.0,264.0,147.0,108.0,302.0,4.78,7.38,1.927,,0.221,0.004,2.98,1.059,0.23,0.5,,10.0
1,1290,87,2007-04-18,535997.4,6574519.55,0,30,140.0,264.0,160.0,138.0,298.0,3.14,4.7,20.0,34.5,1.11,0.005,0.22,0.13,0.117,0.5,,8.54
1,1290,87,2007-04-18,535997.4,6574519.55,30,50,186.0,239.0,152.0,141.0,282.0,2.87,4.6,3.11,5.4,0.26,0.005,0.06,0.08,0.065,0.5,,7.8
1,1291,87,2004-11-18,551982.95,6574386.66,0,26,160.0,136.0,83.0,103.0,518.0,8.17,5.66,17.6,30.4,1.71,0.0672,7.24,0.582,0.551,0.5,,11.3
1,1291,87,2004-11-18,551982.95,6574386.66,26,40,190.0,138.0,82.0,82.0,508.0,10.6,6.22,4.06,7.02,0.437,0.011,8.65,1.03,0.456,0.5,,13.0
1,1292,87,2004-09-23,567968.55,6574253.6,0,20,174.0,153.0,106.0,139.0,428.0,7.04,5.49,41.7,72.1,3.52,0.114,6.45,0.589,0.737,1.16,,18.0
1,1292,87,2004-09-23,567968.55,6574253.6,20,36,128.0,129.0,78.0,118.0,547.0,3.77,5.01,26.6,46.0,2.16,0.0706,2.1,0.238,0.427,0.5,,14.0
1,1293,23,2004-07-28,583954.13,6574120.34,0,20,235.0,233.0,121.0,103.0,308.0,5.19,5.14,29.8,51.5,2.68,0.0408,3.79,0.873,0.394,0.5,,21.2
1,1293,23,2004-07-28,583954.13,6574120.34,25,37,226.0,243.0,119.0,99.0,313.0,3.98,5.04,15.3,26.5,1.46,0.0176,2.45,0.49,0.349,0.5,,14.0
1,1294,23,2004-06-03,599939.72,6573986.88,0,20,176.0,216.0,117.0,134.0,357.0,8.04,5.61,24.7,42.7,2.33,0.0278,5.89,0.926,0.433,0.5,,13.0
1,1294,23,2004-06-03,599939.72,6573986.88,25,45,175.0,210.0,112.0,130.0,373.0,6.33,5.72,9.14,15.8,0.92,0.0122,4.3,0.916,0.24,0.5,,15.0
1,1295,23,2005-06-10,615925.27,6573853.23,0,20,140.0,125.0,84.0,139.0,512.0,6.49,5.51,38.5,66.6,3.24,0.234,3.92,1.49,1.28,0.5,,20.1
1,1296,23,2005-06-16,631910.81,6573719.43,0,15,185.0,140.0,72.0,115.0,488.0,6.22,5.4,39.2,67.8,3.47,0.038,5.28,0.71,0.299,1.4,,18.1
1,1296,23,2005-06-16,631910.81,6573719.43,15,28,152.0,132.0,63.0,114.0,539.0,5.58,5.4,24.2,41.9,2.29,0.028,3.72,0.37,0.189,1.6,,13.0
1,1297,23,2008-09-09,647896.38,6573585.41,0,22,136.0,118.0,67.0,119.0,560.0,5.6,5.3,15.0,26.0,1.55,0.03,3.55,0.44,0.441,0.5,,13.6
1,1297,23,2008-09-09,647896.38,6573585.41,25,50,119.0,89.0,60.0,111.0,621.0,5.04,5.8,3.65,6.3,0.47,0.006,3.53,0.35,0.29,0.5,,14.1
1,1298,03,2004-04-07,663881.96,6573451.11,0,30,135.0,110.0,72.0,183.0,500.0,7.74,5.73,13.8,23.9,1.33,0.0091,5.34,0.717,0.285,0.5,,10.2
1,1298,03,2004-04-07,663881.96,6573451.11,30,50,134.0,107.0,86.0,197.0,476.0,10.3,6.26,2.52,4.37,0.293,0.0086,7.61,1.14,0.175,0.5,,15.0
1,1299,03,2007-04-26,679867.54,6573316.6,0,30,160.0,168.0,95.0,160.0,417.0,5.84,4.4,19.9,34.4,1.46,0.011,0.78,0.41,0.256,0.5,,13.9
1,1299,03,2007-04-26,679867.54,6573316.6,30,50,171.0,187.0,94.0,156.0,392.0,4.5,4.5,6.54,11.3,0.66,0.005,0.26,0.37,0.14,0.5,,9.6
1,1300,03,2007-04-25,695853.18,6573181.93,0,30,156.0,117.0,57.0,143.0,527.0,5.24,4.9,18.8,32.6,1.43,0.005,1.89,0.46,0.449,0.5,,11.75
1,1300,03,2007-04-25,695853.18,6573181.93,30,50,168.0,50.0,137.0,146.0,499.0,4.11,4.9,10.6,18.4,0.83,0.005,0.89,0.16,0.185,0.5,,13.0
1,1301,03,2003-10-30,711838.84,6573047.0,0,20,133.0,114.0,70.0,147.0,536.0,5.36,5.86,13.796,,1.282,0.095,4.46,0.752,0.62,1.0,,11.7
1,1301,03,2003-10-30,711838.84,6573047.0,26,50,132.0,116.0,75.0,137.0,540.0,4.08,5.19,4.85,,0.522,0.01,2.92,0.736,0.33,0.5,,13.0
1,1302,03,2007-06-13,727824.55,6572911.89,0,30,150.0,257.0,168.0,121.0,304.0,3.55,4.6,13.4,23.2,0.96,0.005,0.99,0.27,0.158,0.5,,8.42
1,1302,03,2007-06-13,727824.55,6572911.89,30,50,207.0,260.0,175.0,116.0,242.0,5.21,4.6,7.24,12.5,0.56,0.005,1.31,0.6,0.171,0.5,,12.8
1,1303,03,2004-09-29,743810.26,6572776.64,0,30,84.0,114.0,57.0,106.0,639.0,2.42,5.5,10.7,18.6,0.85,0.0427,2.12,0.139,0.092,0.5,,5.19
1,1303,03,2004-09-29,743810.26,6572776.64,30,50,128.0,100.0,55.0,102.0,615.0,3.89,5.8,3.28,5.67,0.29,0.0079,3.23,0.24,0.119,0.5,,6.0
1,1304,03,2004-04-14,759795.87,6572641.17,0,30,156.0,133.0,72.0,191.0,448.0,8.76,5.8,23.2,40.2,2.34,0.0717,5.63,1.12,0.687,0.5,,12.03
1,1304,03,2004-04-14,759795.87,6572641.17,30,50,161.0,142.0,76.0,163.0,458.0,6.1,6.33,7.77,13.4,0.896,0.0331,3.38,0.738,0.673,0.5,,9.0
1,1305,71,2003-02-12,775781.43,6572505.53,0,30,225.0,191.0,126.0,205.0,253.0,12.9,6.54,18.318,,1.786,0.019,10.44,0.869,0.36,0.5,,23.4
1,1305,71,2003-02-12,775781.43,6572505.53,30,50,324.0,198.0,124.0,175.0,179.0,14.77,7.71,2.868,,0.343,0.006,11.89,1.303,0.5,0.5,,42.0
1,1306,71,2003-03-14,791766.96,6572369.75,0,30,243.0,341.0,153.0,73.0,190.0,7.1,5.18,25.823,,2.44,0.017,6.12,0.512,0.2,0.5,,18.8
1,1306,71,2003-03-14,791766.96,6572369.75,30,50,294.0,363.0,173.0,78.0,92.0,4.45,5.4,10.763,,0.948,0.006,3.17,0.196,0.12,0.5,,19.0
1,1307,69,2006-12-06,807752.53,6572233.73,0,30,148.0,159.0,99.0,101.0,493.0,8.76,6.1,21.2,36.7,2.17,0.046,7.71,0.77,0.24,0.5,,16.2
1,1307,69,2006-12-06,807752.53,6572233.73,30,50,152.0,164.0,99.0,107.0,478.0,5.39,5.7,9.46,16.4,0.98,0.022,4.38,0.16,0.173,0.5,,12.3
1,1308,69,2009-04-03,823738.08,6572097.52,0,25,165.0,284.0,112.0,117.0,322.0,6.82,5.83,23.7,41.0,2.2,0.138,6.62,0.42,0.232,0.5,,13.93
1,1308,69,2009-04-03,823738.08,6572097.52,30,50,121.0,204.0,86.0,116.0,473.0,4.02,5.39,3.93,6.79,0.429,0.021,2.75,0.183,0.108,0.5,,11.5
1,1309,01,2008-03-11,839723.54,6571961.1,0,30,688.0,223.0,59.0,20.0,10.0,42.7,6.6,36.0,62.3,3.91,0.027,43.0,1.47,0.402,0.5,,56.7
1,1309,01,2008-03-11,839723.54,6571961.1,30,50,695.0,194.0,61.0,31.0,19.0,40.1,7.0,13.7,23.7,1.75,0.005,39.7,0.55,0.325,0.5,,57.2
1,1310,01,2007-10-08,855708.98,6571824.42,0,25,340.0,316.0,169.0,114.0,61.0,19.9,8.0,14.2,24.7,1.66,0.027,22.0,0.53,0.42,134.0,,21.5
1,1310,01,2007-10-08,855708.98,6571824.42,30,50,350.0,303.0,175.0,122.0,50.0,19.3,8.2,5.53,9.6,0.78,0.005,21.3,0.51,0.292,190.0,,19.0
1,1311,01,2007-11-27,871694.6,6571687.56,0,25,346.0,287.0,210.0,87.0,70.0,18.3,5.8,26.2,45.3,2.66,0.055,18.5,0.75,0.209,0.5,,30.8
1,1311,01,2007-11-27,871694.6,6571687.56,30,50,377.0,272.0,188.0,94.0,69.0,20.4,6.9,4.65,8.1,0.51,0.005,19.8,0.26,0.196,0.5,,32.8
1,1312,01,2006-12-18,887680.19,6571550.52,0,30,459.0,316.0,189.0,30.0,6.0,15.0,5.5,31.0,53.6,2.4,0.005,10.2,0.98,0.157,1.0,,33.9
1,1312,01,2006-12-18,887680.19,6571550.52,30,50,530.0,286.0,154.0,25.0,5.0,18.0,5.7,15.2,26.2,1.3,0.005,15.0,0.41,0.143,1.0,,35.9
1,1313,01,2006-09-13,903665.65,6571413.34,0,30,466.0,399.0,81.0,24.0,30.0,43.2,7.7,54.6,94.4,5.29,0.013,45.1,0.96,0.539,106.0,,42.6
1,1316,74,2009-04-23,951622.05,6571000.73,0,30,383.0,363.0,118.0,95.0,41.0,12.8,5.71,29.6,51.3,2.99,0.021,10.4,1.93,0.209,0.5,,24.8
1,1316,74,2009-04-23,951622.05,6571000.73,30,50,349.0,294.0,145.0,142.0,70.0,12.7,6.09,9.77,16.9,1.0,0.0025,9.88,2.41,0.144,0.5,,22.1
1,1318,74,2008-10-07,983592.8,6570724.71,0,30,268.0,235.0,105.0,179.0,213.0,5.98,5.2,26.8,46.3,2.62,0.013,2.54,0.99,0.125,0.5,,19.3
1,1318,74,2008-10-07,983592.8,6570724.71,30,50,209.0,219.0,109.0,204.0,259.0,4.44,5.4,12.1,20.9,1.21,0.0025,2.45,0.58,0.055,0.5,,16.7
1,1318,74,2008-10-07,983592.8,6570724.71,-3,0,,,,,,24.1,5.45,156.0,269.0,11.2,0.091,17.2,5.92,1.45,1.18,,46.8
1,1320,17,2007-06-11,360025.15,6559983.39,0,30,136.0,93.0,117.0,208.0,446.0,12.1,7.8,21.4,37.1,2.17,0.025,11.6,1.2,0.567,8.4,0.055,12.2
1,1320,17,2007-06-11,360025.15,6559983.39,30,50,151.0,102.0,116.0,216.0,415.0,8.54,8.1,9.83,17.0,1.02,0.005,9.16,0.8,0.328,8.7,0.042,8.1
1,1322,17,2005-01-18,391996.04,6559721.52,0,30,319.0,190.0,256.0,216.0,19.0,22.0,8.1,19.8,34.3,2.1,0.128,21.6,0.67,0.371,17.4,,25.9
1,1323,17,2004-09-01,407981.41,6559590.38,0,25,417.0,254.0,174.0,109.0,46.0,26.4,8.05,28.4,49.2,2.85,0.0743,27.4,0.778,0.361,51.7,,35.6
1,1323,17,2004-09-01,407981.41,6559590.38,30,50,422.0,237.0,180.0,125.0,36.0,22.5,8.21,16.5,28.6,1.73,0.0299,22.9,0.553,0.235,39.5,,26.0
1,1324,17,2004-12-03,423966.8,6559459.03,0,25,308.0,232.0,141.0,164.0,155.0,22.9,8.08,29.3,50.7,2.91,0.037,22.8,0.523,0.345,299.0,,23.1
1,1325,17,2007-10-30,439952.17,6559327.45,0,20,449.0,238.0,200.0,61.0,52.0,29.3,8.0,33.3,57.7,3.47,0.064,29.9,0.85,0.962,80.1,,31.8
1,1326,79,2004-12-08,455937.56,6559195.66,0,15,360.0,416.0,109.0,32.0,83.0,31.5,7.99,38.0,65.8,3.76,0.0613,31.7,0.822,0.46,288.0,,36.75
1,1327,79,2004-12-09,471923.01,6559063.69,0,20,194.0,416.0,325.0,39.0,26.0,7.86,7.27,11.2,19.4,1.1,0.0915,7.32,0.564,0.312,0.5,,10.4
1,1327,79,2004-12-09,471923.01,6559063.69,25,50,333.0,369.0,248.0,28.0,22.0,8.59,6.82,5.08,8.79,0.645,0.0247,7.32,1.01,0.194,0.5,,12.0
1,1328,86,2003-04-14,487908.44,6558931.59,0,25,203.0,370.0,310.0,58.0,59.0,5.07,5.34,8.64,,0.96,0.091,3.88,0.288,0.22,0.5,,12.6
1,1328,86,2003-04-14,487908.44,6558931.59,30,50,320.0,336.0,259.0,43.0,42.0,7.11,6.16,3.593,,0.539,0.017,5.7,0.51,0.17,1.0,,21.0
1,1329,16,2007-07-05,503893.82,6558799.28,0,30,199.0,221.0,134.0,93.0,353.0,5.1,5.7,11.6,20.0,1.09,0.016,4.95,0.53,0.095,1.9,,11.9
1,1329,16,2007-07-05,503893.82,6558799.28,30,50,315.0,218.0,125.0,79.0,263.0,6.53,6.0,4.41,7.6,0.5,0.005,5.69,0.61,0.122,1.3,,13.1
1,1330,86,2002-06-19,519879.18,6558666.72,0,30,146.0,140.0,120.0,114.0,480.0,6.54,6.01,14.867,,1.502,0.058,4.96,0.417,0.21,0.5,,13.8
1,1330,86,2002-06-19,519879.18,6558666.72,30,50,336.0,183.0,104.0,89.0,288.0,7.88,6.19,4.161,,0.612,0.05,6.23,0.626,0.14,0.5,,29.0
1,1331,87,2008-05-20,535864.52,6558533.99,0,30,138.0,120.0,99.0,259.0,384.0,4.48,5.2,17.6,30.4,1.6,0.025,2.92,0.45,0.219,0.5,,13.2
1,1331,87,2008-05-20,535864.52,6558533.99,30,50,113.0,115.0,94.0,212.0,466.0,4.21,5.6,6.31,10.9,0.55,0.008,2.8,0.56,0.173,0.5,,12.9
1,1332,87,2004-09-09,551849.89,6558401.11,0,25,97.0,75.0,62.0,130.0,636.0,5.01,6.8,10.3,17.9,0.99,0.0656,5.52,0.439,0.215,0.5,,6.44
1,1332,87,2004-09-09,551849.89,6558401.11,30,45,107.0,83.0,76.0,147.0,587.0,4.48,6.7,4.43,7.67,0.45,0.0359,3.81,0.4,0.307,0.5,,7.0
1,1333,87,2006-11-22,567835.28,6558268.06,0,30,132.0,101.0,55.0,122.0,590.0,4.98,4.6,51.5,89.1,3.2,0.018,0.38,0.27,0.242,1.4,,20.6
1,1333,87,2006-11-22,567835.28,6558268.06,30,50,128.0,149.0,74.0,168.0,481.0,2.77,4.7,22.7,39.3,1.49,0.011,0.05,0.06,0.108,0.5,,16.0
1,1335,23,2006-10-25,599806.1,6558001.37,0,30,120.0,125.0,49.0,96.0,610.0,3.36,4.7,43.6,75.4,2.41,0.011,0.24,0.14,0.134,0.5,,21.4
1,1335,23,2006-10-25,599806.1,6558001.37,30,50,112.0,138.0,67.0,128.0,555.0,1.25,4.7,9.83,17.0,0.65,0.006,0.07,0.03,0.054,0.5,,11.8
1,1336,23,2006-10-17,615791.47,6557867.73,0,30,171.0,168.0,60.0,69.0,532.0,4.2,4.4,54.1,93.5,3.42,0.007,0.26,0.14,0.166,0.5,,27.8
1,1336,23,2006-10-17,615791.47,6557867.73,30,50,168.0,208.0,89.0,89.0,446.0,2.38,4.6,13.8,23.9,0.95,0.004,0.07,0.05,0.088,0.5,,17.8
1,1337,23,2006-11-08,631776.85,6557733.94,0,30,135.0,171.0,97.0,151.0,446.0,3.35,4.8,19.2,33.3,1.59,0.023,1.22,0.36,0.198,0.5,,10.9
1,1337,23,2006-11-08,631776.85,6557733.94,30,50,138.0,169.0,102.0,157.0,434.0,2.57,5.0,6.56,11.3,0.61,0.014,0.72,0.16,0.092,0.5,,9.1
1,1338,23,2008-09-28,647762.25,6557599.94,0,20,160.0,158.0,73.0,102.0,507.0,7.41,6.0,22.8,39.5,2.14,0.038,6.58,0.82,0.602,0.5,,16.05
1,1338,23,2008-09-28,647762.25,6557599.94,25,50,146.0,143.0,62.0,89.0,560.0,6.04,6.0,15.2,26.3,1.43,0.027,5.42,0.66,0.543,0.5,,13.2
1,1339,23,2008-02-27,663747.63,6557465.7,0,30,144.0,161.0,112.0,92.0,491.0,7.66,5.6,19.5,33.7,1.85,0.136,5.73,0.81,0.861,0.5,,18.3
1,1339,23,2008-02-27,663747.63,6557465.7,32,50,142.0,143.0,95.0,91.0,529.0,6.78,5.3,3.72,6.4,0.41,0.065,4.38,0.92,0.544,0.5,,17.2
1,1340,63,2006-10-05,679733.04,6557331.22,0,30,176.0,171.0,77.0,136.0,440.0,5.23,4.9,28.0,48.4,2.15,0.012,2.29,0.58,0.265,0.5,,18.7
1,1341,63,2004-11-17,695718.5,6557196.51,0,30,115.0,114.0,116.0,122.0,533.0,6.51,5.4,18.8,32.5,1.69,0.0408,4.82,0.818,0.423,0.5,,11.1
1,1342,03,2004-04-06,711703.96,6557061.58,0,30,203.0,149.0,73.0,135.0,440.0,11.8,5.85,32.9,56.9,3.01,0.034,8.63,1.14,0.521,0.5,,19.6
1,1343,03,2007-06-13,727689.43,6556926.49,0,30,494.0,188.0,52.0,72.0,194.0,27.2,6.1,23.0,39.7,1.69,0.005,25.0,1.95,0.68,0.5,,39.5
1,1343,03,2007-06-13,727689.43,6556926.49,30,50,596.0,216.0,36.0,39.0,113.0,37.1,7.9,11.0,19.1,0.96,0.005,40.0,1.71,0.796,125.0,,43.7
1,1344,03,2004-04-14,743674.9,6556791.24,0,25,169.0,176.0,80.0,114.0,461.0,9.22,5.97,16.0,27.8,1.59,0.0516,6.54,0.907,0.274,0.5,,13.0
1,1344,03,2004-04-14,743674.9,6556791.24,30,50,144.0,192.0,86.0,91.0,487.0,7.37,6.09,2.89,5.01,0.367,0.0326,5.26,0.571,0.176,0.5,,11.0
1,1345,03,2007-06-14,759660.34,6556655.8,0,30,190.0,154.0,58.0,96.0,502.0,4.66,4.9,59.1,102.0,4.03,0.005,1.23,0.17,0.129,0.5,,32.3
1,1345,03,2007-06-14,759660.34,6556655.8,30,50,177.0,173.0,58.0,126.0,466.0,2.64,5.0,18.9,32.7,1.44,0.005,0.51,0.09,0.069,0.5,,20.2
1,1345,03,2007-06-14,759660.34,6556655.8,-7,0,,,,,,43.4,4.7,309.0,534.0,15.0,0.049,31.6,3.06,1.19,1.3,,68.1
1,1346,42,2006-09-13,775645.74,6556520.2,0,30,209.0,181.0,82.0,131.0,397.0,14.3,7.2,20.7,35.8,2.01,0.117,12.0,1.49,1.62,0.5,,23.2
1,1346,42,2006-09-13,775645.74,6556520.2,30,50,383.0,113.0,59.0,86.0,359.0,20.8,7.5,4.5,7.8,0.54,0.027,18.9,1.05,1.14,0.5,,37.0
1,1347,42,2006-09-14,791631.05,6556384.43,0,20,350.0,215.0,93.0,83.0,259.0,14.2,6.3,18.9,32.7,1.89,0.089,12.1,1.31,0.744,0.5,,21.2
1,1347,42,2006-09-14,791631.05,6556384.43,35,50,512.0,108.0,47.0,43.0,290.0,15.8,6.5,4.26,7.4,0.54,0.02,13.3,1.8,0.552,0.5,,23.8
1,1348,69,2007-01-03,807616.4,6556248.4,0,30,209.0,195.0,108.0,105.0,383.0,8.34,4.3,45.3,78.3,2.84,0.045,0.36,0.1,0.149,0.5,,28.6
1,1348,69,2007-01-03,807616.4,6556248.4,30,50,203.0,199.0,99.0,97.0,402.0,4.81,4.5,15.9,27.5,1.04,0.044,0.11,0.04,0.107,0.5,,19.2
1,1349,69,2007-06-28,823601.82,6556112.16,0,30,104.0,98.0,43.0,66.0,689.0,5.33,4.5,26.9,46.5,2.06,0.016,1.71,0.7,0.155,0.5,,13.9
1,1350,01,2007-11-28,839587.07,6555975.72,0,25,121.0,122.0,403.0,262.0,92.0,5.68,5.7,8.4,14.5,0.79,0.014,4.52,0.59,0.173,0.5,,10.33
1,1350,01,2007-11-28,839587.07,6555975.72,30,50,129.0,129.0,401.0,253.0,88.0,5.09,6.0,3.1,5.4,0.35,0.011,4.64,0.54,0.107,0.5,,9.6
1,1351,01,2007-10-06,855572.35,6555839.07,0,30,303.0,422.0,202.0,37.0,36.0,9.15,5.3,25.1,43.4,2.63,0.049,8.52,0.84,0.25,1.0,,20.0
1,1351,01,2007-10-06,855572.35,6555839.07,30,50,248.0,402.0,242.0,65.0,43.0,5.56,5.5,9.76,16.9,1.1,0.011,4.66,0.39,0.117,0.5,,12.2
1,1352,01,2007-10-03,871557.79,6555702.29,0,30,186.0,331.0,310.0,91.0,82.0,5.18,5.4,12.0,20.8,1.17,0.073,4.57,0.39,0.489,0.5,,11.2
1,1352,01,2007-10-03,871557.79,6555702.29,30,50,230.0,342.0,282.0,77.0,69.0,5.05,5.7,7.51,13.0,0.79,0.041,4.43,0.4,0.292,0.5,,10.8
1,1353,01,2007-12-12,887543.17,6555565.24,0,30,429.0,369.0,127.0,36.0,39.0,34.1,8.0,44.1,76.3,4.92,0.016,35.9,0.52,0.342,270.0,,44.8
1,1353,01,2007-12-12,887543.17,6555565.24,30,50,401.0,418.0,125.0,27.0,29.0,30.8,8.2,24.6,42.5,2.83,0.005,31.4,0.26,0.29,262.0,,40.6
1,1354,01,2007-09-12,903528.43,6555428.0,0,30,667.0,226.0,85.0,19.0,3.0,50.4,6.7,87.4,151.0,8.39,0.022,59.1,1.04,0.481,1.2,,59.5
1,1354,01,2007-09-12,903528.43,6555428.0,30,50,658.0,218.0,103.0,18.0,3.0,47.5,7.0,40.9,70.8,4.13,0.005,47.7,0.63,0.438,0.5,,50.6
1,1355,74,2008-12-03,919513.67,6555290.62,0,25,278.0,303.0,161.0,184.0,74.0,12.3,7.2,16.9,29.2,1.36,0.04,12.0,0.84,0.506,1.5,,14.8
1,1355,74,2008-12-03,919513.67,6555290.62,30,50,382.0,281.0,130.0,145.0,62.0,16.0,7.0,7.02,12.2,0.73,0.009,14.7,1.54,0.373,0.5,,16.6
1,1356,74,2008-09-04,935498.95,6555153.07,0,30,366.0,264.0,132.0,135.0,103.0,24.9,7.9,26.5,45.9,2.86,0.051,26.2,0.99,0.435,83.8,,26.4
1,1356,74,2008-09-04,935498.95,6555153.07,30,50,355.0,271.0,132.0,144.0,98.0,21.0,8.3,7.13,12.3,0.89,0.0025,22.8,0.72,0.286,62.6,,26.8
1,1357,74,2008-08-06,951484.18,6555015.36,0,25,272.0,276.0,161.0,179.0,112.0,16.4,6.2,22.9,39.7,2.36,0.024,15.1,1.24,0.211,0.5,,28.6
1,1357,74,2008-08-06,951484.18,6555015.36,30,50,384.0,267.0,130.0,142.0,77.0,21.8,7.5,4.64,8.0,0.65,0.0025,20.4,1.6,0.278,1.2,,32.7
1,1358,74,2007-05-09,967469.36,6554877.44,0,30,365.0,158.0,118.0,281.0,78.0,34.6,7.1,44.2,76.4,2.92,0.018,36.2,0.65,0.25,1.7,,34.9
1,1358,74,2007-05-09,967469.36,6554877.44,30,50,353.0,151.0,116.0,301.0,79.0,32.0,7.6,33.9,58.6,2.29,0.012,32.2,0.37,0.206,7.8,,21.8
1,1359,74,2008-09-03,983454.61,6554739.33,0,30,184.0,243.0,74.0,153.0,346.0,4.27,5.4,66.7,115.0,4.49,0.011,1.96,0.28,0.274,1.4,,50.1
1,1360,74,2008-09-02,999439.89,6554601.01,0,30,191.0,172.0,91.0,111.0,435.0,6.33,4.4,51.6,89.4,3.8,0.026,0.58,0.39,0.26,1.4,,31.5
1,1360,74,2008-09-02,999439.89,6554601.01,-6,0,323.0,262.0,126.0,71.0,218.0,12.1,4.19,174.0,300.0,9.01,0.056,4.51,1.88,1.06,0.5,,37.8
1,1364,17,2007-06-12,391864.98,6543736.28,0,30,582.0,353.0,44.0,12.0,9.0,33.1,8.0,28.5,49.3,2.97,0.107,25.6,7.2,1.3,67.3,0.239,36.1
1,1364,17,2007-06-12,391864.98,6543736.28,30,50,637.0,317.0,33.0,3.0,10.0,33.7,8.3,21.4,37.1,2.51,0.024,20.2,9.53,1.17,29.2,0.327,32.6
1,1365,17,2006-02-16,407850.13,6543605.11,0,20,413.0,151.0,71.0,165.0,200.0,33.1,8.0,39.9,69.1,4.08,0.125,29.7,1.9,1.54,70.0,,37.2
1,1366,17,2004-08-31,423835.3,6543473.73,0,30,444.0,202.0,107.0,88.0,159.0,26.9,8.21,27.3,47.3,2.7,0.0709,27.4,0.773,0.685,223.0,,36.1
1,1367,17,2006-03-21,439820.48,6543342.1,0,25,265.0,331.0,126.0,142.0,136.0,18.6,8.1,18.7,32.4,2.12,0.047,19.8,0.61,0.607,555.0,,21.57
1,1367,17,2006-03-21,439820.48,6543342.1,30,50,234.0,423.0,104.0,98.0,141.0,12.6,8.5,8.23,14.2,0.93,0.017,13.7,0.45,0.301,694.0,,18.0
1,1368,17,2006-03-22,455805.67,6543210.31,0,25,613.0,184.0,122.0,31.0,50.0,33.8,8.2,23.6,40.8,2.6,0.08,32.6,1.03,0.587,44.6,,51.0
1,1369,16,2007-08-23,471790.93,6543078.37,0,25,583.0,261.0,80.0,18.0,58.0,33.0,8.0,31.1,53.7,3.42,0.084,35.0,0.88,0.707,109.0,,36.2
1,1370,16,2006-10-09,487776.18,6542946.24,0,15,418.0,199.0,174.0,56.0,153.0,28.6,8.0,38.3,66.2,4.08,0.145,28.8,0.95,0.57,161.0,,33.6
1,1371,16,2007-07-06,503761.34,6542813.92,0,25,351.0,107.0,83.0,97.0,362.0,15.3,6.7,18.3,31.6,1.83,0.072,15.1,0.84,0.408,1.3,,17.4
1,1371,16,2007-07-06,503761.34,6542813.92,30,50,535.0,123.0,61.0,68.0,213.0,20.6,7.4,11.3,19.6,1.21,0.025,20.4,0.89,0.251,3.2,,26.2
1,1372,16,2007-02-28,519746.51,6542681.36,0,30,175.0,153.0,100.0,124.0,448.0,4.88,4.9,12.5,21.7,0.9,0.005,1.28,0.91,0.329,0.5,,12.9
1,1372,16,2007-02-28,519746.51,6542681.36,30,50,357.0,229.0,77.0,83.0,254.0,10.8,4.8,3.61,6.2,0.34,0.005,1.2,1.92,0.308,0.5,,21.4
1,1373,16,2007-02-27,535731.7,6542548.64,0,30,278.0,238.0,107.0,75.0,302.0,4.06,4.7,27.9,48.2,1.49,0.005,0.09,0.12,0.136,0.5,,17.3
1,1373,16,2007-02-27,535731.7,6542548.64,30,50,373.0,226.0,82.0,57.0,262.0,3.98,4.5,5.9,10.2,0.38,0.005,0.03,0.05,0.067,0.5,,13.6
1,1374,87,2006-12-05,551716.87,6542415.75,0,30,178.0,157.0,68.0,140.0,457.0,2.83,4.7,15.0,25.9,0.84,0.005,0.15,0.14,0.127,0.5,,9.73
1,1374,87,2006-12-05,551716.87,6542415.75,30,50,194.0,166.0,79.0,147.0,414.0,3.07,4.6,2.61,4.5,0.22,0.005,0.08,0.09,0.112,0.5,,11.1
1,1375,87,2006-11-21,567702.07,6542282.7,0,30,196.0,164.0,71.0,127.0,442.0,7.49,4.2,75.8,131.0,4.31,0.022,0.46,0.16,0.17,0.5,,29.5
1,1375,87,2006-11-21,567702.07,6542282.7,30,50,108.0,185.0,79.0,111.0,517.0,2.69,4.6,22.6,39.1,1.22,0.021,0.03,0.02,0.047,0.5,,22.0
1,1376,87,2006-12-19,583687.3,6542149.48,0,20,161.0,239.0,92.0,192.0,316.0,4.88,5.5,29.5,51.1,2.29,0.063,3.18,0.33,0.228,0.5,,18.4
1,1376,87,2006-12-19,583687.3,6542149.48,30,50,234.0,193.0,91.0,198.0,284.0,2.15,5.6,7.48,12.9,0.57,0.013,2.03,0.27,0.156,1.3,,11.3
1,1377,23,2006-10-18,599672.5,6542016.04,0,30,251.0,177.0,90.0,198.0,284.0,4.71,4.4,36.2,62.7,2.03,0.008,0.12,0.17,0.208,0.5,,20.4
1,1377,23,2006-10-18,599672.5,6542016.04,30,50,236.0,150.0,69.0,157.0,388.0,4.47,4.7,7.23,12.5,0.52,0.001,0.05,0.12,0.145,0.5,,16.1
1,1378,23,2008-03-28,615657.69,6541882.4,0,30,259.0,212.0,81.0,109.0,339.0,6.26,5.0,34.1,59.0,2.93,0.014,3.23,1.24,0.272,0.5,,25.6
1,1378,23,2008-03-28,615657.69,6541882.4,32,50,196.0,182.0,90.0,134.0,398.0,4.02,5.2,8.74,15.1,0.87,0.005,1.46,0.81,0.06,0.5,,18.3
1,1379,23,2006-11-09,631642.9,6541748.62,0,30,179.0,166.0,81.0,115.0,459.0,3.12,4.5,23.3,40.3,1.29,0.005,0.13,0.07,0.094,0.5,,16.3
1,1379,23,2006-11-09,631642.9,6541748.62,30,50,172.0,160.0,77.0,116.0,475.0,2.39,4.5,9.01,15.6,0.54,0.005,0.08,0.06,0.083,0.5,,12.8
1,1380,23,2008-12-09,647628.13,6541614.64,0,30,162.0,159.0,67.0,98.0,514.0,6.87,5.3,39.1,67.6,3.5,0.019,5.05,1.38,0.173,0.5,,23.1
1,1380,23,2008-12-09,647628.13,6541614.64,30,50,160.0,165.0,80.0,136.0,459.0,5.68,5.5,28.8,49.8,2.31,0.01,3.96,1.35,0.148,0.5,,14.7
1,1381,23,2008-09-23,663613.34,6541480.46,0,23,192.0,169.0,63.0,83.0,493.0,6.48,5.6,16.6,28.7,1.71,0.019,5.52,0.73,0.171,0.5,,12.33
1,1381,23,2008-09-23,663613.34,6541480.46,25,50,180.0,160.0,61.0,78.0,521.0,5.48,5.8,10.5,18.2,1.12,0.01,4.92,0.46,0.112,0.5,,14.1
1,1382,63,2004-05-11,679598.55,6541346.02,0,15,186.0,150.0,73.0,108.0,483.0,6.34,5.65,27.9,48.2,2.5,0.0429,4.41,0.432,0.525,0.5,,20.9
1,1382,63,2004-05-11,679598.55,6541346.02,25,50,165.0,135.0,74.0,114.0,512.0,2.94,5.32,10.8,18.7,1.05,0.0523,1.25,0.168,0.162,0.5,,13.0
1,1383,63,2004-09-15,695583.84,6541211.31,0,30,216.0,218.0,123.0,82.0,361.0,15.5,6.01,31.0,53.6,3.19,0.0203,11.3,3.29,0.152,1.08,,22.0
1,1383,63,2004-09-15,695583.84,6541211.31,30,50,189.0,227.0,141.0,99.0,344.0,9.7,6.31,11.0,18.9,1.22,0.0071,6.71,2.76,0.0887,0.5,,15.0
1,1384,63,2004-09-16,711569.1,6541076.41,0,25,244.0,108.0,49.0,73.0,526.0,17.1,6.56,13.3,23.0,1.31,0.14,14.2,1.87,0.48,1.11,,23.5
1,1384,63,2004-09-16,711569.1,6541076.41,35,50,270.0,110.0,51.0,75.0,494.0,17.5,6.63,9.65,16.7,0.98,0.0659,14.9,2.02,0.333,0.5,,21.0
1,1385,63,2004-09-15,727554.3,6540941.31,0,20,586.0,171.0,59.0,60.0,124.0,34.4,8.09,19.0,32.9,2.17,0.0316,32.4,2.63,1.06,130.0,,41.3
1,1385,63,2004-09-15,727554.3,6540941.31,25,50,604.0,157.0,49.0,59.0,131.0,36.3,8.17,11.4,19.7,1.28,0.0082,33.8,2.99,0.834,106.0,,46.0
1,1386,63,2004-11-18,743539.58,6540806.03,0,30,161.0,150.0,81.0,119.0,489.0,7.1,5.99,14.5,25.0,1.37,0.0442,5.69,0.784,0.425,0.5,,13.0
1,1386,63,2004-11-18,743539.58,6540806.03,35,50,184.0,136.0,72.0,113.0,495.0,8.16,5.68,3.99,6.9,0.49,0.0208,6.42,1.04,0.255,0.5,,14.0
1,1387,42,2006-09-20,759524.81,6540670.63,0,25,174.0,161.0,75.0,105.0,485.0,9.46,5.9,29.6,51.2,2.9,0.225,8.04,0.94,0.45,0.5,,20.83
1,1387,42,2006-09-20,759524.81,6540670.63,30,50,134.0,136.0,67.0,92.0,571.0,4.8,5.6,6.42,11.1,0.7,0.038,3.03,0.61,0.406,0.5,,16.6
1,1388,42,2006-12-23,775509.97,6540535.06,0,30,167.0,174.0,85.0,135.0,439.0,7.43,5.6,19.2,33.3,1.73,0.1,6.14,0.93,0.388,0.5,,12.9
1,1388,42,2006-12-23,775509.97,6540535.06,30,50,191.0,153.0,72.0,138.0,446.0,5.25,5.3,6.13,10.6,0.63,0.122,3.71,0.68,0.337,0.5,,10.6
1,1389,42,2006-09-19,791495.12,6540399.24,0,30,190.0,191.0,124.0,111.0,384.0,11.9,5.7,17.2,29.8,1.78,0.016,9.25,1.81,0.241,0.5,,18.03
1,1389,42,2006-09-19,791495.12,6540399.24,30,50,165.0,133.0,84.0,108.0,510.0,12.1,5.8,2.21,3.8,0.38,0.015,8.92,2.4,0.209,0.5,,16.4
1,1390,69,2007-01-04,807480.32,6540263.21,0,30,198.0,150.0,72.0,116.0,464.0,5.12,4.4,42.0,72.6,2.21,0.03,0.28,0.16,0.146,0.5,,26.7
1,1390,69,2007-01-04,807480.32,6540263.21,30,50,198.0,144.0,72.0,118.0,468.0,3.84,4.6,21.9,37.8,1.13,0.036,0.15,0.1,0.11,0.5,,18.9
1,1390,69,2007-01-04,807480.32,6540263.21,-7,0,,,,,,29.4,4.2,366.0,632.0,16.3,0.101,13.3,2.62,1.21,0.5,,73.2
1,1391,69,2007-06-20,823465.59,6540126.96,0,30,506.0,236.0,115.0,97.0,46.0,24.7,7.9,15.1,26.2,1.53,0.106,24.3,1.76,0.68,23.5,,24.7
1,1391,69,2007-06-20,823465.59,6540126.96,30,50,509.0,229.0,112.0,97.0,53.0,23.4,8.0,11.3,19.6,1.24,0.07,25.2,0.77,0.387,33.8,,24.6
1,1392,01,2007-12-13,839450.72,6539990.49,0,30,132.0,121.0,125.0,274.0,348.0,4.8,6.7,13.1,22.6,0.85,0.111,4.92,0.08,0.16,0.5,,17.2
1,1392,01,2007-12-13,839450.72,6539990.49,35,50,133.0,121.0,120.0,289.0,337.0,2.37,5.2,8.27,14.3,0.57,0.042,1.39,0.04,0.153,0.5,,7.7
1,1393,01,2008-03-10,855435.83,6539853.93,0,30,248.0,318.0,349.0,73.0,12.0,6.68,4.9,13.5,23.4,1.38,0.058,3.6,1.15,0.259,0.5,,15.5
1,1393,01,2008-03-10,855435.83,6539853.93,30,50,266.0,331.0,321.0,69.0,13.0,7.55,5.4,6.43,11.1,0.81,0.04,4.61,1.91,0.106,0.5,,18.3
1,1393,01,2008-03-10,855435.83,6539853.93,-3,0,,,,,,25.0,4.85,261.0,452.0,16.7,0.251,18.6,5.22,3.88,1.66,,60.2
1,1394,01,2007-10-16,871421.0,6539717.22,0,30,324.0,228.0,163.0,163.0,122.0,22.8,8.0,28.0,48.5,2.55,0.045,24.0,0.56,0.343,58.2,,24.4
1,1394,01,2007-10-16,871421.0,6539717.22,30,50,289.0,240.0,157.0,186.0,128.0,18.2,8.3,6.28,10.9,0.73,0.005,19.2,0.28,0.232,169.0,,17.5
1,1397,73,2009-06-18,919376.23,6539305.47,0,30,186.0,136.0,144.0,451.0,83.0,11.4,6.6,17.2,29.8,1.84,0.013,11.5,0.683,0.159,0.5,,12.9
1,1397,73,2009-06-18,919376.23,6539305.47,30,45,214.0,126.0,123.0,460.0,77.0,11.4,7.74,6.87,11.9,0.894,0.006,12.3,0.42,0.153,3.3,,13.2
1,1398,74,2008-08-05,935361.31,6539167.94,0,30,311.0,246.0,112.0,164.0,167.0,16.2,6.5,22.7,39.3,2.13,0.011,16.0,0.57,0.159,1.3,,26.8
1,1398,74,2008-08-05,935361.31,6539167.94,30,50,355.0,237.0,101.0,154.0,153.0,18.6,7.6,9.15,15.8,0.97,0.0025,21.1,0.26,0.136,6.9,,30.0
1,1399,74,2007-05-21,951346.31,6539030.2,0,30,296.0,344.0,165.0,168.0,27.0,13.3,5.9,19.2,33.2,1.38,0.005,12.7,0.61,0.145,0.5,,16.9
1,1399,74,2007-05-21,951346.31,6539030.2,30,50,371.0,290.0,144.0,147.0,48.0,15.7,6.0,8.02,13.9,0.71,0.005,15.3,0.43,0.152,0.5,,20.7
1,1400,74,2007-05-10,967331.32,6538892.24,0,30,361.0,324.0,113.0,77.0,125.0,12.8,4.6,159.0,275.0,9.55,0.019,5.19,0.9,0.355,1.3,,62.5
1,1400,74,2007-05-10,967331.32,6538892.24,30,50,268.0,335.0,120.0,91.0,186.0,6.08,4.8,112.0,194.0,6.72,0.005,1.43,0.25,0.121,1.2,,56.0
1,1401,74,2008-10-08,983316.37,6538754.13,0,30,241.0,267.0,108.0,120.0,264.0,8.96,5.7,28.2,48.7,3.48,0.025,7.56,0.92,0.363,1.9,,17.1
1,1401,74,2008-10-08,983316.37,6538754.13,30,50,202.0,272.0,105.0,105.0,316.0,6.78,6.2,13.7,23.7,1.93,0.01,5.94,0.51,0.112,0.5,,13.3
1,1402,74,2008-10-10,999301.42,6538615.85,0,30,72.0,228.0,193.0,122.0,385.0,5.54,4.4,40.8,70.5,1.66,0.0025,0.59,0.17,0.092,0.5,,26.9
1,1402,74,2008-10-10,999301.42,6538615.85,-18,0,,,,,,16.1,4.05,240.0,415.0,10.2,0.042,6.69,1.98,0.772,0.5,,51.4
1,1404,17,2007-04-13,375748.92,6527882.31,0,30,36.0,6.0,4.0,598.0,356.0,4.55,7.4,9.51,16.4,0.47,0.005,4.7,0.48,0.067,5.6,,5.1
1,1404,17,2007-04-13,375748.92,6527882.31,30,50,31.0,5.0,2.0,529.0,433.0,2.25,8.8,1.66,2.9,0.1,0.005,3.64,0.18,0.049,27.7,,2.5
1,1405,17,2004-09-02,391733.89,6527751.25,0,25,227.0,49.0,43.0,263.0,418.0,19.2,7.47,15.0,25.9,1.53,0.0616,18.5,1.34,0.566,1.27,,14.89
1,1405,17,2004-09-02,391733.89,6527751.25,33,50,347.0,46.0,41.0,230.0,336.0,25.6,7.72,9.99,17.3,1.1,0.0114,24.2,1.64,0.445,1.29,,31.0
1,1406,17,2006-10-06,407718.86,6527620.04,0,20,394.0,199.0,218.0,65.0,124.0,23.4,7.1,24.0,41.6,2.35,0.057,20.6,1.36,0.519,1.7,,35.7
1,1406,17,2006-10-06,407718.86,6527620.04,25,50,669.0,120.0,115.0,33.0,63.0,29.2,7.1,8.91,15.4,1.1,0.007,25.5,1.84,0.319,0.5,,48.5
1,1407,17,2007-04-12,423703.82,6527488.62,0,30,71.0,144.0,143.0,219.0,423.0,2.0,4.5,12.4,21.5,0.59,0.005,0.25,0.22,0.084,0.5,,5.72
1,1407,17,2007-04-12,423703.82,6527488.62,30,50,125.0,141.0,142.0,248.0,344.0,2.45,4.8,2.45,4.3,0.18,0.005,0.17,0.28,0.058,0.5,,5.7
1,1408,17,2006-11-17,439688.79,6527356.98,0,25,523.0,182.0,107.0,146.0,42.0,34.4,8.1,14.0,24.2,1.32,0.06,30.8,3.49,0.908,40.1,,37.1
1,1408,17,2006-11-17,439688.79,6527356.98,30,50,549.0,175.0,89.0,112.0,75.0,34.7,8.4,5.61,9.7,0.6,0.005,30.3,4.88,0.516,109.0,,44.7
1,1409,16,2007-09-25,455673.81,6527225.21,0,30,559.0,288.0,99.0,29.0,25.0,32.9,8.1,23.9,41.3,2.49,0.068,32.9,1.06,0.766,60.2,,39.0
1,1410,16,2007-08-22,471658.87,6527093.27,0,25,488.0,270.0,138.0,45.0,59.0,29.0,8.0,23.8,41.1,2.68,0.054,30.9,1.07,0.574,236.0,,33.6
1,1411,16,2007-07-10,487643.91,6526961.11,0,15,598.0,196.0,88.0,44.0,74.0,34.9,7.8,39.8,68.8,4.2,0.1,37.7,0.97,0.534,46.5,,40.5
1,1412,16,2006-09-27,503628.91,6526828.76,0,25,291.0,292.0,135.0,93.0,189.0,5.95,6.0,18.2,31.5,1.62,0.054,5.28,0.65,0.321,0.5,,16.9
1,1412,16,2006-09-27,503628.91,6526828.76,30,50,616.0,159.0,74.0,49.0,102.0,7.55,5.8,8.26,14.3,0.82,0.016,6.18,0.6,0.242,0.5,,19.5
1,1413,16,2007-03-01,519613.93,6526696.23,0,30,125.0,203.0,141.0,159.0,372.0,3.74,4.7,19.6,34.0,1.0,0.005,0.2,0.25,0.163,0.5,,10.3
1,1413,16,2007-03-01,519613.93,6526696.23,30,50,221.0,185.0,109.0,132.0,353.0,5.01,4.6,4.14,7.2,0.23,0.005,0.08,0.19,0.119,0.5,,12.6
1,1413,16,2007-03-01,519613.93,6526696.23,-5,0,,,,,,26.0,4.7,237.0,410.0,12.0,0.077,10.2,5.6,1.43,0.5,,56.0
1,1414,87,2006-11-23,535598.95,6526563.53,0,30,134.0,198.0,96.0,162.0,410.0,3.14,4.8,16.8,29.0,0.89,0.005,0.11,0.22,0.152,0.5,,9.17
1,1414,87,2006-11-23,535598.95,6526563.53,30,50,141.0,206.0,104.0,156.0,393.0,3.18,4.8,5.31,9.2,0.34,0.005,0.09,0.27,0.128,0.5,,7.2
1,1415,87,2006-12-06,551583.93,6526430.64,0,30,104.0,105.0,43.0,110.0,638.0,1.97,4.8,29.2,50.5,1.25,0.014,0.11,0.1,0.118,0.5,,14.1
1,1415,87,2006-12-06,551583.93,6526430.64,30,50,101.0,98.0,52.0,118.0,631.0,1.78,4.8,7.58,13.1,0.41,0.005,0.05,0.06,0.065,0.5,,8.8
1,1416,87,2007-04-12,567568.92,6526297.58,0,30,143.0,122.0,104.0,161.0,470.0,5.13,5.5,12.6,21.7,1.16,0.088,3.21,0.49,0.778,0.5,,12.4
1,1416,87,2007-04-12,567568.92,6526297.58,30,50,129.0,103.0,57.0,145.0,566.0,4.78,5.8,3.66,6.3,0.38,0.026,2.22,0.58,1.11,0.5,,12.0
1,1417,87,2004-04-08,583553.94,6526164.35,0,20,270.0,225.0,92.0,117.0,296.0,10.6,5.23,40.7,70.4,3.94,0.032,7.38,1.89,0.842,0.5,,26.6
1,1417,87,2004-04-08,583553.94,6526164.35,25,40,213.0,176.0,85.0,119.0,407.0,6.26,5.57,17.9,31.0,1.74,0.0107,3.74,1.21,0.517,0.5,,20.0
1,1418,87,2005-08-09,599538.94,6526030.89,0,20,206.0,134.0,67.0,106.0,487.0,4.55,5.1,22.8,39.5,2.07,0.041,3.75,0.35,0.067,0.5,,16.7
1,1418,87,2005-08-09,599538.94,6526030.89,20,35,189.0,132.0,60.0,104.0,515.0,3.68,5.0,17.3,29.9,1.53,0.037,2.72,0.25,0.061,0.5,,15.0
1,1419,23,2008-10-23,615523.95,6525897.26,0,25,109.0,112.0,64.0,140.0,575.0,3.04,4.9,33.9,58.6,2.64,0.036,0.48,0.12,0.112,0.5,,18.0
1,1420,23,2006-11-07,631508.97,6525763.47,0,30,139.0,143.0,67.0,138.0,513.0,3.86,4.6,47.6,82.4,2.69,0.012,0.09,0.08,0.085,2.0,,22.9
1,1420,23,2006-11-07,631508.97,6525763.47,30,50,145.0,174.0,78.0,173.0,430.0,1.83,4.9,19.0,32.8,1.18,0.005,0.05,0.03,0.051,1.2,,17.4
1,1421,23,2008-09-18,647493.99,6525629.49,0,15,161.0,120.0,62.0,104.0,553.0,10.3,5.9,39.5,68.4,3.39,0.027,8.63,1.34,0.4,0.5,,25.1
1,1422,63,2005-04-13,663479.01,6525495.33,0,30,162.0,143.0,73.0,131.0,491.0,4.93,5.08,17.5,30.3,1.63,0.038,2.24,0.358,0.231,0.5,,14.9
1,1422,63,2005-04-13,663479.01,6525495.33,30,50,136.0,143.0,107.0,134.0,480.0,6.31,5.06,2.34,4.04,0.3,0.033,1.13,0.319,0.153,0.5,,17.0
1,1423,63,2004-05-12,679464.04,6525360.94,0,30,290.0,159.0,80.0,137.0,334.0,7.5,5.4,42.0,72.7,3.95,0.0289,3.89,1.34,0.257,0.5,,22.2
1,1423,63,2004-05-12,679464.04,6525360.94,30,50,234.0,152.0,86.0,134.0,394.0,4.33,5.64,8.67,15.0,0.829,0.0061,1.85,1.18,0.122,0.5,,13.0
1,1424,63,2006-09-14,695449.13,6525226.3,0,30,152.0,265.0,120.0,152.0,311.0,4.79,5.3,75.9,131.0,5.77,0.025,0.52,0.33,0.151,1.8,,51.7
1,1424,63,2006-09-14,695449.13,6525226.3,30,50,52.0,223.0,157.0,168.0,400.0,3.53,5.4,36.2,62.7,2.9,0.015,0.67,0.11,0.075,1.6,,41.3
1,1425,63,2004-10-12,711434.16,6525091.41,0,25,332.0,197.0,72.0,74.0,325.0,24.4,7.58,19.8,34.3,1.78,0.287,15.4,6.45,1.82,1.46,,27.5
1,1425,63,2004-10-12,711434.16,6525091.41,30,50,380.0,204.0,76.0,79.0,261.0,24.9,7.22,11.5,20.0,1.05,0.15,16.7,6.32,0.983,0.5,,27.0
1,1426,63,2004-05-11,727419.17,6524956.32,0,20,647.0,212.0,50.0,37.0,54.0,39.3,8.22,18.4,31.9,2.02,0.0749,33.7,1.89,1.54,202.0,,46.2
1,1426,63,2004-05-11,727419.17,6524956.32,30,50,660.0,212.0,38.0,30.0,60.0,39.6,8.3,11.9,20.6,1.17,0.0293,34.1,1.85,0.925,191.0,,44.0
1,1427,63,2004-09-16,743404.26,6524821.05,0,30,237.0,158.0,87.0,114.0,404.0,10.3,6.25,24.9,43.1,2.51,0.018,7.29,2.16,1.18,0.5,,16.0
1,1427,63,2004-09-16,743404.26,6524821.05,30,50,242.0,137.0,82.0,112.0,427.0,8.58,6.7,5.36,9.27,0.61,0.004,5.28,2.32,1.35,0.5,,12.0
1,1428,42,2006-11-22,759389.28,6524685.63,0,25,126.0,111.0,49.0,94.0,620.0,5.24,5.4,32.2,55.7,2.93,0.039,4.62,0.47,0.196,0.5,,17.8
1,1428,42,2006-11-22,759389.28,6524685.63,30,50,93.0,122.0,43.0,93.0,649.0,2.93,5.5,10.5,18.1,1.05,0.02,1.47,0.2,0.082,0.5,,15.0
1,1429,42,2007-06-14,775374.21,6524550.03,0,30,93.0,118.0,69.0,155.0,565.0,5.55,5.4,15.1,26.1,1.13,0.158,4.79,0.54,0.444,0.5,,10.45
1,1430,42,2006-06-21,791359.21,6524414.17,0,30,287.0,249.0,221.0,233.0,10.0,19.5,6.8,18.3,31.6,1.54,0.058,16.6,2.79,0.456,0.5,,30.7
1,1430,42,2006-06-21,791359.21,6524414.17,30,50,239.0,229.0,222.0,296.0,14.0,18.7,7.2,10.1,17.4,0.96,0.025,17.1,2.07,0.229,0.5,,30.0
1,1431,42,2006-09-05,807344.31,6524278.17,0,30,110.0,100.0,53.0,118.0,619.0,6.52,5.5,16.5,28.6,1.68,0.18,4.22,1.29,1.09,0.5,,11.6
1,1431,42,2006-09-05,807344.31,6524278.17,30,50,94.0,75.0,49.0,88.0,694.0,6.03,5.2,7.53,13.0,0.79,0.136,3.65,1.0,0.754,0.5,,12.0
1,1432,69,2007-07-02,823329.4,6524141.98,0,25,202.0,182.0,159.0,172.0,285.0,16.4,6.4,16.9,29.3,1.6,0.097,12.8,3.78,0.559,0.5,,19.0
1,1432,69,2007-07-02,823329.4,6524141.98,30,50,175.0,169.0,149.0,170.0,337.0,13.7,6.5,8.72,15.1,0.87,0.049,10.5,3.55,0.287,0.5,,15.4
1,1434,69,2008-02-27,855299.33,6523868.97,0,20,284.0,431.0,232.0,36.0,17.0,16.0,8.3,15.4,26.7,1.72,0.02,17.9,0.9,0.265,291.0,,19.2
1,1434,69,2008-02-27,855299.33,6523868.97,25,50,221.0,403.0,299.0,48.0,29.0,12.7,8.4,9.12,15.8,1.05,0.005,14.5,0.62,0.137,317.0,,16.6
1,1435,01,2007-10-17,871284.18,6523732.25,0,30,127.0,151.0,131.0,342.0,249.0,6.58,8.4,8.5,14.7,0.96,0.012,9.13,0.29,0.13,692.0,,6.88
1,1435,01,2007-10-17,871284.18,6523732.25,35,50,92.0,111.0,110.0,355.0,332.0,3.03,8.6,3.89,6.7,0.3,0.005,5.85,0.18,0.068,745.0,,3.1
1,1436,38,2007-06-04,887269.03,6523595.25,0,25,236.0,228.0,209.0,217.0,110.0,14.1,6.6,18.6,32.1,2.02,0.032,14.1,0.67,0.421,0.5,,16.6
1,1436,38,2007-06-04,887269.03,6523595.25,30,50,237.0,225.0,207.0,215.0,116.0,13.2,7.6,10.2,17.6,1.17,0.005,13.0,0.48,0.195,1.3,,13.3
1,1437,01,2007-09-26,903253.88,6523457.98,0,17,134.0,155.0,127.0,246.0,338.0,8.1,7.1,17.9,30.9,1.41,0.15,8.27,0.85,0.571,0.5,,18.0
1,1439,74,2008-12-02,935223.63,6523182.99,0,30,202.0,141.0,99.0,205.0,353.0,24.3,7.7,46.9,81.2,4.76,0.04,26.4,0.8,0.214,127.0,,20.8
1,1440,74,2007-05-03,951208.46,6523045.23,0,30,334.0,356.0,171.0,95.0,44.0,14.0,5.4,26.8,46.3,1.85,0.005,12.4,0.96,0.19,0.5,,20.8
1,1440,74,2007-05-03,951208.46,6523045.23,30,50,344.0,339.0,161.0,102.0,54.0,13.0,5.5,15.1,26.0,1.18,0.005,11.3,0.62,0.144,0.5,,15.5
1,1442,73,2008-09-16,983178.07,6522769.16,0,30,211.0,310.0,96.0,166.0,217.0,3.71,5.1,28.2,48.8,2.69,0.017,1.59,0.45,0.135,0.5,,21.9
1,1442,73,2008-09-16,983178.07,6522769.16,30,50,152.0,259.0,94.0,177.0,318.0,1.54,5.4,6.05,10.5,0.74,0.008,0.55,0.14,0.025,0.5,,11.9
1,1445,17,2006-10-13,391602.75,6511766.41,0,15,343.0,216.0,76.0,93.0,272.0,28.1,8.2,15.9,27.5,1.7,0.035,28.1,0.89,0.895,279.0,,28.4
1,1445,17,2006-10-13,391602.75,6511766.41,18,50,340.0,212.0,81.0,91.0,276.0,28.0,8.2,14.6,25.3,1.59,0.029,28.7,0.88,0.737,294.0,,30.7
1,1446,17,2006-10-05,407587.56,6511635.15,0,15,175.0,333.0,237.0,130.0,125.0,5.71,5.5,13.3,23.0,1.28,0.084,4.21,0.61,0.674,0.5,,11.45
1,1446,17,2006-10-05,407587.56,6511635.15,20,50,223.0,298.0,224.0,126.0,129.0,6.55,5.7,8.83,15.3,0.96,0.031,5.35,0.68,0.512,0.5,,14.2
1,1447,17,2003-02-18,423572.34,6511503.71,0,15,351.0,399.0,172.0,45.0,33.0,29.58,8.25,42.895,,4.548,0.032,28.8,0.604,0.24,509.0,,41.6
1,1447,17,2003-02-18,423572.34,6511503.71,20,50,336.0,417.0,177.0,41.0,29.0,27.49,8.4,30.433,,3.469,0.014,27.44,0.323,0.06,532.0,,60.0
1,1448,16,2007-09-18,439557.13,6511372.1,0,25,295.0,229.0,103.0,142.0,231.0,23.3,8.2,16.5,28.5,1.77,0.034,24.1,0.79,0.697,640.0,,23.1
1,1449,16,2007-05-31,455541.97,6511240.32,0,25,232.0,260.0,223.0,126.0,159.0,15.1,6.7,11.5,19.8,1.07,0.14,14.3,1.53,0.821,0.5,,18.8
1,1449,16,2007-05-31,455541.97,6511240.32,30,45,426.0,241.0,172.0,77.0,84.0,26.6,7.3,5.47,9.5,0.66,0.015,25.6,1.69,0.503,0.5,,30.8
1,1450,16,2006-10-10,471526.82,6511108.34,0,18,352.0,306.0,123.0,67.0,152.0,24.5,8.2,27.0,46.7,2.58,0.05,24.0,2.03,0.817,333.0,,25.7
1,1451,16,2007-04-04,487511.68,6510976.16,0,30,430.0,223.0,82.0,64.0,201.0,27.8,8.1,31.7,54.9,3.2,0.042,27.0,1.32,1.02,317.0,,31.3
1,1452,16,2006-10-19,503496.52,6510843.8,0,25,235.0,266.0,174.0,174.0,151.0,9.98,6.0,16.6,28.7,1.59,0.047,9.18,1.14,0.152,0.5,,16.3
1,1452,16,2006-10-19,503496.52,6510843.8,30,50,241.0,275.0,173.0,171.0,140.0,8.81,6.0,13.0,22.5,1.28,0.029,7.86,1.09,0.108,0.5,,16.8
1,1453,24,2007-08-24,519481.39,6510711.3,0,17,132.0,158.0,84.0,114.0,512.0,6.3,5.5,20.6,35.6,1.88,0.165,4.59,0.67,0.492,0.5,,14.2
1,1453,24,2007-08-24,519481.39,6510711.3,25,50,210.0,161.0,87.0,137.0,405.0,6.37,5.4,5.85,10.1,0.58,0.035,4.4,1.75,0.501,0.5,,13.7
1,1454,87,2005-08-05,535466.24,6510578.63,0,30,217.0,181.0,116.0,213.0,273.0,7.37,5.9,26.8,46.4,2.35,0.02,5.98,0.73,0.18,0.5,,19.6
1,1454,87,2005-08-05,535466.24,6510578.63,30,45,208.0,177.0,110.0,213.0,292.0,4.94,5.6,16.2,28.1,1.38,0.009,3.53,0.38,0.1,0.5,,17.0
1,1455,87,2005-09-28,551451.02,6510445.75,0,25,136.0,119.0,73.0,154.0,518.0,6.78,6.1,22.3,38.6,2.11,0.096,6.45,0.84,0.199,1.1,,14.1
1,1456,87,2003-10-02,567435.8,6510312.68,0,18,140.0,105.0,86.0,278.0,391.0,13.09,5.59,21.127,,2.208,0.055,9.58,2.615,0.31,1.0,,16.8
1,1456,87,2003-10-02,567435.8,6510312.68,28,50,93.0,69.0,102.0,266.0,470.0,13.06,6.08,5.082,,0.538,0.021,9.42,3.024,0.18,1.0,,16.0
1,1457,87,2004-03-18,583420.6,6510179.43,0,30,260.0,230.0,156.0,176.0,178.0,13.9,5.67,29.1,50.4,2.83,0.0072,7.91,1.59,0.148,0.5,,22.8
1,1457,87,2004-03-18,583420.6,6510179.43,30,50,290.0,247.0,169.0,146.0,148.0,10.9,5.55,7.08,12.2,0.75,0.001,4.83,2.04,0.096,0.5,,21.0
1,1458,87,2006-10-18,599405.43,6510045.95,0,30,221.0,200.0,83.0,105.0,391.0,5.02,4.7,55.8,96.5,3.57,0.013,0.34,0.25,0.248,0.5,,26.9
1,1458,87,2006-10-18,599405.43,6510045.95,30,50,197.0,209.0,88.0,112.0,394.0,2.43,4.8,13.6,23.4,0.99,0.009,0.1,0.07,0.137,0.5,,17.3
1,1459,19,2005-09-16,615390.26,6509912.32,0,25,140.0,121.0,58.0,92.0,589.0,5.88,5.5,33.2,57.5,2.91,0.23,4.55,0.74,0.299,0.5,,17.2
1,1459,19,2005-09-16,615390.26,6509912.32,25,45,115.0,114.0,50.0,71.0,650.0,3.2,5.4,20.9,36.2,1.83,0.122,1.91,0.23,0.175,0.5,,17.0
1,1460,19,2006-11-21,631375.07,6509778.52,0,30,185.0,160.0,85.0,173.0,397.0,5.6,4.2,62.1,107.0,4.11,0.041,0.2,0.12,0.141,1.0,,26.1
1,1460,19,2006-11-21,631375.07,6509778.52,30,50,100.0,206.0,100.0,164.0,430.0,2.86,4.7,24.0,41.5,1.5,0.07,0.04,0.03,0.054,0.5,,18.8
1,1461,23,2008-10-09,647359.86,6509644.52,0,20,193.0,138.0,60.0,112.0,497.0,2.97,5.0,45.2,78.2,3.84,0.033,0.79,0.19,0.165,0.5,,26.25
1,1461,23,2008-10-09,647359.86,6509644.52,25,50,137.0,121.0,58.0,96.0,588.0,1.93,5.1,7.7,13.3,0.74,0.013,0.24,0.06,0.097,0.5,,17.5
1,1462,63,2005-04-12,663344.68,6509510.36,0,30,184.0,185.0,65.0,119.0,447.0,3.31,4.62,40.1,69.4,3.12,0.012,0.162,0.0927,0.15,1.37,,20.87
1,1462,63,2005-04-12,663344.68,6509510.36,30,50,173.0,153.0,69.0,125.0,480.0,3.3,4.71,6.03,10.4,0.746,0.006,0.0684,0.0945,0.0923,0.5,,15.0
1,1462,63,2005-04-12,663344.68,6509510.36,-3,0,,,,,,17.1,4.4,219.0,378.0,12.9,0.071,6.18,1.51,0.926,0.5,,41.8
1,1463,63,2004-11-03,679329.5,6509376.01,0,30,193.0,302.0,106.0,149.0,250.0,10.7,6.07,71.4,124.0,6.07,0.0387,7.69,1.37,0.8,1.55,,48.4
1,1463,63,2004-11-03,679329.5,6509376.01,30,50,92.0,218.0,152.0,158.0,380.0,2.65,5.53,30.6,52.9,2.53,0.0177,0.806,0.14,0.286,1.83,,38.0
1,1464,63,2004-05-13,695314.34,6509241.4,0,30,135.0,363.0,162.0,101.0,239.0,9.57,5.5,93.9,162.0,7.33,0.04,5.09,1.26,0.273,1.9,,87.7
1,1464,63,2004-05-13,695314.34,6509241.4,30,50,73.0,212.0,113.0,148.0,454.0,14.2,6.5,35.0,60.5,2.66,0.03,8.82,2.38,0.233,1.8,,70.0
1,1464,63,2004-05-13,695314.34,6509241.4,-3,0,,,,,,27.3,5.4,288.0,498.0,18.2,0.112,17.3,6.61,1.51,1.5,,67.5
1,1465,63,2004-10-13,711299.16,6509106.54,0,25,313.0,164.0,90.0,147.0,286.0,34.7,8.16,15.6,27.0,1.53,0.0252,34.4,1.85,1.4,266.0,,36.1
1,1465,63,2004-10-13,711299.16,6509106.54,30,50,281.0,147.0,80.0,138.0,354.0,35.0,8.27,8.69,15.0,0.875,0.0089,36.1,2.38,0.808,263.0,,39.0
1,1466,63,2004-05-12,727284.02,6508971.5,0,30,141.0,116.0,66.0,126.0,551.0,5.13,5.66,14.3,24.8,1.41,0.0233,3.8,1.02,0.417,0.5,,10.75
1,1466,63,2004-05-12,727284.02,6508971.5,30,50,153.0,130.0,77.0,131.0,509.0,6.07,5.66,6.61,11.4,0.755,0.0246,3.57,0.966,0.362,0.5,,11.0
1,1467,63,2004-05-13,743268.91,6508836.25,0,25,177.0,164.0,86.0,136.0,437.0,7.84,6.05,16.1,27.9,1.7,0.186,5.22,0.829,1.08,0.5,,13.4
1,1467,63,2004-05-13,743268.91,6508836.25,30,50,156.0,132.0,70.0,99.0,543.0,6.48,5.66,7.86,13.6,0.912,0.0936,4.39,0.803,0.859,0.5,,14.0
1,1468,63,2006-09-27,759253.74,6508700.79,0,30,177.0,185.0,90.0,154.0,394.0,3.9,4.6,60.6,105.0,3.96,0.016,0.18,0.11,0.092,0.5,,30.0
1,1468,63,2006-09-27,759253.74,6508700.79,30,50,139.0,180.0,90.0,154.0,437.0,2.68,4.7,38.8,67.1,2.43,0.015,0.11,0.07,0.055,0.5,,27.8
1,1468,63,2006-09-27,759253.74,6508700.79,-10,0,,,,,,13.5,4.1,179.0,309.0,10.1,0.033,2.24,0.72,0.463,1.6,,55.7
1,1469,42,2006-11-14,775238.51,6508565.11,0,25,122.0,130.0,72.0,178.0,498.0,6.77,5.8,18.5,32.0,1.72,0.029,4.3,0.46,0.734,0.5,,11.7
1,1469,42,2006-11-14,775238.51,6508565.11,30,50,116.0,119.0,76.0,166.0,523.0,4.16,5.1,5.73,9.9,0.6,0.031,1.92,0.33,0.531,0.5,,10.5
1,1470,42,2006-01-12,791223.39,6508429.22,0,25,90.0,39.0,36.0,131.0,704.0,6.02,6.9,10.5,18.1,0.92,0.046,5.01,0.99,0.45,0.5,,7.58
1,1470,42,2006-01-12,791223.39,6508429.22,30,50,204.0,53.0,38.0,127.0,578.0,10.6,6.7,3.94,6.8,0.45,0.061,8.1,1.95,0.387,0.5,,11.0
1,1471,69,2006-06-22,807208.33,6508293.29,0,30,366.0,307.0,153.0,101.0,73.0,24.7,5.8,34.4,59.5,3.49,0.049,13.6,8.73,0.2,0.5,,39.1
1,1471,69,2006-06-22,807208.33,6508293.29,30,50,185.0,254.0,208.0,220.0,133.0,12.7,6.5,6.45,11.2,0.63,0.006,6.24,5.58,0.08,0.5,,22.0
1,1472,69,2007-01-18,823193.17,6508157.19,0,30,145.0,132.0,66.0,175.0,482.0,3.76,4.7,16.5,28.5,1.24,0.012,1.37,0.42,0.24,0.5,,11.17
1,1472,69,2007-01-18,823193.17,6508157.19,30,50,130.0,126.0,65.0,145.0,534.0,3.23,4.8,10.7,18.5,0.81,0.005,0.9,0.34,0.134,0.5,,11.1
1,1473,69,2007-11-06,839177.96,6508020.78,0,20,311.0,193.0,145.0,195.0,156.0,25.1,7.7,39.3,67.9,4.02,0.144,26.4,0.89,0.47,39.2,,15.9
1,1474,69,2006-06-12,855162.65,6507884.17,0,25,135.0,155.0,302.0,272.0,136.0,6.82,6.5,8.8,15.2,0.94,0.073,6.27,0.59,0.283,0.5,,8.25
1,1474,69,2006-06-12,855162.65,6507884.17,30,50,254.0,162.0,282.0,212.0,90.0,9.32,6.8,3.73,6.5,0.53,0.041,8.32,0.65,0.183,0.5,,12.3
1,1475,38,2007-05-23,871147.3,6507747.4,0,30,236.0,174.0,123.0,190.0,277.0,16.8,7.5,25.9,44.8,2.79,0.061,19.2,0.48,0.165,19.6,,18.5
1,1476,38,2007-05-31,887131.99,6507610.42,0,27,119.0,119.0,88.0,134.0,540.0,5.75,5.8,10.7,18.5,1.08,0.131,5.13,0.19,0.542,0.5,,8.22
1,1476,38,2007-05-31,887131.99,6507610.42,30,50,115.0,106.0,81.0,136.0,562.0,5.49,6.2,5.44,9.4,0.61,0.067,5.0,0.19,0.308,0.5,,6.4
1,1477,01,2008-11-12,903116.65,6507473.2,0,30,195.0,367.0,230.0,184.0,24.0,15.6,8.1,23.4,40.5,1.92,0.01,17.4,0.89,0.239,280.0,,13.85
1,1477,01,2008-11-12,903116.65,6507473.2,30,50,157.0,334.0,256.0,232.0,21.0,11.1,8.3,12.6,21.8,1.06,0.0025,13.5,0.66,0.158,297.0,,8.1
1,1478,73,2006-11-09,919101.27,6507335.81,0,30,438.0,265.0,209.0,79.0,9.0,39.9,7.0,62.8,109.0,4.68,0.018,38.6,1.01,0.229,3.9,,43.4
1,1479,73,2006-10-24,935085.94,6507198.22,0,30,357.0,235.0,106.0,181.0,121.0,28.0,6.8,23.7,41.0,2.07,0.009,23.9,4.19,0.496,1.1,,32.0
1,1479,73,2006-10-24,935085.94,6507198.22,30,50,328.0,250.0,107.0,192.0,123.0,27.7,7.8,8.94,15.5,0.93,0.003,26.5,3.08,0.332,8.6,,28.3
1,1480,73,2008-09-15,951070.6,6507060.46,0,30,375.0,371.0,144.0,96.0,14.0,8.69,5.0,28.4,49.2,2.89,0.013,4.66,0.72,0.199,0.5,,23.2
1,1480,73,2008-09-15,951070.6,6507060.46,30,50,360.0,369.0,151.0,103.0,17.0,7.72,5.0,16.8,29.0,1.81,0.0025,3.74,0.28,0.092,0.5,,21.9
1,1481,73,2006-10-25,967055.23,6506922.53,0,30,127.0,214.0,119.0,111.0,429.0,3.11,4.6,29.9,51.8,2.09,0.016,0.45,0.18,0.093,0.5,,15.3
1,1481,73,2006-10-25,967055.23,6506922.53,30,50,104.0,218.0,122.0,136.0,420.0,1.61,4.8,13.4,23.2,1.13,0.012,0.17,0.05,0.036,0.5,,10.5
1,1482,73,2008-11-05,983039.84,6506784.39,0,30,241.0,256.0,135.0,135.0,233.0,20.8,6.9,49.6,85.8,4.73,0.017,18.9,1.95,0.146,4.0,,22.5
1,1483,73,2008-11-06,999024.45,6506646.13,0,30,90.0,193.0,196.0,166.0,355.0,5.03,4.6,35.8,61.9,1.51,0.0025,1.1,0.27,0.077,0.5,,18.9
1,1483,73,2008-11-06,999024.45,6506646.13,30,50,75.0,183.0,202.0,182.0,358.0,3.71,4.9,28.0,48.5,1.21,0.0025,0.88,0.22,0.068,0.5,,15.4
1,1483,73,2008-11-06,999024.45,6506646.13,-28,0,,,,,,14.3,4.21,121.0,210.0,4.8,0.029,7.17,1.42,0.399,0.5,,32.3
1,1485,33,2007-06-20,375487.02,6495912.73,0,30,24.0,4.0,7.0,556.0,409.0,4.36,8.2,8.24,14.3,0.42,0.005,4.89,0.71,0.048,5.6,0.027,3.8
1,1485,33,2007-06-20,375487.02,6495912.73,30,50,18.0,1.0,4.0,387.0,590.0,1.14,8.9,1.22,2.1,0.08,0.005,3.04,0.27,0.035,22.2,0.033,1.0
1,1487,17,2006-11-23,407456.2,6495650.46,0,25,87.0,131.0,130.0,138.0,514.0,2.88,5.2,5.64,9.8,0.55,0.107,2.0,0.27,0.223,0.5,,7.04
1,1487,17,2006-11-23,407456.2,6495650.46,30,50,117.0,129.0,127.0,143.0,484.0,4.84,5.9,3.64,6.3,0.43,0.051,3.34,0.44,0.277,0.5,,8.2
1,1488,17,2006-12-12,423440.85,6495519.01,0,25,150.0,214.0,175.0,86.0,375.0,7.33,7.0,7.84,13.6,0.8,0.063,6.07,0.89,0.304,0.5,,10.6
1,1488,17,2006-12-12,423440.85,6495519.01,30,50,163.0,208.0,173.0,85.0,371.0,6.88,7.0,6.4,11.1,0.71,0.042,5.58,0.89,0.213,0.5,,11.3
1,1489,17,2007-07-24,439425.5,6495387.39,0,25,333.0,217.0,108.0,120.0,222.0,31.9,8.0,26.8,46.4,2.67,0.052,34.5,0.99,0.841,542.0,,33.5
1,1490,16,2007-10-09,455410.14,6495255.55,0,30,577.0,212.0,108.0,51.0,52.0,48.3,8.1,19.0,32.9,2.09,0.022,49.4,1.5,1.38,175.0,,60.1
1,1491,16,2007-07-11,471394.78,6495123.55,0,28,354.0,300.0,180.0,99.0,67.0,28.6,8.0,18.1,31.3,1.83,0.033,30.5,1.29,0.892,414.0,,29.8
1,1491,16,2007-07-11,471394.78,6495123.55,30,50,359.0,281.0,181.0,102.0,77.0,28.1,8.2,7.79,13.5,0.92,0.005,30.7,1.17,0.573,419.0,,33.8
1,1492,16,2007-07-17,487379.46,6494991.37,0,25,403.0,109.0,114.0,259.0,115.0,30.1,7.9,16.1,27.9,1.8,0.061,32.8,0.99,0.707,52.4,,36.1
1,1492,16,2007-07-17,487379.46,6494991.37,30,50,600.0,91.0,90.0,164.0,55.0,42.7,8.1,4.18,7.2,0.53,0.005,43.7,1.31,0.57,5.3,,50.1
1,1493,24,2007-07-17,503364.11,6494859.0,0,30,580.0,166.0,75.0,89.0,90.0,37.3,7.8,44.1,76.3,4.13,0.023,40.5,0.95,0.487,48.1,,40.1
1,1494,24,2007-07-16,519348.79,6494726.51,0,30,277.0,285.0,263.0,83.0,92.0,5.79,5.4,13.7,23.7,1.42,0.024,5.42,0.92,0.208,2.0,,16.4
1,1494,24,2007-07-16,519348.79,6494726.51,30,50,428.0,275.0,205.0,46.0,46.0,8.42,5.1,4.31,7.5,0.57,0.013,5.05,1.67,0.251,0.5,,19.1
1,1495,24,2007-03-28,535333.46,6494593.86,0,30,200.0,186.0,132.0,262.0,220.0,4.17,4.7,30.8,53.3,1.68,0.005,0.6,0.28,0.234,0.5,,15.3
1,1495,24,2007-03-28,535333.46,6494593.86,30,50,227.0,190.0,130.0,242.0,211.0,3.51,4.6,9.83,17.0,0.66,0.005,0.19,0.17,0.142,0.5,,10.9
1,1496,24,2007-08-23,551318.06,6494461.01,0,30,162.0,147.0,81.0,169.0,441.0,3.92,5.0,13.3,23.0,1.1,0.029,2.19,0.31,0.065,0.5,,10.9
1,1496,24,2007-08-23,551318.06,6494461.01,30,50,186.0,146.0,89.0,184.0,395.0,4.45,4.9,4.79,8.3,0.39,0.012,1.69,0.26,0.077,0.5,,11.1
1,1497,87,2008-05-13,567302.66,6494327.95,0,30,202.0,182.0,87.0,197.0,332.0,3.52,5.2,25.9,44.8,1.72,0.02,1.79,0.51,0.369,0.5,,17.05
1,1497,87,2008-05-13,567302.66,6494327.95,30,50,208.0,186.0,91.0,162.0,353.0,2.73,5.2,9.82,17.0,0.74,0.008,0.78,0.37,0.446,0.5,,13.3
1,1498,19,2004-10-07,583287.29,6494194.69,0,25,126.0,131.0,69.0,117.0,557.0,3.65,5.2,14.0,24.2,1.16,0.157,3.04,0.23,0.291,0.5,,11.0
1,1498,19,2004-10-07,583287.29,6494194.69,30,45,133.0,129.0,72.0,108.0,558.0,3.0,5.4,8.51,14.7,0.7,0.0651,2.4,0.167,0.185,0.5,,9.0
1,1499,19,2004-04-15,599271.93,6494061.21,0,25,211.0,223.0,147.0,208.0,211.0,7.39,5.6,20.2,34.9,1.83,0.149,5.54,0.842,0.434,0.5,,25.3
1,1499,19,2004-04-15,599271.93,6494061.21,30,50,227.0,233.0,148.0,206.0,186.0,5.86,5.45,15.7,27.1,1.4,0.089,4.03,0.673,0.172,0.5,,27.0
1,1500,19,2004-11-04,615256.58,6493927.58,0,20,150.0,146.0,64.0,72.0,568.0,2.57,5.34,35.9,62.1,2.77,0.0364,1.56,0.107,0.185,0.5,,21.2
1,1500,19,2004-11-04,615256.58,6493927.58,20,35,151.0,162.0,89.0,97.0,501.0,2.75,5.47,35.4,61.2,2.7,0.0344,2.08,0.111,0.174,0.5,,21.0
1,1501,19,2006-11-22,631241.19,6493793.78,0,30,210.0,192.0,82.0,127.0,389.0,4.67,4.3,59.1,102.0,4.24,0.028,0.4,0.18,0.187,0.5,,31.5
1,1501,19,2006-11-22,631241.19,6493793.78,30,50,164.0,212.0,98.0,148.0,378.0,2.14,4.8,12.7,21.9,1.23,0.016,0.07,0.04,0.055,0.5,,19.2
1,1502,19,2006-08-08,647225.81,6493659.8,0,30,172.0,158.0,71.0,105.0,494.0,5.05,5.5,20.8,35.9,2.0,0.062,4.04,0.72,0.314,0.5,,19.4
1,1502,19,2006-08-08,647225.81,6493659.8,30,45,191.0,183.0,77.0,121.0,428.0,4.19,5.3,11.5,19.9,1.16,0.044,2.11,0.27,0.254,0.5,,21.0
1,1503,63,2006-10-04,663210.4,6493525.63,0,30,205.0,192.0,98.0,158.0,347.0,4.64,4.8,56.7,98.2,2.87,0.009,0.46,0.34,0.192,0.5,,22.2
1,1504,63,2008-07-23,679194.97,6493391.27,0,30,265.0,463.0,108.0,87.0,77.0,8.18,5.6,119.0,206.0,10.3,0.011,3.27,0.71,0.213,1.5,,77.2
1,1504,63,2008-07-23,679194.97,6493391.27,30,50,176.0,420.0,164.0,120.0,120.0,6.26,5.3,83.9,145.0,7.21,0.0025,2.01,0.24,0.077,1.5,,73.8
1,1505,63,2004-11-04,695179.55,6493256.66,0,30,183.0,385.0,131.0,117.0,184.0,9.21,5.4,106.0,184.0,9.74,0.03,4.99,1.25,0.594,1.8,,67.5
1,1505,63,2004-11-04,695179.55,6493256.66,30,50,85.0,322.0,173.0,175.0,245.0,5.56,5.8,36.4,63.0,3.04,0.042,2.24,0.3,0.114,1.5,,57.0
1,1506,63,2004-09-02,711164.21,6493121.8,0,30,548.0,245.0,99.0,69.0,39.0,29.0,8.29,21.5,37.2,2.04,0.0214,28.9,2.36,0.65,417.0,,33.7
1,1506,63,2004-09-02,711164.21,6493121.8,30,50,559.0,253.0,101.0,50.0,37.0,26.6,8.42,16.2,28.1,1.39,0.0077,26.1,2.4,0.529,438.0,,33.0
1,1507,63,2004-09-01,727148.89,6492986.78,0,30,151.0,110.0,61.0,108.0,570.0,8.89,6.64,17.5,30.2,1.65,0.0389,7.45,1.14,0.473,0.5,,12.2
1,1507,63,2004-09-01,727148.89,6492986.78,30,50,163.0,102.0,58.0,92.0,585.0,8.23,6.69,4.82,8.35,0.516,0.0105,6.43,1.37,0.23,0.5,,11.0
1,1508,63,2005-05-26,743133.54,6492851.55,0,30,425.0,274.0,78.0,54.0,169.0,11.0,4.8,232.0,401.0,15.2,0.037,4.14,0.8,0.094,0.5,,60.4
1,1508,63,2005-05-26,743133.54,6492851.55,30,50,400.0,247.0,70.0,59.0,224.0,12.3,4.8,235.0,406.0,14.1,0.014,5.2,1.02,0.054,0.5,,68.0
1,1508,63,2005-05-26,743133.54,6492851.55,50,60,254.0,184.0,90.0,177.0,295.0,10.8,5.0,150.0,259.0,8.75,0.016,3.83,0.85,0.088,0.5,,45.0
1,1509,63,2004-11-24,759118.19,6492716.07,0,30,146.0,159.0,87.0,111.0,497.0,6.11,5.99,18.1,31.3,1.75,0.0467,5.41,0.535,0.126,0.5,,10.6
1,1509,63,2004-11-24,759118.19,6492716.07,30,50,221.0,182.0,99.0,114.0,384.0,5.5,5.98,5.12,8.86,0.621,0.014,3.47,1.55,0.082,0.5,,9.0
1,1510,42,2007-09-10,775102.87,6492580.36,0,30,186.0,149.0,55.0,118.0,492.0,5.47,4.4,71.4,123.0,3.37,0.022,0.79,0.36,0.223,0.5,,31.5
1,1510,42,2007-09-10,775102.87,6492580.36,30,50,114.0,119.0,38.0,77.0,652.0,2.51,4.5,20.7,35.8,1.0,0.013,0.1,0.1,0.086,0.5,,15.6
1,1511,42,2006-09-25,791087.61,6492444.52,0,27,345.0,292.0,50.0,74.0,239.0,20.4,8.3,15.4,26.7,1.65,0.043,21.1,0.69,0.984,467.0,,22.4
1,1511,42,2006-09-25,791087.61,6492444.52,33,50,279.0,357.0,46.0,77.0,241.0,14.7,8.5,5.61,9.7,0.69,0.015,16.1,0.51,0.437,625.0,,14.3
1,1512,42,2006-09-26,807072.33,6492308.56,0,30,118.0,119.0,47.0,91.0,625.0,7.49,6.0,18.9,32.7,1.57,0.071,6.26,0.81,0.624,0.5,,10.8
1,1512,42,2006-09-26,807072.33,6492308.56,30,50,124.0,132.0,54.0,137.0,553.0,6.53,6.2,6.73,11.6,0.81,0.026,5.29,0.82,0.506,0.5,,7.0
1,1513,42,2006-07-19,823056.94,6492172.44,0,30,120.0,86.0,46.0,98.0,650.0,5.54,6.2,17.9,31.0,1.03,0.071,4.82,0.52,0.55,0.5,,8.94
1,1513,42,2006-07-19,823056.94,6492172.44,30,50,147.0,95.0,51.0,114.0,593.0,5.45,5.7,14.4,24.9,0.87,0.058,4.69,0.55,0.446,0.5,,12.0
1,1514,69,2007-01-17,839041.48,6492036.06,0,30,234.0,243.0,265.0,174.0,84.0,4.79,4.4,17.4,30.1,1.25,0.011,0.67,0.24,0.154,0.5,,14.85
1,1514,69,2007-01-17,839041.48,6492036.06,30,50,256.0,223.0,259.0,176.0,86.0,5.37,4.5,6.34,11.0,0.62,0.005,0.67,0.34,0.128,0.5,,15.3
1,1515,38,2007-05-30,855025.93,6491899.43,0,25,150.0,198.0,129.0,170.0,353.0,5.46,5.9,11.4,19.7,1.08,0.101,4.0,0.51,0.562,0.5,,9.5
1,1516,38,2007-06-13,871010.43,6491762.69,0,30,195.0,232.0,135.0,189.0,249.0,11.5,7.2,23.3,40.4,2.2,0.053,11.9,0.75,0.19,4.1,,14.0
1,1516,38,2007-06-13,871010.43,6491762.69,30,50,207.0,218.0,122.0,180.0,273.0,9.59,7.7,7.89,13.6,0.83,0.021,12.2,0.19,0.12,20.0,,11.3
1,1517,38,2007-04-04,886994.97,6491625.74,0,30,285.0,382.0,151.0,127.0,55.0,49.1,7.8,82.4,143.0,7.72,0.206,51.7,0.61,0.347,236.0,,39.4
1,1517,38,2007-04-04,886994.97,6491625.74,30,50,266.0,250.0,170.0,232.0,82.0,16.6,8.1,11.1,19.2,1.06,0.015,18.1,0.26,0.215,7.8,,15.8
1,1518,38,2006-10-10,902979.41,6491488.58,0,30,175.0,213.0,138.0,213.0,261.0,3.69,5.0,26.2,45.3,1.61,0.011,1.72,0.29,0.178,0.5,,14.8
1,1519,73,2006-11-07,918963.78,6491351.24,0,30,282.0,235.0,165.0,271.0,47.0,11.6,5.1,38.3,66.2,2.28,0.005,9.22,0.32,0.106,0.5,,25.9
1,1519,73,2006-11-07,918963.78,6491351.24,30,50,312.0,215.0,155.0,256.0,62.0,15.4,5.9,24.4,42.2,1.58,0.005,15.1,0.25,0.102,2.7,,23.8
1,1520,73,2008-11-19,934948.24,6491213.66,0,30,644.0,235.0,77.0,34.0,10.0,50.6,7.9,29.9,51.8,3.16,0.028,55.4,1.38,0.632,58.0,,49.7
1,1520,73,2008-11-19,934948.24,6491213.66,30,50,605.0,310.0,57.0,22.0,6.0,36.4,8.4,7.82,13.5,0.86,0.0025,41.0,1.36,0.499,272.0,,40.6
1,1521,73,2006-10-26,950932.71,6491075.91,0,30,181.0,213.0,109.0,166.0,331.0,5.21,4.3,56.8,98.3,3.59,0.016,0.56,0.18,0.136,0.5,,21.7
1,1521,73,2006-10-26,950932.71,6491075.91,30,50,147.0,212.0,108.0,157.0,376.0,3.18,4.5,29.1,50.3,2.1,0.023,0.14,0.07,0.081,0.5,,17.5
1,1522,73,2008-10-23,966917.17,6490938.0,0,30,178.0,306.0,152.0,98.0,266.0,4.52,5.0,31.7,54.8,3.02,0.023,2.48,0.39,0.124,0.5,,19.7
1,1522,73,2008-10-23,966917.17,6490938.0,30,50,171.0,336.0,161.0,107.0,225.0,3.08,5.1,20.8,36.0,2.24,0.018,1.37,0.14,0.071,0.5,,17.3
1,1523,73,2008-10-24,982901.61,6490799.86,0,30,257.0,224.0,120.0,149.0,250.0,9.46,5.6,30.8,53.2,3.02,0.011,7.42,1.55,0.145,0.5,,19.4
1,1523,73,2008-10-24,982901.61,6490799.86,30,50,183.0,182.0,98.0,110.0,427.0,5.12,5.5,13.3,23.0,1.55,0.006,3.64,0.71,0.077,0.5,,11.6
1,1524,73,2008-10-17,998886.02,6490661.58,0,30,168.0,471.0,112.0,109.0,140.0,10.7,7.4,28.1,48.6,2.57,0.009,10.7,2.98,0.114,160.0,,16.4
1,1524,73,2008-10-17,998886.02,6490661.58,30,50,97.0,522.0,122.0,80.0,179.0,3.22,8.2,8.0,13.8,0.35,0.0025,5.4,0.77,0.025,541.0,,4.7
1,1525,73,2008-10-16,1014870.4,6490523.18,0,30,103.0,182.0,115.0,174.0,426.0,2.67,4.9,23.3,40.3,2.03,0.011,0.58,0.27,0.093,0.5,,17.1
1,1525,73,2008-10-16,1014870.4,6490523.18,30,50,58.0,168.0,127.0,261.0,386.0,0.5,5.4,8.09,14.0,1.0,0.011,0.09,0.04,0.026,0.5,,9.6
1,1525,73,2008-10-16,1014870.4,6490523.18,-2,0,,,,,,15.2,4.87,183.0,317.0,11.2,0.062,11.5,3.17,0.94,0.5,,45.5
1,1527,33,2007-06-14,375356.07,6479928.2,0,30,10.0,2.0,3.0,36.0,949.0,0.5,4.8,3.66,6.3,0.11,0.005,0.19,0.14,0.025,0.5,0.011,2.52
1,1527,33,2007-06-14,375356.07,6479928.2,30,50,8.0,4.0,2.0,33.0,953.0,0.5,5.0,1.09,1.9,0.04,0.005,0.05,0.07,0.01,0.5,0.011,0.9
1,1528,33,2005-12-13,391340.42,6479797.2,0,25,91.0,50.0,26.0,77.0,756.0,7.39,6.3,10.9,18.8,1.03,0.12,6.26,0.94,0.383,0.5,,7.94
1,1528,33,2005-12-13,391340.42,6479797.2,30,50,217.0,37.0,20.0,69.0,657.0,9.32,6.5,5.26,9.1,0.58,0.134,8.46,0.79,0.283,0.5,,11.0
1,1530,17,2007-01-03,423309.35,6479534.5,0,30,125.0,247.0,215.0,88.0,325.0,2.7,4.6,13.9,24.0,0.8,0.005,0.11,0.13,0.083,0.5,,9.28
1,1530,17,2007-01-03,423309.35,6479534.5,30,50,157.0,255.0,225.0,84.0,279.0,2.67,4.7,5.17,8.9,0.33,0.005,0.05,0.07,0.064,1.0,,8.6
1,1531,17,2006-11-29,439293.83,6479402.83,0,25,435.0,238.0,116.0,76.0,135.0,41.0,8.2,17.8,30.8,1.82,0.025,40.1,1.15,0.705,101.0,,45.3
1,1532,16,2007-06-06,455278.26,6479270.95,0,30,109.0,107.0,76.0,62.0,646.0,7.64,8.2,6.7,11.6,0.49,0.13,9.9,0.67,0.562,22.6,,7.14
1,1532,16,2007-06-06,455278.26,6479270.95,30,50,119.0,128.0,93.0,82.0,578.0,5.99,8.2,5.14,8.9,0.38,0.058,8.67,0.38,0.367,18.4,,6.3
1,1533,16,2006-10-12,471262.71,6479138.94,0,25,247.0,150.0,121.0,107.0,375.0,12.2,5.7,10.1,17.4,1.04,0.113,10.9,0.77,0.266,1.1,,16.5
1,1533,16,2006-10-12,471262.71,6479138.94,30,50,318.0,164.0,119.0,125.0,274.0,15.7,6.4,3.76,6.5,0.46,0.02,14.4,0.75,0.301,0.5,,19.3
1,1534,24,2006-05-03,487247.18,6479006.74,0,30,459.0,218.0,236.0,51.0,36.0,37.6,8.2,18.1,31.3,1.74,0.024,38.2,0.95,0.717,133.0,,54.9
1,1534,24,2006-05-03,487247.18,6479006.74,30,50,476.0,187.0,245.0,45.0,47.0,39.3,8.3,9.17,15.9,1.11,0.008,39.7,0.91,0.507,102.0,,51.0
1,1535,24,2007-03-29,503231.67,6478874.37,0,20,454.0,141.0,102.0,199.0,104.0,33.6,8.1,29.1,50.3,2.99,0.048,34.5,0.9,0.579,135.0,,37.3
1,1536,24,2007-03-29,519216.14,6478741.89,0,30,382.0,33.0,25.0,97.0,463.0,18.6,6.7,19.5,33.8,1.56,0.022,18.8,0.66,0.22,1.1,,24.4
1,1536,24,2007-03-29,519216.14,6478741.89,30,50,529.0,15.0,17.0,75.0,364.0,19.8,7.0,5.0,8.7,0.58,0.06,19.5,0.45,0.213,1.0,,24.2
1,1537,24,2007-03-27,535200.62,6478609.25,0,30,244.0,211.0,91.0,115.0,339.0,9.86,6.3,16.4,28.3,1.55,0.016,9.32,0.35,0.158,0.5,,14.1
1,1537,24,2007-03-27,535200.62,6478609.25,30,50,276.0,200.0,90.0,111.0,323.0,10.1,6.8,10.3,17.8,0.98,0.005,9.03,0.39,0.11,0.5,,16.8
1,1538,24,2007-03-27,551185.06,6478476.43,0,30,295.0,357.0,125.0,111.0,112.0,10.6,4.4,134.0,232.0,9.79,0.023,3.43,0.55,0.461,1.2,,49.0
1,1539,24,2007-03-28,567169.5,6478343.41,0,30,374.0,270.0,104.0,135.0,117.0,7.95,5.2,30.4,52.6,3.11,0.017,4.78,1.36,0.556,0.5,,25.1
1,1539,24,2007-03-28,567169.5,6478343.41,30,50,252.0,200.0,126.0,207.0,215.0,4.68,5.3,12.3,21.3,1.22,0.005,2.05,0.74,0.29,0.5,,16.6
1,1540,19,2004-06-18,583153.97,6478210.15,0,20,208.0,136.0,106.0,181.0,369.0,8.1,5.89,14.7,25.5,1.24,0.082,5.74,0.935,0.691,0.5,,19.3
1,1540,19,2004-06-18,583153.97,6478210.15,20,35,203.0,137.0,116.0,202.0,342.0,7.67,5.96,12.1,20.9,0.995,0.0766,5.66,0.886,0.66,0.5,,19.0
1,1541,19,2004-10-28,599138.41,6478076.66,0,30,254.0,205.0,160.0,243.0,138.0,7.13,5.23,31.6,54.6,2.85,0.0163,4.33,1.33,0.214,0.5,,25.4
1,1541,19,2004-10-28,599138.41,6478076.66,30,45,222.0,178.0,169.0,259.0,172.0,5.95,5.48,10.2,17.6,0.886,0.0047,3.06,1.65,0.0655,0.5,,21.0
1,1542,19,2006-11-20,615122.87,6477943.04,0,30,263.0,197.0,78.0,131.0,331.0,5.37,4.7,95.4,165.0,5.68,0.005,0.44,0.32,0.328,1.3,,48.1
1,1542,19,2006-11-20,615122.87,6477943.04,30,50,199.0,202.0,78.0,131.0,390.0,2.93,4.6,21.4,37.0,1.36,0.005,0.05,0.08,0.073,0.5,,25.3
1,1543,19,2006-08-09,631107.34,6477809.27,0,20,189.0,163.0,82.0,148.0,418.0,4.52,5.0,32.9,57.0,2.8,0.023,1.94,0.56,0.289,0.5,,20.9
1,1543,19,2006-08-09,631107.34,6477809.27,20,40,185.0,158.0,89.0,153.0,415.0,3.6,5.0,22.6,39.2,1.95,0.018,1.37,0.43,0.256,0.5,,20.3
1,1544,19,2006-11-23,647091.78,6477675.3,0,30,191.0,184.0,68.0,126.0,431.0,4.5,4.5,52.4,90.7,3.83,0.019,0.67,0.27,0.405,0.5,,32.3
1,1544,19,2006-11-23,647091.78,6477675.3,30,50,188.0,193.0,80.0,140.0,399.0,2.32,4.7,12.4,21.5,0.97,0.005,0.16,0.11,0.209,0.5,,19.8
1,1545,15,2006-07-04,663076.15,6477541.12,0,25,161.0,155.0,114.0,228.0,342.0,7.01,5.1,53.0,91.6,4.71,0.031,4.87,0.99,0.319,0.5,,25.0
1,1546,63,2004-06-08,679060.46,6477406.73,0,30,180.0,201.0,72.0,134.0,413.0,5.54,5.0,96.7,167.0,8.67,0.034,3.64,0.71,0.2,0.5,,40.1
1,1546,63,2004-06-08,679060.46,6477406.73,30,50,124.0,193.0,80.0,141.0,462.0,2.93,4.9,50.7,87.7,4.3,0.015,0.66,0.14,0.061,1.0,,31.0
1,1547,63,2005-11-17,695044.82,6477272.11,5,30,201.0,233.0,49.0,77.0,440.0,7.15,5.7,145.0,251.0,11.9,0.017,2.08,0.76,0.334,0.5,,71.6
1,1547,63,2005-11-17,695044.82,6477272.11,30,50,72.0,182.0,97.0,113.0,536.0,3.94,5.6,65.4,113.0,4.9,0.005,0.65,0.14,0.085,0.5,,83.2
1,1547,63,2005-11-17,695044.82,6477272.11,0,5,,,,,,14.5,5.2,223.0,385.0,16.3,0.06,7.39,2.53,1.37,1.7,,90.3
1,1548,63,2004-12-08,711029.32,6477137.25,0,30,247.0,67.0,58.0,152.0,476.0,13.1,6.41,18.0,31.2,1.65,0.0275,11.5,1.14,0.319,0.5,,12.7
1,1548,63,2004-12-08,711029.32,6477137.25,30,50,240.0,64.0,45.0,142.0,509.0,11.4,7.21,7.55,13.1,0.782,0.0111,10.8,0.777,0.258,0.5,,10.0
1,1549,43,2005-06-07,727013.79,6477002.21,0,30,141.0,173.0,137.0,263.0,286.0,13.1,6.3,30.3,52.5,2.42,0.032,8.9,2.61,0.35,0.5,,20.2
1,1549,43,2005-06-07,727013.79,6477002.21,30,50,98.0,127.0,96.0,266.0,413.0,10.1,7.34,15.6,27.1,1.03,0.019,7.57,1.6,0.144,0.5,,12.0
1,1550,43,2007-06-20,742998.18,6476866.98,0,30,137.0,124.0,74.0,108.0,557.0,7.54,4.5,47.7,82.5,2.7,0.016,1.61,0.53,0.309,0.5,,19.6
1,1551,63,2004-11-25,758982.65,6476731.51,0,30,262.0,104.0,60.0,122.0,452.0,7.16,5.49,32.4,56.1,3.04,0.0523,4.97,1.19,0.241,0.5,,18.2
1,1551,63,2004-11-25,758982.65,6476731.51,30,50,457.0,90.0,48.0,94.0,311.0,8.11,5.32,7.05,12.2,0.756,0.0056,3.95,1.74,0.158,0.5,,13.0
1,1552,42,2006-11-09,774967.25,6476595.83,0,30,133.0,115.0,62.0,181.0,509.0,4.89,5.1,14.7,25.5,1.32,0.053,2.77,0.34,0.281,0.5,,12.6
1,1552,42,2006-11-09,774967.25,6476595.83,30,50,133.0,110.0,53.0,128.0,576.0,3.9,5.0,5.51,9.5,0.55,0.049,1.17,0.17,0.159,1.0,,10.3
1,1553,43,2006-09-13,790951.82,6476460.01,0,25,94.0,91.0,46.0,86.0,683.0,5.66,5.9,14.3,24.7,1.24,0.233,4.22,0.56,1.05,0.5,,9.69
1,1553,43,2006-09-13,790951.82,6476460.01,30,50,124.0,104.0,59.0,112.0,601.0,3.15,5.3,9.14,15.8,0.83,0.252,2.23,0.38,0.724,0.5,,11.9
1,1554,42,2006-11-07,806936.28,6476324.03,0,20,210.0,261.0,101.0,126.0,302.0,8.56,5.9,39.5,68.4,3.38,0.119,7.77,1.05,0.422,0.5,,20.4
1,1554,42,2006-11-07,806936.28,6476324.03,25,50,199.0,284.0,107.0,122.0,288.0,4.34,5.5,21.2,36.6,1.9,0.073,2.73,0.47,0.353,0.5,,18.9
1,1555,42,2007-01-16,822920.71,6476187.86,0,30,169.0,189.0,88.0,169.0,385.0,6.56,4.3,63.0,109.0,2.74,0.011,0.13,0.15,0.124,1.7,,34.9
1,1555,42,2007-01-16,822920.71,6476187.86,30,50,98.0,187.0,108.0,183.0,424.0,2.41,4.6,32.6,56.4,1.42,0.016,0.08,0.03,0.029,2.5,,30.4
1,1555,42,2007-01-16,822920.71,6476187.86,-7,0,,,,,,26.6,3.9,365.0,632.0,17.7,0.138,7.9,2.29,1.08,0.5,,85.7
1,1556,38,2008-04-23,838905.02,6476051.49,0,30,126.0,152.0,141.0,358.0,223.0,7.67,8.3,9.37,16.2,0.89,0.024,9.45,0.52,0.36,247.0,,8.77
1,1556,38,2008-04-23,838905.02,6476051.49,30,50,126.0,158.0,145.0,345.0,226.0,6.63,8.4,7.38,12.8,0.7,0.01,8.81,0.43,0.186,248.0,,7.9
1,1557,38,2006-10-04,854889.3,6475914.91,0,25,236.0,218.0,348.0,176.0,22.0,9.85,6.3,11.0,18.9,1.12,0.094,8.94,0.9,0.526,0.5,,15.49
1,1557,38,2006-10-04,854889.3,6475914.91,25,50,282.0,241.0,338.0,117.0,22.0,11.1,6.5,7.08,12.2,0.8,0.048,9.96,0.98,0.3,0.5,,15.0
1,1558,38,2006-10-12,870873.61,6475778.2,0,25,183.0,221.0,252.0,185.0,159.0,6.18,6.8,12.4,21.5,1.08,0.041,5.65,0.66,0.445,0.5,,10.5
1,1558,38,2006-10-12,870873.61,6475778.2,30,50,207.0,210.0,244.0,188.0,151.0,5.21,6.1,5.68,9.8,0.59,0.038,4.09,0.78,0.368,0.5,,9.9
1,1559,38,2006-10-20,886857.92,6475641.27,0,20,191.0,243.0,195.0,156.0,215.0,7.09,6.0,17.6,30.5,1.58,0.124,6.81,0.64,0.373,0.5,,15.4
1,1559,38,2006-10-20,886857.92,6475641.27,22,50,213.0,225.0,178.0,160.0,224.0,6.95,6.5,9.92,17.2,0.95,0.066,5.84,0.75,0.374,0.5,,12.5
1,1560,38,2006-10-03,902842.13,6475504.12,0,30,178.0,215.0,125.0,121.0,361.0,4.46,5.3,16.4,28.4,1.49,0.104,3.05,0.59,0.441,0.5,,13.4
1,1560,38,2006-10-03,902842.13,6475504.12,30,50,200.0,208.0,127.0,132.0,333.0,5.05,5.5,7.73,13.4,0.81,0.028,3.48,0.33,0.43,1.1,,12.2
1,1561,38,2006-11-29,918826.28,6475366.82,0,27,457.0,220.0,117.0,200.0,6.0,54.8,7.1,79.7,138.0,5.81,0.022,50.7,1.34,0.443,1.6,,56.0
1,1562,38,2006-10-11,934810.51,6475229.26,0,30,264.0,334.0,157.0,94.0,151.0,24.3,8.0,42.8,74.0,3.61,0.013,25.2,0.69,0.123,135.0,,21.3
1,1563,73,2008-10-22,950794.83,6475091.51,0,30,108.0,231.0,98.0,73.0,490.0,3.45,5.0,52.1,90.1,3.64,0.015,1.12,0.37,0.154,0.5,,20.8
1,1563,73,2008-10-22,950794.83,6475091.51,-8,0,,,,,,16.2,4.91,275.0,475.0,11.5,0.105,11.2,3.46,2.65,0.5,,46.5
1,1564,73,2008-09-30,966779.06,6474953.65,0,30,261.0,390.0,177.0,113.0,59.0,5.18,5.0,33.0,57.2,3.71,0.015,2.68,0.4,0.152,0.5,,19.3
1,1564,73,2008-09-30,966779.06,6474953.65,30,50,180.0,367.0,189.0,135.0,129.0,2.25,5.2,10.9,18.9,1.68,0.008,0.84,0.08,0.044,0.5,,12.7
1,1564,73,2008-09-30,966779.06,6474953.65,-5,0,,,,,,19.9,5.16,185.0,320.0,10.7,0.108,16.7,3.71,1.89,0.5,,46.5
1,1566,73,2008-10-02,998747.56,6474677.28,0,30,130.0,340.0,166.0,202.0,162.0,19.2,7.0,33.2,57.4,3.58,0.009,18.1,1.57,0.078,2.8,,20.9
1,1566,73,2008-10-02,998747.56,6474677.28,30,50,106.0,280.0,157.0,225.0,232.0,14.6,7.9,16.6,28.7,1.95,0.006,16.4,0.43,0.055,13.1,,16.4
1,1567,73,2008-10-15,1014731.75,6474538.86,0,30,176.0,191.0,131.0,240.0,262.0,47.8,7.5,128.0,221.0,10.3,0.033,53.0,1.06,0.293,52.3,,37.7
1,1569,33,2007-04-26,375225.11,6463943.84,0,30,15.0,1.0,1.0,24.0,959.0,0.5,4.7,3.47,6.0,0.14,0.005,0.18,0.09,0.022,0.5,,1.82
1,1569,33,2007-04-26,375225.11,6463943.84,30,50,12.0,1.0,1.0,25.0,961.0,0.5,5.0,0.91,1.6,0.07,0.005,0.04,0.04,0.01,0.5,,0.5
1,1570,33,2007-03-19,391209.29,6463812.86,0,30,84.0,58.0,64.0,144.0,650.0,5.2,4.3,37.6,65.0,1.61,0.005,0.6,0.23,0.047,0.5,,10.42
1,1570,33,2007-03-19,391209.29,6463812.86,30,50,60.0,42.0,27.0,64.0,807.0,2.46,4.7,36.8,63.7,1.58,0.005,0.12,0.05,0.022,0.5,,7.6
1,1570,33,2007-03-19,391209.29,6463812.86,-18,0,,,,,,15.3,4.0,122.0,211.0,4.8,0.02,1.79,0.56,0.328,0.5,,32.3
1,1571,33,2006-10-03,407193.53,6463681.62,0,30,458.0,257.0,48.0,47.0,190.0,23.4,6.9,18.7,32.3,1.82,0.017,14.6,7.02,0.423,0.5,0.06,34.3
1,1571,33,2006-10-03,407193.53,6463681.62,30,50,619.0,303.0,27.0,9.0,42.0,32.8,8.3,7.79,13.5,1.07,0.007,17.6,11.2,0.486,2.4,0.131,42.3
1,1572,33,2007-02-12,423177.84,6463550.13,0,30,21.0,16.0,14.0,42.0,907.0,1.05,4.5,3.25,5.6,0.11,0.005,0.11,0.08,0.041,0.5,,1.69
1,1572,33,2007-02-12,423177.84,6463550.13,30,50,26.0,13.0,9.0,59.0,893.0,0.5,5.0,1.65,2.9,0.08,0.005,0.05,0.04,0.033,0.5,,1.2
1,1572,33,2007-02-12,423177.84,6463550.13,-5,0,,,,,,40.4,4.4,400.0,692.0,12.4,0.083,20.7,6.22,1.45,0.5,,87.5
1,1573,17,2007-06-13,439162.13,6463418.43,0,30,21.0,23.0,11.0,62.0,883.0,1.99,4.4,15.2,26.3,0.45,0.005,0.6,0.17,0.04,0.5,,3.69
1,1573,17,2007-06-13,439162.13,6463418.43,30,50,22.0,22.0,18.0,90.0,848.0,1.8,4.4,10.0,17.4,0.32,0.005,0.39,0.11,0.027,0.5,,2.3
1,1574,17,2007-11-26,455146.36,6463286.56,0,30,74.0,94.0,74.0,132.0,626.0,1.99,4.5,11.1,19.1,0.5,0.005,0.59,0.19,0.063,0.5,,3.81
1,1574,17,2007-11-26,455146.36,6463286.56,30,50,78.0,100.0,87.0,124.0,611.0,1.89,4.8,4.4,7.6,0.2,0.005,0.32,0.18,0.069,0.5,,5.6
1,1575,16,2007-10-02,471130.6,6463154.54,0,25,211.0,193.0,262.0,145.0,189.0,10.2,5.7,10.8,18.6,1.07,0.092,9.99,1.37,0.326,0.5,,16.4
1,1575,16,2007-10-02,471130.6,6463154.54,25,50,456.0,189.0,143.0,66.0,146.0,26.8,6.8,2.77,4.8,0.38,0.005,24.3,3.46,0.329,0.5,,30.2
1,1576,24,2006-05-04,487114.85,6463022.33,0,30,320.0,142.0,90.0,125.0,323.0,24.0,8.1,25.6,44.3,2.09,0.025,24.3,0.52,0.279,157.0,,29.5
1,1576,24,2006-05-04,487114.85,6463022.33,-3,0,,,,,,44.7,7.5,89.4,155.0,6.81,0.2,45.5,1.69,1.22,53.6,,46.5
1,1577,24,2006-10-18,503099.19,6462889.99,0,20,160.0,237.0,163.0,255.0,185.0,11.6,8.3,14.5,25.0,1.22,0.035,12.7,0.47,0.497,646.0,,14.0
1,1578,24,2007-01-31,519083.5,6462757.51,0,30,394.0,99.0,111.0,291.0,105.0,22.4,7.5,18.1,31.3,1.72,0.012,22.6,0.92,0.248,7.0,,30.2
1,1579,24,2007-01-30,535067.82,6462624.9,0,30,301.0,189.0,100.0,155.0,255.0,17.8,8.2,15.5,26.8,1.65,0.036,18.8,0.37,0.256,19.0,,22.4
1,1580,24,2007-02-06,551052.08,6462492.08,0,30,347.0,110.0,79.0,255.0,209.0,5.42,5.1,12.8,22.2,0.96,0.005,2.81,0.81,0.16,0.5,,14.7
1,1580,24,2007-02-06,551052.08,6462492.08,30,50,353.0,106.0,74.0,245.0,222.0,4.51,5.4,4.42,7.6,0.39,0.005,2.93,0.62,0.099,0.5,,12.2
1,1581,19,2008-04-24,567036.32,6462359.04,0,30,394.0,419.0,128.0,51.0,8.0,24.8,5.9,21.8,37.7,2.36,0.008,15.4,7.48,0.357,0.5,,34.9
1,1581,19,2008-04-24,567036.32,6462359.04,30,50,402.0,433.0,121.0,38.0,6.0,24.9,6.4,8.17,14.1,1.07,0.0025,15.0,8.08,0.356,0.5,,37.0
1,1582,19,2004-05-13,583020.62,6462225.8,0,20,155.0,358.0,169.0,92.0,226.0,9.33,6.23,16.4,28.4,1.65,0.2,7.43,0.745,0.647,0.5,,16.4
1,1582,19,2004-05-13,583020.62,6462225.8,25,40,146.0,334.0,168.0,85.0,267.0,7.38,6.36,8.59,14.9,0.932,0.185,5.94,0.6,0.453,1.25,,14.0
1,1583,19,2008-11-19,599004.87,6462092.34,0,20,235.0,150.0,107.0,247.0,261.0,5.95,5.9,26.4,45.6,2.26,0.015,4.79,0.79,0.226,0.5,,18.2
1,1583,19,2008-11-19,599004.87,6462092.34,25,50,268.0,141.0,104.0,240.0,247.0,4.14,5.6,6.48,11.2,0.54,0.0025,2.16,0.68,0.076,0.5,,14.9
1,1584,19,2008-02-21,614989.13,6461958.71,0,25,214.0,238.0,51.0,63.0,434.0,6.06,5.7,49.4,85.4,3.11,0.005,4.85,1.17,0.292,0.5,,36.8
1,1584,19,2008-02-21,614989.13,6461958.71,28,50,264.0,198.0,68.0,49.0,421.0,5.45,4.7,13.0,22.5,0.85,0.005,0.57,0.24,0.15,0.5,,26.0
1,1585,19,2005-10-27,630973.41,6461824.94,0,25,194.0,190.0,156.0,247.0,213.0,4.85,5.3,16.8,29.1,1.53,0.03,3.75,0.5,0.279,1.2,,15.8
1,1585,19,2005-10-27,630973.41,6461824.94,25,50,174.0,157.0,155.0,250.0,264.0,4.44,5.1,8.48,14.7,0.81,0.019,2.62,0.5,0.163,2.1,,11.0
1,1586,15,2007-04-11,646957.69,6461690.98,0,30,240.0,168.0,108.0,202.0,282.0,8.93,4.9,21.8,37.7,1.53,0.005,1.64,3.15,0.347,0.5,,21.1
1,1586,15,2007-04-11,646957.69,6461690.98,30,50,207.0,138.0,108.0,207.0,340.0,8.49,4.9,4.51,7.8,0.42,0.005,1.25,3.27,0.186,0.5,,14.3
1,1587,15,2005-06-22,662941.9,6461556.79,0,30,365.0,405.0,147.0,55.0,28.0,21.4,5.6,58.7,102.0,6.22,0.031,13.8,6.23,0.123,1.14,,65.8
1,1587,15,2005-06-22,662941.9,6461556.79,30,50,348.0,428.0,145.0,47.0,32.0,21.3,6.1,31.1,53.8,3.4,0.063,11.9,7.48,0.026,0.5,,58.0
1,1588,15,2005-11-09,678926.01,6461422.37,0,30,234.0,340.0,127.0,129.0,170.0,12.2,5.9,59.7,103.0,5.99,0.052,10.1,2.0,0.318,2.1,,44.6
1,1589,15,2005-06-21,694910.18,6461287.74,0,30,192.0,313.0,131.0,106.0,258.0,15.8,5.7,80.7,140.0,5.32,0.041,9.24,3.5,0.468,1.8,,45.2
1,1589,15,2005-06-21,694910.18,6461287.74,30,50,186.0,311.0,139.0,107.0,257.0,11.3,5.6,43.1,74.6,3.21,0.031,6.18,3.28,0.142,1.3,,43.0
1,1590,15,2005-07-20,710894.45,6461152.89,0,30,190.0,178.0,55.0,99.0,478.0,16.2,6.6,24.9,43.1,2.28,0.024,10.4,5.23,0.379,0.5,,29.3
1,1590,15,2005-07-20,710894.45,6461152.89,30,50,,,,,,,,,,,,,,,,,
1,1591,43,2008-04-16,726878.67,6461017.84,0,30,78.0,68.0,45.0,96.0,713.0,6.16,5.2,21.5,37.3,1.87,0.065,4.5,0.71,0.463,0.5,,12.1
1,1592,43,2007-06-19,742862.85,6460882.61,0,30,89.0,102.0,71.0,116.0,622.0,15.0,5.2,11.2,19.4,0.93,0.005,9.08,3.78,0.493,0.5,,19.7
1,1592,43,2007-06-19,742862.85,6460882.61,30,50,78.0,86.0,91.0,125.0,620.0,21.0,5.6,2.81,4.9,0.29,0.005,14.5,4.91,0.359,0.5,,24.7
1,1592,43,2007-06-19,742862.85,6460882.61,-5,0,,,,,,51.1,5.6,261.0,451.0,13.1,0.132,38.7,8.97,1.92,1.6,,55.9
1,1593,43,2005-06-09,758847.16,6460747.2,0,30,447.0,167.0,52.0,67.0,267.0,9.65,4.91,109.0,189.0,9.6,0.036,3.59,1.52,0.298,1.07,,51.7
1,1593,43,2005-06-09,758847.16,6460747.2,30,50,237.0,93.0,52.0,87.0,531.0,4.71,5.23,10.7,18.4,0.902,0.009,1.42,0.833,0.0673,0.5,,15.0
1,1594,43,2006-09-14,774831.61,6460611.55,0,25,105.0,103.0,53.0,100.0,639.0,4.23,5.4,15.1,26.2,1.36,0.083,3.02,0.58,0.316,0.5,,10.3
1,1594,43,2006-09-14,774831.61,6460611.55,30,50,100.0,90.0,34.0,66.0,710.0,3.26,5.4,6.87,11.9,0.65,0.051,1.88,0.43,0.259,0.5,,7.0
1,1595,43,2005-06-08,790816.01,6460475.75,0,30,90.0,81.0,50.0,114.0,665.0,5.18,4.6,20.0,34.5,0.951,0.146,0.796,0.229,0.202,0.5,,12.6
1,1596,43,2007-04-12,806800.25,6460339.8,0,30,170.0,134.0,77.0,187.0,432.0,5.09,4.9,28.0,48.4,2.36,0.012,1.93,0.52,0.163,0.5,,19.6
1,1596,43,2007-04-12,806800.25,6460339.8,30,50,158.0,128.0,78.0,193.0,443.0,4.44,4.9,9.17,15.9,0.77,0.005,1.23,0.34,0.102,0.5,,15.8
1,1597,07,2008-09-30,822784.45,6460203.65,0,30,148.0,114.0,79.0,169.0,490.0,9.81,5.6,24.0,41.5,2.27,0.016,6.92,1.98,0.213,0.5,,19.2
1,1598,07,2008-09-29,838768.59,6460067.3,0,30,118.0,95.0,66.0,80.0,641.0,8.46,6.34,18.8,32.5,1.65,0.014,7.52,1.03,0.109,0.5,,13.3
1,1598,07,2008-09-29,838768.59,6460067.3,30,50,92.0,74.0,59.0,97.0,678.0,6.5,6.48,5.29,9.15,0.571,0.007,5.53,0.897,0.0983,0.5,,11.0
1,1599,26,2008-12-08,854752.7,6459930.74,0,25,66.0,43.0,42.0,151.0,698.0,4.98,8.2,7.44,12.9,0.63,0.057,6.51,0.38,0.241,19.8,,5.19
1,1599,26,2008-12-08,854752.7,6459930.74,30,50,62.0,41.0,39.0,156.0,702.0,4.23,8.5,3.71,6.4,0.27,0.047,5.8,0.37,0.272,33.5,,2.7
1,1600,26,2006-09-19,870736.78,6459793.99,0,30,149.0,346.0,313.0,130.0,62.0,2.65,4.7,19.8,34.2,1.26,0.009,0.29,0.19,0.079,0.5,,11.2
1,1600,26,2006-09-19,870736.78,6459793.99,30,50,175.0,344.0,294.0,129.0,58.0,3.36,4.7,7.18,12.4,0.54,0.004,0.33,0.28,0.061,0.5,,9.6
1,1601,38,2006-09-07,886720.83,6459657.05,0,25,187.0,286.0,293.0,179.0,55.0,4.33,5.4,12.0,20.8,1.09,0.048,2.84,0.54,0.19,0.5,,12.0
1,1601,38,2006-09-07,886720.83,6459657.05,35,50,217.0,273.0,283.0,180.0,47.0,5.14,5.0,3.06,5.3,0.44,0.024,2.55,0.57,0.122,0.5,,12.1
1,1602,38,2006-10-19,902704.84,6459519.89,0,30,237.0,121.0,81.0,293.0,268.0,24.3,6.8,45.1,78.1,2.76,0.037,24.0,0.52,0.167,3.7,,29.85
1,1603,38,2006-12-08,918688.8,6459382.56,0,30,200.0,460.0,214.0,113.0,13.0,7.89,8.2,10.4,18.1,1.29,0.017,9.14,0.43,0.119,167.0,,8.72
1,1603,38,2006-12-08,918688.8,6459382.56,35,50,192.0,498.0,202.0,99.0,9.0,7.48,8.3,7.28,12.6,0.99,0.005,9.03,0.41,0.055,183.0,,7.3
1,1605,73,2008-10-21,950656.95,6459107.29,0,30,199.0,246.0,114.0,154.0,287.0,4.53,5.0,40.2,69.5,3.29,0.011,2.29,0.39,0.194,0.5,,18.9
1,1605,73,2008-10-21,950656.95,6459107.29,-5,0,,,,,,18.1,5.41,147.0,254.0,8.55,0.041,15.7,2.7,1.19,0.5,,33.4
1,1606,73,2008-09-18,966641.0,6458969.46,0,30,345.0,298.0,134.0,89.0,134.0,8.47,5.0,64.0,111.0,5.24,0.014,4.92,0.81,0.353,0.5,,28.6
1,1606,73,2008-09-18,966641.0,6458969.46,30,50,225.0,286.0,153.0,113.0,223.0,3.27,5.1,23.2,40.1,2.23,0.0025,1.0,0.1,0.096,0.5,,21.2
1,1607,73,2008-10-01,982625.04,6458831.47,0,30,235.0,245.0,95.0,74.0,351.0,7.69,4.79,55.1,95.4,3.8,0.015,3.9,0.651,0.248,0.5,,21.8
1,1608,73,2008-10-03,998609.11,6458693.19,0,30,149.0,220.0,91.0,128.0,412.0,3.54,4.73,29.0,50.1,2.75,0.007,0.645,0.175,0.0953,0.5,,19.1
1,1608,73,2008-10-03,998609.11,6458693.19,30,50,54.0,157.0,89.0,165.0,535.0,1.06,5.21,9.11,15.8,1.11,0.006,0.113,0.0414,0.0353,0.5,,9.63
1,1608,73,2008-10-03,998609.11,6458693.19,-3,0,,,,,,11.5,4.75,190.0,329.0,10.7,0.035,8.57,2.0,0.755,1.34,,34.7
1,1610,33,2007-04-12,375094.1,6447959.7,0,30,20.0,8.0,1.0,5.0,966.0,1.67,4.5,9.86,17.1,0.34,0.005,0.38,0.16,0.042,0.5,,2.13
1,1610,33,2007-04-12,375094.1,6447959.7,30,50,12.0,1.0,2.0,4.0,981.0,0.5,4.8,1.65,2.9,0.08,0.005,0.06,0.04,0.01,0.5,,1.5
1,1610,33,2007-04-12,375094.1,6447959.7,-7,0,,,,,,13.9,4.2,169.0,292.0,5.08,0.049,0.42,0.27,0.128,0.5,,30.9
1,1611,33,2007-02-14,391078.1,6447828.68,0,30,43.0,27.0,17.0,52.0,861.0,2.71,4.7,29.8,51.5,1.1,0.005,0.34,0.18,0.039,0.5,,8.93
1,1611,33,2007-02-14,391078.1,6447828.68,30,50,32.0,14.0,11.0,55.0,888.0,1.28,4.8,12.9,22.3,0.47,0.005,0.05,0.03,0.01,0.5,,5.4
1,1612,33,2007-06-15,407062.19,6447697.42,0,30,402.0,127.0,33.0,59.0,379.0,47.6,7.5,80.9,140.0,6.59,0.02,50.1,2.96,0.298,11.3,0.161,44.0
1,1612,33,2007-06-15,407062.19,6447697.42,30,50,448.0,133.0,32.0,54.0,333.0,53.6,7.0,128.0,222.0,9.56,0.014,53.4,3.01,0.222,8.5,0.135,47.6
1,1613,33,2006-04-12,423046.32,6447565.93,0,30,125.0,163.0,161.0,159.0,392.0,3.86,6.0,6.56,11.4,0.53,0.041,3.02,0.39,0.193,0.5,,6.48
1,1613,33,2006-04-12,423046.32,6447565.93,30,50,136.0,174.0,160.0,160.0,370.0,3.84,6.3,3.67,6.4,0.35,0.015,3.0,0.34,0.177,0.5,,5.0
1,1614,33,2006-02-06,439030.4,6447434.23,0,20,101.0,85.0,96.0,131.0,587.0,4.39,5.8,9.71,16.8,0.82,0.018,2.87,0.58,0.193,1.0,,7.27
1,1614,33,2006-02-06,439030.4,6447434.23,30,50,111.0,78.0,94.0,135.0,582.0,4.22,6.3,3.88,6.7,0.31,0.014,2.95,0.66,0.104,0.5,,7.0
1,1615,33,2006-11-20,455014.46,6447302.36,0,25,288.0,250.0,198.0,229.0,35.0,24.3,8.1,23.2,40.1,2.21,0.058,24.5,0.46,0.382,300.0,,28.4
1,1615,33,2006-11-20,455014.46,6447302.36,30,50,292.0,213.0,202.0,261.0,32.0,20.6,8.5,8.85,15.3,0.69,0.005,20.9,0.22,0.201,320.0,,28.2
1,1616,24,2007-03-26,470998.49,6447170.3,0,30,123.0,120.0,114.0,230.0,413.0,4.3,5.0,9.23,16.0,0.61,0.005,1.75,1.03,0.141,0.5,,8.57
1,1616,24,2007-03-26,470998.49,6447170.3,30,50,250.0,137.0,128.0,181.0,304.0,9.57,5.1,2.97,5.1,0.33,0.005,4.23,2.83,0.212,0.5,,14.7
1,1617,24,2006-10-17,486982.53,6447038.18,0,30,118.0,159.0,166.0,302.0,255.0,4.11,5.7,10.9,18.8,0.89,0.013,2.84,0.52,0.084,0.5,,9.5
1,1617,24,2006-10-17,486982.53,6447038.18,30,50,177.0,172.0,149.0,235.0,267.0,6.2,5.7,2.87,5.0,0.29,0.004,3.45,1.73,0.125,0.5,,12.4
1,1618,24,2007-02-01,502966.7,6446905.91,0,30,144.0,235.0,119.0,200.0,302.0,13.3,8.4,16.2,28.0,1.65,0.016,14.5,0.2,0.151,706.0,,11.64
1,1619,24,2007-02-05,518950.85,6446773.39,0,30,154.0,294.0,203.0,142.0,207.0,1.93,4.9,15.5,26.8,0.79,0.005,0.24,0.14,0.119,0.5,,8.06
1,1619,24,2007-02-05,518950.85,6446773.39,30,50,327.0,224.0,165.0,113.0,171.0,3.5,4.8,3.1,5.4,0.26,0.005,0.14,0.28,0.08,0.5,,11.6
1,1620,24,2007-02-08,534934.99,6446640.77,0,30,163.0,395.0,265.0,98.0,79.0,2.46,4.9,17.0,29.4,0.76,0.005,0.35,0.19,0.115,0.5,,9.62
1,1620,24,2007-02-08,534934.99,6446640.77,30,50,190.0,388.0,241.0,88.0,93.0,2.78,4.8,5.59,9.7,0.32,0.005,0.18,0.16,0.048,0.5,,11.2
1,1621,24,2007-09-11,550919.06,6446507.93,0,30,343.0,139.0,192.0,315.0,11.0,32.8,7.8,25.7,44.5,2.64,0.014,37.0,0.49,0.393,46.1,,34.4
1,1621,24,2007-09-11,550919.06,6446507.93,30,50,322.0,136.0,213.0,313.0,16.0,27.6,8.0,9.87,17.1,1.04,0.005,32.1,0.45,0.368,55.4,,26.8
1,1622,24,2007-09-12,566903.13,6446374.89,0,30,410.0,240.0,104.0,94.0,152.0,25.3,7.9,32.1,55.5,3.42,0.086,26.6,2.91,0.627,291.0,,27.13
1,1623,19,2006-11-27,582887.24,6446241.63,0,30,59.0,55.0,30.0,61.0,795.0,2.56,4.9,13.7,23.7,0.68,0.005,1.0,0.35,0.132,0.5,,4.86
1,1623,19,2006-11-27,582887.24,6446241.63,30,50,101.0,82.0,36.0,96.0,685.0,3.02,5.0,5.92,10.2,0.31,0.005,0.76,0.57,0.178,0.5,,6.4
1,1624,19,2008-04-03,598871.33,6446108.19,0,30,156.0,144.0,93.0,204.0,403.0,7.55,5.4,26.7,46.1,2.4,0.02,6.5,0.95,0.293,0.5,,20.4
1,1624,19,2008-04-03,598871.33,6446108.19,30,50,143.0,124.0,99.0,199.0,435.0,7.1,5.1,5.59,9.7,0.58,0.005,4.11,1.13,0.119,0.5,,23.5
1,1625,19,2006-11-30,614855.41,6445974.56,0,30,205.0,163.0,103.0,209.0,320.0,4.29,4.5,25.7,44.5,1.92,0.005,0.24,0.18,0.116,0.5,,22.2
1,1625,19,2006-11-30,614855.41,6445974.56,30,50,207.0,162.0,100.0,225.0,306.0,3.21,4.7,10.8,18.7,0.9,0.005,0.25,0.18,0.082,0.5,,18.0
1,1626,19,2006-11-29,630839.46,6445840.77,0,30,171.0,134.0,72.0,142.0,481.0,2.73,4.3,57.5,99.4,3.24,0.005,0.1,0.07,0.075,0.5,,31.9
1,1626,19,2006-11-29,630839.46,6445840.77,30,50,121.0,119.0,88.0,133.0,539.0,1.7,4.7,19.4,33.5,1.14,0.005,0.03,0.02,0.036,0.5,,18.0
1,1626,19,2006-11-29,630839.46,6445840.77,-3,0,,,,,,20.2,4.3,277.0,479.0,14.0,0.053,3.91,1.22,0.709,0.5,,71.8
1,1627,15,2007-04-12,646823.56,6445706.82,0,30,265.0,232.0,75.0,97.0,331.0,6.89,4.4,63.5,110.0,3.51,0.038,0.98,0.38,0.407,0.5,,31.4
1,1627,15,2007-04-12,646823.56,6445706.82,30,50,258.0,234.0,82.0,105.0,321.0,4.14,4.6,31.5,54.5,1.8,0.037,0.32,0.16,0.187,0.5,,26.1
1,1628,15,2005-07-27,662807.64,6445572.65,0,30,267.0,388.0,105.0,120.0,120.0,15.8,5.7,50.1,86.7,5.36,0.042,11.5,3.05,0.943,1.6,,47.2
1,1628,15,2005-07-27,662807.64,6445572.65,30,50,247.0,381.0,97.0,122.0,153.0,14.6,5.8,37.7,65.2,4.04,0.026,10.1,3.06,0.774,0.5,,44.0
1,1629,15,2005-07-19,678791.61,6445438.2,0,30,309.0,325.0,62.0,96.0,208.0,8.64,5.2,170.0,294.0,11.9,0.021,1.31,0.54,0.449,1.3,,65.5
1,1629,15,2005-07-19,678791.61,6445438.2,30,50,174.0,311.0,115.0,135.0,265.0,5.03,5.1,108.0,187.0,6.84,0.013,0.41,0.11,0.107,1.6,,68.0
1,1630,15,2006-07-18,694775.59,6445303.54,0,30,227.0,271.0,126.0,125.0,251.0,19.8,6.2,36.3,62.8,3.35,0.031,11.6,6.88,0.223,0.5,,43.3
1,1631,15,2006-10-03,710759.6,6445168.69,0,30,187.0,442.0,126.0,87.0,158.0,8.63,5.8,73.2,127.0,5.76,0.016,5.24,1.5,0.272,2.9,,61.4
1,1631,15,2006-10-03,710759.6,6445168.69,30,50,127.0,376.0,161.0,133.0,203.0,9.81,6.3,27.0,46.6,2.2,0.018,6.47,2.14,0.068,0.5,,48.9
1,1631,15,2006-10-03,710759.6,6445168.69,-5,0,,,,,,36.6,5.9,275.0,476.0,18.7,0.08,30.5,6.68,1.74,0.5,,87.0
1,1632,15,2006-07-06,726743.57,6445033.66,0,30,327.0,145.0,67.0,128.0,333.0,13.6,5.5,48.0,83.0,4.75,0.021,8.77,3.09,0.212,0.5,,28.8
1,1632,15,2006-07-06,726743.57,6445033.66,30,50,219.0,112.0,55.0,117.0,497.0,8.13,6.1,11.2,19.4,1.01,0.005,4.87,2.35,0.087,0.5,,18.0
1,1633,43,2005-04-28,742727.56,6444898.48,0,25,269.0,269.0,91.0,112.0,259.0,20.3,6.9,29.1,50.4,2.79,0.291,10.5,6.39,1.86,0.5,,29.8
1,1633,43,2005-04-28,742727.56,6444898.48,30,50,274.0,256.0,84.0,107.0,279.0,18.0,7.28,11.8,20.4,1.19,0.108,8.57,6.58,1.33,0.5,,29.0
1,1634,43,2005-04-27,758711.66,6444763.12,0,20,253.0,279.0,96.0,111.0,261.0,16.2,6.56,20.8,36.0,1.93,0.142,9.23,5.12,0.596,0.5,,27.5
1,1634,43,2005-04-27,758711.66,6444763.12,30,50,280.0,266.0,112.0,111.0,231.0,15.8,6.92,12.0,20.7,1.23,0.077,8.73,5.22,0.541,0.5,,31.0
1,1635,43,2007-03-19,774695.89,6444627.53,0,30,66.0,79.0,55.0,72.0,728.0,7.08,4.4,21.6,37.3,1.11,0.053,2.02,0.61,0.225,0.5,,10.4
1,1635,43,2007-03-19,774695.89,6444627.53,30,50,75.0,99.0,77.0,110.0,639.0,5.32,4.9,6.55,11.3,0.38,0.024,2.55,0.61,0.209,0.5,,9.1
1,1635,43,2007-03-19,774695.89,6444627.53,-6,0,,,,,,44.4,4.4,388.0,671.0,16.0,0.243,28.9,5.61,2.0,0.5,,81.9
1,1636,43,2007-04-04,790680.12,6444491.78,0,30,667.0,172.0,31.0,37.0,93.0,55.0,6.1,57.7,99.8,5.45,0.016,35.5,20.2,0.709,1.1,,78.3
1,1636,43,2007-04-04,790680.12,6444491.78,30,50,599.0,184.0,60.0,56.0,101.0,56.0,7.0,14.8,25.7,1.27,0.019,34.3,23.0,0.805,1.2,,77.5
1,1637,43,2007-03-29,806664.17,6444355.85,0,30,129.0,112.0,61.0,160.0,538.0,3.56,4.5,33.8,58.6,2.19,0.059,1.0,0.08,0.116,0.5,,18.4
1,1637,43,2007-03-29,806664.17,6444355.85,30,50,95.0,126.0,59.0,145.0,575.0,1.82,4.7,15.1,26.2,0.96,0.068,0.47,0.04,0.069,0.5,,13.2
1,1637,43,2007-03-29,806664.17,6444355.85,-7,0,,,,,,25.7,4.3,247.0,427.0,12.5,0.145,18.1,1.92,0.946,0.5,,57.7
1,1638,07,2008-10-01,822648.15,6444219.71,0,30,132.0,97.0,68.0,178.0,525.0,5.89,5.1,26.4,45.7,2.27,0.028,3.53,0.9,0.23,0.5,,14.1
1,1639,07,2007-01-29,838632.11,6444083.34,0,30,177.0,148.0,83.0,120.0,472.0,4.76,4.8,30.0,51.9,1.77,0.224,1.41,0.53,0.225,0.5,,20.15
1,1639,07,2007-01-29,838632.11,6444083.34,30,50,168.0,136.0,79.0,130.0,487.0,5.11,5.0,17.9,30.9,1.11,0.179,2.0,0.84,0.187,0.5,,17.3
1,1640,26,2006-04-05,854616.03,6443946.77,0,25,183.0,185.0,308.0,223.0,101.0,10.2,6.8,10.3,17.9,1.13,0.076,8.68,0.81,0.484,0.5,,12.11
1,1640,26,2006-04-05,854616.03,6443946.77,30,50,235.0,192.0,296.0,197.0,80.0,11.7,6.9,5.55,9.6,0.66,0.02,10.2,0.7,0.212,0.5,,15.0
1,1641,38,2007-01-10,870599.92,6443810.03,0,25,81.0,91.0,45.0,150.0,633.0,3.25,5.8,6.21,10.7,0.63,0.182,2.22,0.25,0.29,0.5,,5.32
1,1642,38,2006-09-28,886583.75,6443673.09,0,30,352.0,222.0,118.0,161.0,147.0,24.6,8.2,26.7,46.2,2.45,0.009,25.3,0.39,0.296,262.0,,26.6
1,1642,38,2006-09-28,886583.75,6443673.09,30,50,323.0,228.0,117.0,150.0,182.0,20.0,8.4,13.9,24.1,1.21,0.004,20.8,0.22,0.256,353.0,,21.0
1,1643,38,2006-10-18,902567.6,6443535.92,0,30,103.0,77.0,110.0,522.0,188.0,5.57,4.8,18.9,32.7,1.15,0.01,4.1,0.31,0.119,0.5,,13.5
1,1643,38,2006-10-18,902567.6,6443535.92,30,50,166.0,81.0,100.0,466.0,187.0,7.92,5.3,6.36,11.0,0.57,0.007,6.48,0.27,0.118,0.5,,14.6
1,1644,38,2008-03-18,918551.4,6443398.56,0,30,216.0,332.0,134.0,210.0,108.0,6.48,5.7,19.4,33.6,2.23,0.005,6.57,1.05,0.109,0.5,,11.51
1,1644,38,2008-03-18,918551.4,6443398.56,30,50,190.0,321.0,133.0,228.0,128.0,6.56,6.3,11.0,18.9,1.5,0.005,6.65,0.86,0.055,0.5,,11.7
1,1645,38,2008-05-21,934535.21,6443261.08,0,30,236.0,460.0,113.0,53.0,138.0,7.95,5.8,22.9,39.7,2.58,0.013,7.1,0.49,0.082,0.5,,15.6
1,1646,38,2007-09-04,950519.1,6443123.4,0,30,131.0,362.0,170.0,124.0,213.0,12.4,8.1,29.5,51.0,3.37,0.012,15.7,0.37,0.109,278.0,,11.7
1,1646,38,2007-09-04,950519.1,6443123.4,30,50,107.0,354.0,176.0,134.0,229.0,5.73,8.5,13.0,22.4,1.68,0.005,8.44,0.18,0.032,311.0,,4.2
1,1647,05,2005-06-07,966502.99,6442985.6,0,30,306.0,306.0,92.0,96.0,200.0,8.21,5.29,47.0,81.3,4.18,0.022,5.69,0.37,0.113,0.5,,24.0
1,1647,05,2005-06-07,966502.99,6442985.6,30,50,270.0,306.0,86.0,82.0,256.0,4.45,5.16,27.7,47.9,2.89,0.01,2.13,0.101,0.0536,0.5,,18.0
1,1648,05,2005-06-08,982486.86,6442847.59,0,30,125.0,185.0,81.0,146.0,463.0,5.35,5.82,20.1,34.7,1.66,0.014,3.96,0.762,0.208,0.5,,10.24
1,1651,33,2006-12-04,374963.09,6431975.76,0,30,26.0,15.0,16.0,51.0,892.0,0.5,5.0,6.44,11.1,0.34,0.005,0.11,0.03,0.01,0.5,,5.34
1,1651,33,2006-12-04,374963.09,6431975.76,30,50,48.0,29.0,14.0,67.0,842.0,2.32,4.6,24.5,42.4,1.26,0.005,0.37,0.15,0.041,0.5,,8.6
1,1652,33,2006-12-05,390946.9,6431844.7,0,30,5.0,2.0,12.0,68.0,913.0,2.27,4.6,25.8,44.7,0.74,0.005,0.24,0.09,0.033,0.5,,4.34
1,1652,33,2006-12-05,390946.9,6431844.7,30,50,14.0,8.0,5.0,82.0,891.0,1.58,4.9,13.1,22.7,0.39,0.005,0.06,0.02,0.01,0.5,,5.6
1,1653,33,2006-12-07,406930.84,6431713.41,0,30,54.0,35.0,48.0,149.0,714.0,1.55,4.8,10.3,17.8,0.52,0.005,0.27,0.1,0.058,1.0,,3.5
1,1653,33,2006-12-07,406930.84,6431713.41,30,50,58.0,44.0,42.0,141.0,715.0,1.18,5.1,3.33,5.8,0.22,0.005,0.06,0.03,0.031,0.5,,2.8
1,1654,33,2006-05-17,422914.79,6431581.94,0,30,88.0,92.0,83.0,108.0,629.0,2.68,5.3,14.1,24.4,1.28,0.177,1.35,0.24,0.123,0.5,,8.08
1,1655,33,2006-03-29,438898.67,6431450.25,0,25,556.0,338.0,67.0,11.0,28.0,34.8,8.0,15.2,26.3,1.66,0.04,32.0,2.94,0.489,9.4,,42.7
1,1655,33,2006-03-29,438898.67,6431450.25,25,50,580.0,333.0,64.0,9.0,14.0,34.5,7.6,10.4,18.0,1.27,0.008,31.5,3.69,0.372,0.5,,43.0
1,1656,33,2006-03-30,454882.54,6431318.38,0,25,295.0,165.0,141.0,93.0,306.0,11.9,5.9,6.31,10.9,0.66,0.008,7.81,2.57,0.591,0.5,,19.9
1,1656,33,2006-03-30,454882.54,6431318.38,25,50,315.0,160.0,124.0,83.0,318.0,12.6,5.5,4.0,6.9,0.47,0.003,7.71,3.04,0.349,0.5,,22.0
1,1657,24,2007-10-16,470866.38,6431186.29,0,30,216.0,209.0,247.0,150.0,178.0,7.54,6.3,8.84,15.3,0.89,0.051,6.69,1.28,0.256,0.5,,10.8
1,1657,24,2007-10-16,470866.38,6431186.29,30,50,383.0,205.0,179.0,108.0,125.0,13.4,5.5,2.69,4.7,0.39,0.005,9.62,3.2,0.294,0.5,,18.6
1,1658,24,2007-04-04,486850.26,6431054.24,0,30,97.0,156.0,129.0,125.0,493.0,2.86,4.8,10.7,18.4,0.62,0.005,0.63,0.38,0.079,0.5,,7.28
1,1658,24,2007-04-04,486850.26,6431054.24,30,50,216.0,153.0,136.0,122.0,373.0,7.17,5.1,3.39,5.9,0.3,0.005,2.34,1.75,0.155,0.5,,12.2
1,1659,24,2007-04-05,502834.21,6430922.02,0,30,84.0,155.0,110.0,112.0,539.0,1.7,4.8,12.9,22.3,0.64,0.005,0.32,0.16,0.095,0.5,,6.92
1,1659,24,2007-04-05,502834.21,6430922.02,30,50,105.0,168.0,119.0,121.0,487.0,1.33,4.8,2.65,4.6,0.2,0.005,0.05,0.09,0.049,0.5,,5.2
1,1660,24,2007-09-25,518818.16,6430789.46,0,20,292.0,237.0,109.0,186.0,176.0,19.6,8.1,21.8,37.8,2.24,0.066,21.1,0.78,0.541,546.0,,19.9
1,1661,24,2007-09-24,534802.08,6430656.79,0,25,196.0,166.0,104.0,285.0,249.0,5.04,6.6,10.3,17.8,0.78,0.036,4.33,0.46,0.278,0.5,,7.43
1,1661,24,2007-09-24,534802.08,6430656.79,30,50,620.0,78.0,39.0,153.0,110.0,7.49,4.7,3.36,5.8,0.42,0.005,4.54,1.45,0.273,0.5,,16.1
1,1662,24,2007-02-07,550786.0,6430523.96,0,30,339.0,50.0,36.0,507.0,68.0,19.7,6.6,16.2,28.0,1.11,0.005,19.0,0.88,0.318,0.5,,34.8
1,1662,24,2007-02-07,550786.0,6430523.96,30,50,529.0,26.0,19.0,398.0,28.0,31.1,7.5,5.59,9.7,0.64,0.005,31.5,0.64,0.358,12.2,,49.4
1,1663,24,2006-11-28,566769.95,6430390.91,0,30,196.0,54.0,34.0,197.0,519.0,15.7,7.9,14.4,24.9,1.43,0.059,15.9,0.25,0.17,16.3,,17.5
1,1663,24,2006-11-28,566769.95,6430390.91,30,50,192.0,59.0,41.0,206.0,502.0,11.6,8.2,4.95,8.6,0.52,0.016,12.3,0.16,0.14,6.3,,16.4
1,1664,46,2006-12-18,582753.9,6430257.63,0,30,391.0,132.0,121.0,155.0,201.0,13.0,6.2,22.9,39.7,1.6,0.005,11.6,0.6,0.12,1.0,,23.0
1,1664,46,2006-12-18,582753.9,6430257.63,30,50,474.0,64.0,48.0,106.0,308.0,10.2,6.5,5.49,9.5,0.46,0.005,8.53,0.25,0.059,0.5,,19.2
1,1665,46,2006-12-12,598737.83,6430124.18,0,30,220.0,239.0,239.0,215.0,87.0,5.37,4.8,13.8,23.8,1.06,0.005,1.82,0.89,0.307,0.5,,16.6
1,1665,46,2006-12-12,598737.83,6430124.18,30,50,271.0,228.0,213.0,200.0,88.0,5.55,5.1,3.64,6.3,0.46,0.012,2.78,1.33,0.255,0.5,,17.7
1,1666,46,2006-11-29,614721.71,6429990.55,0,30,192.0,170.0,104.0,166.0,368.0,3.6,4.9,13.1,22.7,1.18,0.071,0.95,0.23,0.561,0.5,,14.1
1,1666,46,2006-11-29,614721.71,6429990.55,30,50,173.0,179.0,91.0,152.0,405.0,3.39,5.0,4.65,8.0,0.49,0.027,0.64,0.17,0.306,0.5,,12.4
1,1667,15,2005-10-05,630705.55,6429856.73,0,30,104.0,117.0,81.0,173.0,525.0,6.58,5.8,28.2,48.8,2.55,0.12,6.38,0.42,0.209,1.1,,16.2
1,1668,15,2005-08-10,646689.42,6429722.79,0,30,606.0,294.0,58.0,26.0,16.0,32.3,5.7,58.0,100.0,5.92,0.055,26.3,4.5,0.36,0.5,,59.6
1,1668,15,2005-08-10,646689.42,6429722.79,30,50,495.0,315.0,85.0,68.0,37.0,26.5,6.2,19.4,33.6,2.05,0.012,20.9,3.95,0.171,0.5,,47.0
1,1669,15,2005-07-26,662673.34,6429588.64,0,30,278.0,436.0,106.0,89.0,91.0,13.2,5.5,65.0,113.0,6.84,0.021,8.79,2.73,0.341,1.1,,59.2
1,1669,15,2005-07-26,662673.34,6429588.64,30,50,250.0,471.0,107.0,87.0,85.0,12.5,5.7,49.4,85.4,5.27,0.013,8.28,2.71,0.168,1.1,,57.0
1,1670,15,2005-08-09,678657.2,6429454.22,0,30,274.0,415.0,119.0,85.0,107.0,8.72,5.2,133.0,229.0,12.3,0.024,2.98,1.54,0.511,1.7,,68.9
1,1670,15,2005-08-09,678657.2,6429454.22,30,50,179.0,405.0,140.0,102.0,174.0,5.75,5.2,83.6,145.0,7.84,0.022,1.32,0.7,0.216,1.7,,65.0
1,1671,15,2005-11-08,694641.02,6429319.57,0,30,388.0,282.0,115.0,112.0,103.0,26.6,6.1,42.8,74.0,4.47,0.037,14.2,10.3,0.727,1.8,,49.5
1,1671,15,2005-11-08,694641.02,6429319.57,30,50,366.0,268.0,128.0,124.0,114.0,25.1,6.3,29.9,51.8,3.14,0.035,13.2,10.2,0.666,2.9,,42.0
1,1672,15,2007-04-03,710624.83,6429184.74,0,30,208.0,193.0,75.0,150.0,374.0,5.73,4.6,29.7,51.3,1.45,0.005,1.12,0.5,0.385,0.5,,19.2
1,1672,15,2007-04-03,710624.83,6429184.74,30,50,158.0,159.0,77.0,141.0,465.0,4.8,4.8,7.73,13.4,0.52,0.005,0.88,1.0,0.248,0.5,,12.0
1,1673,15,2007-04-05,726608.59,6429049.73,0,30,190.0,138.0,69.0,100.0,503.0,7.46,4.7,72.2,125.0,4.32,0.037,1.62,0.61,0.216,0.5,,32.6
1,1673,15,2007-04-05,726608.59,6429049.73,30,50,89.0,140.0,68.0,108.0,595.0,2.32,5.3,21.1,36.5,1.19,0.023,0.68,0.32,0.059,0.5,,17.5
1,1674,43,2007-03-28,742592.36,6428914.59,0,30,141.0,119.0,44.0,84.0,612.0,7.89,4.1,53.7,92.9,2.9,0.026,0.71,0.34,0.155,0.5,,19.3
1,1674,43,2007-03-28,742592.36,6428914.59,30,50,100.0,96.0,33.0,76.0,695.0,3.36,4.7,12.8,22.1,0.74,0.03,0.39,0.19,0.061,0.5,,7.4
1,1674,43,2007-03-28,742592.36,6428914.59,-8,0,,,,,,33.3,4.1,416.0,719.0,15.4,0.174,21.4,4.71,1.44,0.5,,84.5
1,1675,43,2007-03-27,758576.16,6428779.26,0,30,188.0,383.0,84.0,101.0,244.0,7.47,5.1,67.2,116.0,4.54,0.041,2.76,1.13,0.103,1.2,,54.7
1,1675,43,2007-03-27,758576.16,6428779.26,30,50,127.0,351.0,83.0,99.0,340.0,5.15,5.5,34.6,59.9,2.67,0.034,2.62,0.85,0.045,1.1,,40.9
1,1675,43,2007-03-27,758576.16,6428779.26,-7,0,,,,,,44.2,4.3,419.0,725.0,16.4,0.175,29.8,5.73,0.771,0.5,,86.4
1,1676,43,2007-04-03,774560.15,6428643.73,0,30,241.0,223.0,114.0,103.0,319.0,15.6,6.5,18.0,31.2,1.82,0.084,11.2,3.72,0.765,0.5,,26.3
1,1676,43,2007-04-03,774560.15,6428643.73,30,50,191.0,227.0,106.0,101.0,375.0,12.5,6.7,8.54,14.8,0.87,0.072,9.15,3.29,0.441,0.5,,22.1
1,1677,43,2007-04-11,790544.18,6428507.99,0,30,260.0,395.0,106.0,73.0,166.0,11.0,5.3,102.0,176.0,9.09,0.03,6.28,1.38,0.495,1.6,,73.5
1,1677,43,2007-04-11,790544.18,6428507.99,30,50,104.0,329.0,163.0,133.0,271.0,7.51,5.4,40.8,70.6,3.64,0.029,3.92,0.93,0.104,0.5,,62.7
1,1678,07,2008-09-15,806528.05,6428372.01,0,30,250.0,177.0,62.0,116.0,395.0,16.3,5.7,25.1,43.3,2.62,0.039,12.0,3.54,0.175,0.5,,29.9
1,1679,07,2007-03-12,822511.84,6428235.85,0,30,119.0,80.0,55.0,172.0,574.0,4.08,4.5,41.7,72.2,2.12,0.016,0.62,0.16,0.116,0.5,,17.5
1,1679,07,2007-03-12,822511.84,6428235.85,30,50,112.0,86.0,49.0,142.0,611.0,2.34,4.7,18.3,31.7,1.05,0.022,0.08,0.04,0.048,0.5,,11.7
1,1679,07,2007-03-12,822511.84,6428235.85,-5,0,,,,,,25.1,4.1,363.0,628.0,15.7,0.119,13.7,2.63,0.789,0.5,,69.0
1,1680,07,2008-11-28,838495.6,6428099.47,0,30,172.0,227.0,117.0,160.0,324.0,4.3,5.1,17.3,29.9,1.61,0.027,1.71,0.44,0.412,0.5,,12.9
1,1680,07,2008-11-28,838495.6,6428099.47,30,50,182.0,227.0,129.0,136.0,326.0,3.89,5.2,6.94,12.0,0.78,0.032,1.32,0.36,0.252,0.5,,9.3
1,1681,26,2006-10-16,854479.34,6427962.92,0,25,142.0,205.0,174.0,221.0,258.0,4.36,5.8,12.7,22.0,1.09,0.117,3.33,0.3,0.33,0.5,,9.9
1,1681,26,2006-10-16,854479.34,6427962.92,30,42,139.0,200.0,165.0,179.0,317.0,4.24,5.7,11.6,20.1,0.99,0.09,3.14,0.35,0.358,0.5,,9.1
1,1682,26,2006-04-12,870463.05,6427826.24,0,30,459.0,323.0,125.0,82.0,11.0,26.6,7.2,26.3,45.4,2.56,0.014,25.7,0.63,0.248,3.4,,33.6
1,1682,26,2006-04-12,870463.05,6427826.24,30,40,422.0,311.0,139.0,93.0,35.0,23.9,8.3,7.31,12.6,0.85,0.005,24.4,0.2,0.189,49.1,,30.0
1,1683,26,2006-11-14,886446.73,6427689.34,0,30,292.0,352.0,254.0,95.0,7.0,8.89,4.8,50.3,87.0,3.28,0.011,4.81,0.43,0.145,0.5,,30.9
1,1683,26,2006-11-14,886446.73,6427689.34,30,50,285.0,330.0,273.0,101.0,11.0,6.65,5.0,16.6,28.8,1.26,0.005,2.81,0.17,0.081,0.5,,21.6
1,1684,38,2007-09-19,902430.41,6427552.18,0,30,380.0,423.0,119.0,36.0,42.0,26.5,8.1,26.1,45.1,1.82,0.005,29.8,0.51,0.412,450.0,,27.6
1,1684,38,2007-09-19,902430.41,6427552.18,30,50,336.0,477.0,123.0,30.0,34.0,19.4,8.3,9.69,16.8,0.78,0.005,21.8,0.31,0.273,530.0,,18.5
1,1685,38,2006-10-12,918414.02,6427414.85,0,30,319.0,368.0,122.0,94.0,97.0,25.7,7.3,40.6,70.2,2.79,0.013,26.5,1.43,0.135,11.4,,28.8
1,1685,38,2006-10-12,918414.02,6427414.85,-7,0,,,,,,43.8,6.2,155.0,269.0,6.89,0.075,39.2,2.95,0.573,1.0,,41.2
1,1686,38,2007-08-23,934397.63,6427277.41,0,30,320.0,259.0,86.0,76.0,259.0,18.0,6.8,47.0,81.3,4.49,0.014,16.4,3.1,0.137,0.5,,26.3
1,1686,38,2007-08-23,934397.63,6427277.41,30,50,205.0,295.0,95.0,92.0,313.0,13.7,7.6,25.1,43.5,2.58,0.005,13.9,2.45,0.078,0.5,,17.3
1,1687,38,2007-09-20,950381.32,6427139.77,0,30,262.0,232.0,84.0,95.0,327.0,7.58,5.0,82.5,143.0,5.89,0.012,4.67,0.88,0.345,0.5,,30.43
1,1689,05,2006-10-17,982348.73,6426863.92,0,30,171.0,150.0,93.0,177.0,409.0,22.9,7.9,45.4,78.6,2.83,0.013,22.7,1.75,0.227,63.0,,18.8
1,1689,05,2006-10-17,982348.73,6426863.92,30,50,145.0,181.0,95.0,178.0,401.0,10.9,8.2,20.6,35.6,1.32,0.006,11.8,0.77,0.121,159.0,,10.2
1,1690,05,2005-06-09,998332.36,6426725.6,5,30,171.0,232.0,110.0,132.0,355.0,15.0,8.0,23.9,41.3,2.65,0.017,16.2,0.652,0.106,39.4,,14.8
1,1690,05,2005-06-09,998332.36,6426725.6,30,50,126.0,183.0,112.0,154.0,425.0,9.73,8.39,9.67,16.7,1.34,0.005,9.82,0.335,0.069,43.4,,10.0
1,1690,05,2005-06-09,998332.36,6426725.6,0,5,,,,,,40.6,6.7,148.0,257.0,12.3,0.335,40.1,4.67,1.89,6.9,,31.2
1,1693,33,2007-02-16,374832.13,6415991.93,0,30,17.0,7.0,2.0,15.0,959.0,2.07,4.6,17.4,30.1,0.48,0.005,0.57,0.23,0.038,0.5,,2.65
1,1693,33,2007-02-16,374832.13,6415991.93,30,50,20.0,6.0,1.0,9.0,964.0,0.5,4.8,4.12,7.1,0.12,0.005,0.09,0.05,0.03,0.5,,1.5
1,1694,33,2006-11-23,390815.71,6415860.87,0,30,31.0,12.0,7.0,50.0,900.0,2.58,5.4,12.9,22.3,0.57,0.139,1.65,0.15,0.057,0.5,,3.82
1,1694,33,2006-11-23,390815.71,6415860.87,30,50,22.0,4.0,4.0,18.0,952.0,1.66,5.8,4.77,8.3,0.2,0.055,0.79,0.06,0.027,0.5,,2.0
1,1695,33,2006-01-31,406799.46,6415729.61,0,30,34.0,32.0,28.0,59.0,847.0,3.99,4.3,30.3,52.3,1.08,0.005,0.33,0.21,0.067,0.5,,6.26
1,1695,33,2006-01-31,406799.46,6415729.61,30,50,36.0,30.0,31.0,69.0,834.0,4.74,4.4,25.0,43.3,0.8,0.001,0.17,0.08,0.05,0.5,,8.0
1,1695,33,2006-01-31,406799.46,6415729.61,-8,0,,,,,,18.1,4.1,199.0,344.0,8.99,0.072,7.52,3.3,0.758,0.5,,38.3
1,1696,33,2006-05-16,422783.25,6415598.18,0,30,644.0,310.0,34.0,6.0,6.0,38.0,6.7,27.3,47.2,2.86,0.021,28.1,6.06,0.522,0.5,,43.3
1,1696,33,2006-05-16,422783.25,6415598.18,30,50,642.0,306.0,41.0,5.0,6.0,41.1,7.4,14.2,24.5,1.75,0.009,30.7,5.59,0.358,0.5,,45.0
1,1697,33,2006-10-11,438766.95,6415466.51,0,20,126.0,159.0,150.0,268.0,297.0,5.54,6.2,8.43,14.6,0.62,0.082,5.06,0.69,0.263,0.5,,10.02
1,1697,33,2006-10-11,438766.95,6415466.51,30,50,116.0,167.0,146.0,284.0,287.0,4.46,5.6,4.62,8.0,0.31,0.018,3.24,0.77,0.149,0.5,,8.3
1,1698,33,2007-04-06,454750.59,6415334.67,0,30,390.0,246.0,232.0,83.0,49.0,29.0,7.8,30.9,53.4,2.46,0.005,31.1,1.61,0.406,37.2,,29.2
1,1698,33,2007-04-06,454750.59,6415334.67,30,50,346.0,246.0,197.0,87.0,124.0,21.4,8.2,13.0,22.4,1.2,0.005,23.2,0.86,0.229,204.0,,22.7
1,1699,33,2006-04-10,470734.26,6415202.6,0,30,326.0,204.0,187.0,170.0,113.0,19.5,6.8,8.46,14.6,0.84,0.034,14.8,3.28,0.573,0.5,,25.2
1,1699,33,2006-04-10,470734.26,6415202.6,30,50,370.0,227.0,192.0,146.0,65.0,23.7,6.9,4.39,7.6,0.59,0.01,18.4,4.24,0.382,0.5,,29.0
1,1700,24,2007-10-15,486717.99,6415070.53,0,30,378.0,196.0,212.0,165.0,49.0,25.5,8.2,10.5,18.2,1.11,0.005,25.4,2.46,0.61,31.7,,30.4
1,1700,24,2007-10-15,486717.99,6415070.53,30,50,381.0,249.0,178.0,150.0,42.0,26.5,8.4,5.89,10.2,0.63,0.005,25.7,2.56,0.451,156.0,,23.4
1,1701,24,2006-03-16,502701.7,6414938.28,0,30,333.0,198.0,179.0,147.0,143.0,20.3,6.5,13.7,23.6,1.1,0.104,16.2,2.36,0.966,0.5,,25.8
1,1701,24,2006-03-16,502701.7,6414938.28,30,50,411.0,188.0,157.0,122.0,122.0,23.7,6.9,5.25,9.1,0.5,0.012,19.5,2.7,0.43,0.5,,34.0
1,1702,24,2007-01-30,518685.47,6414805.7,0,30,235.0,196.0,131.0,223.0,215.0,5.19,5.1,13.2,22.9,0.86,0.005,1.87,0.88,0.153,0.5,,18.0
1,1702,24,2007-01-30,518685.47,6414805.7,30,50,388.0,154.0,101.0,177.0,180.0,9.8,5.3,3.82,6.6,0.48,0.005,5.22,1.7,0.147,0.5,,23.4
1,1703,24,2006-11-09,534669.23,6414673.0,0,20,492.0,82.0,51.0,145.0,230.0,27.9,7.8,32.1,55.5,2.86,0.021,28.7,0.6,0.242,35.0,,33.9
1,1704,24,2006-11-08,550653.01,6414540.17,0,20,265.0,267.0,148.0,126.0,194.0,16.7,8.0,29.8,51.6,2.97,0.054,19.0,0.51,0.317,672.0,,16.0
1,1705,24,2006-11-07,566636.8,6414407.09,0,30,102.0,52.0,54.0,254.0,538.0,4.55,6.4,5.43,9.4,0.54,0.109,3.16,0.29,0.37,1.4,,4.46
1,1705,24,2006-11-07,566636.8,6414407.09,30,50,131.0,52.0,55.0,267.0,495.0,5.4,7.4,3.23,5.6,0.35,0.077,4.35,0.28,0.307,0.5,,5.4
1,1706,46,2006-12-21,582620.55,6414273.81,0,20,477.0,229.0,202.0,77.0,15.0,34.2,7.5,56.7,98.1,3.95,0.015,34.8,1.17,0.22,2.8,,39.5
1,1707,46,2006-12-12,598604.3,6414140.37,0,30,384.0,141.0,149.0,296.0,30.0,19.5,5.8,20.6,35.6,1.87,0.005,17.4,1.27,0.396,1.2,,32.13
1,1707,46,2006-12-12,598604.3,6414140.37,30,50,407.0,142.0,147.0,267.0,37.0,17.6,6.8,7.53,13.0,0.84,0.005,16.7,0.59,0.255,0.5,,29.7
1,1708,46,2006-07-11,614588.01,6414006.72,0,30,187.0,145.0,105.0,216.0,347.0,5.13,4.8,20.5,35.4,1.69,0.03,1.36,0.37,0.376,0.5,,18.1
1,1709,46,2007-10-25,630571.65,6413872.87,0,30,185.0,174.0,114.0,275.0,252.0,3.9,4.7,22.7,39.3,1.65,0.005,1.27,0.28,0.176,0.5,,19.8
1,1710,15,2005-10-04,646555.3,6413738.9,0,20,238.0,204.0,118.0,175.0,265.0,8.16,5.9,33.7,58.4,2.81,0.077,6.81,0.75,0.506,0.5,,20.8
1,1710,15,2005-10-04,646555.3,6413738.9,25,50,182.0,168.0,136.0,206.0,308.0,4.24,5.4,9.49,16.4,0.89,0.017,3.04,0.42,0.196,1.1,,12.0
1,1711,15,2006-07-19,662539.01,6413604.79,0,26,217.0,339.0,155.0,152.0,137.0,8.49,5.7,46.2,79.9,3.71,0.19,7.4,0.84,0.27,0.5,,28.4
1,1712,12,2006-10-10,678522.72,6413470.43,0,30,243.0,249.0,117.0,143.0,248.0,22.5,5.7,29.1,50.3,2.87,0.07,19.0,3.01,0.345,1.1,,41.3
1,1713,15,2007-04-03,694506.42,6413335.83,0,30,155.0,142.0,69.0,103.0,531.0,4.23,4.4,46.1,79.7,2.99,0.041,0.52,0.23,0.222,0.5,,22.9
1,1713,15,2007-04-03,694506.42,6413335.83,30,50,114.0,172.0,74.0,97.0,543.0,1.83,4.7,20.3,35.1,1.38,0.026,0.05,0.05,0.065,0.5,,19.6
1,1714,48,2007-05-10,710490.08,6413201.05,0,30,267.0,183.0,69.0,95.0,386.0,8.79,4.5,81.5,141.0,6.98,0.055,4.69,0.77,0.193,0.5,,31.2
1,1714,48,2007-05-10,710490.08,6413201.05,30,50,299.0,182.0,71.0,109.0,339.0,9.89,4.2,97.6,169.0,7.67,0.029,4.56,0.48,0.122,0.5,,31.0
1,1715,48,2008-08-21,726473.7,6413066.08,0,20,255.0,93.0,44.0,97.0,511.0,5.27,5.6,22.9,39.6,1.9,0.049,3.5,0.86,0.481,0.5,,8.8
1,1716,48,2007-05-07,742457.27,6412930.93,0,30,167.0,185.0,88.0,133.0,427.0,3.71,4.4,38.4,66.5,3.09,0.04,0.51,0.21,0.184,0.5,,22.0
1,1717,48,2008-08-26,758440.81,6412795.58,0,40,147.0,142.0,77.0,165.0,469.0,6.9,4.5,18.7,32.4,1.67,0.221,4.07,0.88,0.826,0.5,,11.74
1,1717,48,2008-08-26,758440.81,6412795.58,45,50,142.0,141.0,76.0,155.0,486.0,5.21,5.1,6.03,10.4,0.59,0.113,2.92,0.74,0.667,0.5,,10.6
1,1718,43,2007-03-27,774424.53,6412660.07,0,30,186.0,208.0,93.0,104.0,409.0,9.85,5.5,33.8,58.5,2.42,0.025,4.89,3.95,0.266,0.5,,22.9
1,1718,43,2007-03-27,774424.53,6412660.07,30,50,170.0,213.0,95.0,124.0,398.0,7.34,5.8,13.8,23.9,1.1,0.014,3.52,3.21,0.149,0.5,,15.4
1,1719,07,2008-09-17,790408.29,6412524.29,0,30,159.0,369.0,150.0,128.0,194.0,8.11,5.9,71.0,123.0,6.4,0.027,6.06,0.78,0.427,0.5,,61.3
1,1719,07,2008-09-17,790408.29,6412524.29,30,50,74.0,304.0,191.0,180.0,251.0,5.67,6.0,33.0,57.1,2.7,0.028,3.36,0.85,0.157,1.2,,58.4
1,1720,07,2008-09-15,806391.95,6412388.28,0,30,152.0,143.0,64.0,120.0,521.0,5.8,5.4,51.4,89.0,4.3,0.039,3.37,0.95,0.265,0.5,,31.8
1,1720,07,2008-09-15,806391.95,6412388.28,30,50,162.0,169.0,66.0,115.0,488.0,3.62,5.3,39.7,68.6,3.15,0.052,1.17,0.38,0.172,0.5,,34.6
1,1721,07,2008-12-07,822375.58,6412252.13,0,30,143.0,107.0,55.0,118.0,577.0,5.07,5.5,15.0,26.0,1.39,0.025,3.57,0.74,0.181,0.5,,11.26
1,1722,07,2008-12-06,838359.15,6412115.78,0,30,260.0,224.0,173.0,133.0,210.0,12.1,8.2,14.3,24.7,1.33,0.024,14.4,0.39,0.477,255.0,,14.2
1,1722,07,2008-12-06,838359.15,6412115.78,30,50,307.0,219.0,167.0,123.0,184.0,14.0,8.3,7.52,13.0,0.74,0.0025,16.3,0.36,0.3,200.0,,11.3
1,1723,26,2009-04-10,854342.7,6411979.26,0,30,168.0,64.0,44.0,185.0,539.0,11.5,8.06,8.26,14.3,0.906,0.158,12.8,0.76,0.631,16.5,,13.05
1,1723,26,2009-04-10,854342.7,6411979.26,35,50,192.0,67.0,53.0,184.0,504.0,12.8,8.06,4.04,7.0,0.495,0.072,13.7,0.542,0.347,3.21,,16.1
1,1724,26,2006-12-12,870326.22,6411842.62,0,30,330.0,221.0,183.0,143.0,123.0,28.5,8.0,39.1,67.6,2.41,0.005,29.5,0.77,0.361,406.0,,27.4
1,1725,26,2006-05-18,886309.72,6411705.77,2,9,361.0,340.0,96.0,77.0,126.0,39.1,8.2,67.2,116.0,2.85,0.015,38.8,1.1,0.65,499.0,,43.3
1,1726,26,2006-11-16,902293.22,6411568.64,0,20,433.0,353.0,145.0,60.0,9.0,33.4,6.4,102.0,176.0,8.83,0.015,35.1,1.52,0.292,5.1,,49.0
1,1727,38,2008-03-17,918276.66,6411431.36,0,30,403.0,321.0,120.0,63.0,93.0,24.4,8.2,25.9,44.8,2.22,0.005,26.9,0.45,0.342,206.0,,28.77
1,1728,05,2005-05-26,934260.07,6411293.96,0,30,377.0,306.0,91.0,62.0,164.0,28.9,7.88,47.1,81.4,4.81,0.036,26.9,0.656,0.506,84.6,,27.4
1,1731,05,2005-08-30,982210.6,6410880.4,0,25,147.0,171.0,121.0,144.0,417.0,11.4,8.2,24.1,41.6,2.28,0.029,11.6,0.81,0.65,337.0,,13.4
1,1732,05,2006-10-18,998194.03,6410742.13,0,30,196.0,300.0,263.0,79.0,162.0,48.6,7.9,116.0,201.0,5.06,0.025,41.2,10.4,0.277,390.0,,38.4
1,1732,05,2006-10-18,998194.03,6410742.13,-6,0,,,,,,96.3,6.4,410.0,710.0,11.6,0.108,74.1,22.6,0.829,17.4,,95.3
1,1733,05,2005-06-22,1014177.4,6410603.75,0,30,71.0,184.0,116.0,147.0,482.0,7.34,7.53,12.9,22.2,1.71,0.007,7.27,0.361,0.101,4.79,,9.93
1,1733,05,2005-06-22,1014177.4,6410603.75,30,50,71.0,192.0,115.0,166.0,456.0,6.22,8.08,7.6,13.2,1.27,0.003,6.35,0.205,0.0713,3.62,,8.0
1,1733,05,2005-06-22,1014177.4,6410603.75,-3,0,,,,,,40.2,5.6,219.0,379.0,16.4,0.209,39.8,3.67,1.45,2.0,,34.4
1,1736,33,2007-02-15,374701.18,6400008.25,0,30,52.0,21.0,9.0,45.0,873.0,2.65,4.7,27.9,48.4,1.19,0.005,0.47,0.26,0.097,0.5,,10.8
1,1736,33,2007-02-15,374701.18,6400008.25,30,50,32.0,8.0,6.0,38.0,916.0,0.5,5.1,8.36,14.5,0.38,0.005,0.03,0.04,0.035,0.5,,5.5
1,1737,33,2007-04-10,390684.57,6399877.22,0,30,21.0,27.0,24.0,93.0,835.0,2.36,4.1,16.2,28.0,0.4,0.005,0.3,0.12,0.049,1.4,,3.81
1,1737,33,2007-04-10,390684.57,6399877.22,30,50,20.0,16.0,17.0,89.0,858.0,1.69,4.3,8.85,15.3,0.24,0.005,0.13,0.05,0.022,0.5,,2.4
1,1738,33,2007-01-23,406668.11,6399746.03,0,25,35.0,9.0,5.0,27.0,924.0,2.86,5.8,14.7,25.5,0.84,0.148,1.93,0.28,0.147,0.5,,5.26
1,1738,33,2007-01-23,406668.11,6399746.03,30,50,17.0,7.0,2.0,20.0,954.0,1.82,6.1,6.41,11.1,0.33,0.067,1.09,0.17,0.03,0.5,,3.2
1,1739,33,2007-11-22,422651.69,6399614.62,0,30,88.0,33.0,20.0,122.0,737.0,5.29,5.5,16.2,28.0,1.07,0.011,3.63,0.93,0.243,0.5,,12.2
1,1739,33,2007-11-22,422651.69,6399614.62,30,50,147.0,32.0,26.0,124.0,671.0,6.61,5.9,11.7,20.2,0.68,0.005,5.3,1.56,0.181,0.5,,17.1
1,1740,33,2006-04-13,438635.23,6399482.97,0,30,117.0,150.0,172.0,161.0,400.0,3.84,5.6,12.7,21.9,0.98,0.113,2.84,0.28,0.239,0.5,,7.24
1,1740,33,2006-04-13,438635.23,6399482.97,30,50,138.0,144.0,158.0,147.0,413.0,4.6,5.9,9.89,17.1,0.73,0.104,3.54,0.3,0.235,0.5,,7.0
1,1741,33,2006-05-22,454618.69,6399351.14,0,30,212.0,234.0,283.0,160.0,111.0,9.4,5.9,14.9,25.8,1.47,0.026,7.94,1.37,0.336,0.5,,19.4
1,1741,33,2006-05-22,454618.69,6399351.14,30,50,282.0,246.0,265.0,127.0,80.0,11.6,6.8,5.13,8.9,0.63,0.006,9.77,1.47,0.306,1.2,,22.0
1,1742,33,2006-02-02,470602.15,6399219.16,0,30,223.0,132.0,167.0,240.0,238.0,14.6,7.8,8.11,14.0,0.89,0.019,12.8,0.74,0.421,2.6,,18.2
1,1742,33,2006-02-02,470602.15,6399219.16,30,50,241.0,143.0,187.0,224.0,205.0,13.1,7.9,4.6,8.0,0.59,0.009,12.1,0.59,0.235,2.3,,17.0
1,1743,47,2007-04-03,486585.68,6399087.02,0,30,126.0,275.0,386.0,134.0,79.0,3.47,4.5,13.3,23.1,0.65,0.005,0.65,0.48,0.063,0.5,,9.7
1,1743,47,2007-04-03,486585.68,6399087.02,30,50,252.0,303.0,321.0,82.0,42.0,5.98,4.7,3.59,6.2,0.3,0.005,1.01,1.38,0.098,0.5,,11.8
1,1744,47,2007-04-25,502569.21,6398954.71,0,20,460.0,258.0,129.0,107.0,46.0,24.6,8.0,19.5,33.7,1.87,0.033,23.1,4.04,0.369,72.4,,31.6
1,1744,47,2007-04-25,502569.21,6398954.71,25,50,522.0,251.0,96.0,92.0,39.0,23.8,8.2,7.59,13.1,0.95,0.005,20.2,3.29,0.257,66.8,,25.2
1,1745,47,2007-04-24,518552.82,6398822.14,0,22,437.0,240.0,117.0,161.0,45.0,23.2,7.0,20.1,34.7,2.26,0.108,20.9,4.73,0.276,0.5,,23.6
1,1745,47,2007-04-24,518552.82,6398822.14,30,50,400.0,239.0,124.0,183.0,54.0,19.4,7.3,8.0,13.8,1.02,0.016,15.5,3.74,0.266,0.5,,19.3
1,1746,24,2006-11-30,534536.45,6398689.41,0,20,151.0,197.0,147.0,215.0,290.0,4.1,5.7,10.2,17.7,0.87,0.067,2.62,0.55,0.177,0.5,,10.0
1,1746,24,2006-11-30,534536.45,6398689.41,26,50,212.0,153.0,115.0,209.0,311.0,4.86,4.9,2.81,4.9,0.35,0.005,1.9,0.54,0.226,0.5,,13.4
1,1747,24,2006-11-29,550520.04,6398556.54,0,30,117.0,119.0,85.0,216.0,463.0,2.15,5.1,7.78,13.5,0.71,0.037,1.32,0.09,0.062,0.5,,6.47
1,1747,24,2006-11-29,550520.04,6398556.54,30,50,169.0,142.0,91.0,183.0,415.0,3.02,5.4,3.8,6.6,0.44,0.005,2.22,0.16,0.089,0.5,,8.3
1,1748,46,2006-12-20,566503.62,6398423.46,0,30,141.0,92.0,64.0,233.0,470.0,5.02,6.2,11.2,19.4,0.88,0.005,5.09,0.41,0.107,0.5,,8.47
1,1748,46,2006-12-20,566503.62,6398423.46,30,50,163.0,88.0,51.0,219.0,479.0,4.09,7.6,3.65,6.3,0.33,0.005,3.97,0.12,0.05,0.5,,6.2
1,1749,46,2006-12-19,582487.18,6398290.2,0,30,541.0,300.0,121.0,26.0,12.0,41.6,8.0,45.6,78.9,3.2,0.005,41.7,1.47,0.671,37.7,,44.0
1,1750,46,2007-01-08,598470.72,6398156.76,0,21,234.0,375.0,263.0,110.0,18.0,39.4,7.1,81.2,140.0,6.21,0.02,35.7,1.65,0.319,1.4,,41.1
1,1751,46,2006-11-30,614454.25,6398023.11,0,30,419.0,400.0,90.0,31.0,60.0,20.7,8.1,25.9,44.8,2.76,0.021,17.7,4.02,1.69,163.0,,24.6
1,1751,46,2006-11-30,614454.25,6398023.11,30,50,466.0,382.0,65.0,31.0,56.0,17.7,8.4,20.1,34.8,1.01,0.005,13.9,3.97,2.1,10.6,,26.2
1,1752,46,2007-10-24,630437.75,6397889.24,0,30,150.0,147.0,100.0,219.0,384.0,11.7,5.3,16.0,27.8,1.68,0.085,9.84,2.23,0.5,0.5,,19.7
1,1753,15,2007-04-04,646421.24,6397755.23,0,30,259.0,308.0,125.0,152.0,156.0,5.3,4.6,35.9,62.1,2.75,0.012,1.17,0.55,0.415,0.5,,19.5
1,1753,15,2007-04-04,646421.24,6397755.23,30,50,256.0,316.0,122.0,152.0,154.0,3.81,4.7,21.9,38.0,1.82,0.005,0.52,0.31,0.282,0.5,,15.8
1,1754,12,2006-10-10,662404.74,6397621.15,0,30,226.0,372.0,169.0,95.0,138.0,10.3,5.9,49.7,86.0,3.74,0.066,9.52,0.5,0.242,0.5,,27.1
1,1755,12,2006-10-11,678388.24,6397486.85,0,30,151.0,131.0,64.0,109.0,545.0,5.9,5.5,29.6,51.1,2.53,0.036,5.0,0.4,0.219,0.5,,16.05
1,1755,12,2006-10-11,678388.24,6397486.85,30,50,160.0,167.0,71.0,101.0,501.0,4.1,5.5,17.9,30.9,1.46,0.027,3.1,0.24,0.116,0.5,,16.4
1,1756,12,2007-06-13,694371.77,6397352.29,0,30,354.0,372.0,104.0,80.0,90.0,10.0,4.6,158.0,273.0,10.0,0.015,2.48,0.73,0.306,1.6,,79.9
1,1756,12,2007-06-13,694371.77,6397352.29,30,50,131.0,344.0,181.0,133.0,211.0,4.97,4.8,85.8,148.0,5.42,0.005,0.63,0.16,0.072,1.2,,78.4
1,1756,12,2007-06-13,694371.77,6397352.29,-8,0,,,,,,27.4,4.5,289.0,500.0,16.7,0.059,18.8,3.31,0.957,0.5,,84.3
1,1757,48,2007-07-02,710355.26,6397217.54,0,30,185.0,142.0,56.0,94.0,523.0,5.1,5.2,80.4,139.0,5.97,0.019,3.25,1.04,0.562,0.5,,30.8
1,1758,48,2008-08-13,726338.71,6397082.59,0,20,143.0,106.0,79.0,179.0,493.0,4.18,5.5,24.5,42.4,1.41,0.119,3.17,0.55,0.619,0.5,,14.4
1,1759,48,2007-04-03,742322.13,6396947.42,0,30,283.0,194.0,62.0,106.0,355.0,6.54,4.8,56.7,98.1,3.43,0.018,1.79,0.56,0.328,0.5,,31.4
1,1759,48,2007-04-03,742322.13,6396947.42,30,50,140.0,191.0,86.0,136.0,447.0,4.03,4.9,17.2,29.8,1.16,0.012,0.42,0.27,0.128,0.5,,20.6
1,1760,48,2007-04-04,758305.57,6396812.08,0,30,226.0,170.0,63.0,111.0,430.0,5.55,4.5,47.3,81.8,3.29,0.107,1.13,0.38,0.558,0.5,,26.2
1,1760,48,2007-04-04,758305.57,6396812.08,30,50,133.0,176.0,83.0,141.0,467.0,2.53,4.8,21.6,37.4,1.59,0.096,0.23,0.12,0.284,0.5,,20.1
1,1761,07,2008-08-18,774289.04,6396676.54,0,20,142.0,99.0,54.0,209.0,496.0,3.21,5.0,28.6,49.5,2.31,0.1,1.73,0.24,0.299,0.5,,16.2
1,1761,07,2008-08-18,774289.04,6396676.54,20,50,113.0,107.0,57.0,119.0,604.0,2.53,5.2,19.7,34.1,1.58,0.073,1.14,0.19,0.269,0.5,,16.2
1,1763,07,2008-09-16,806255.93,6396404.74,0,30,113.0,136.0,94.0,94.0,563.0,6.51,5.3,15.6,27.0,1.45,0.043,4.43,1.16,0.449,0.5,,14.1
1,1763,07,2008-09-16,806255.93,6396404.74,30,50,123.0,150.0,114.0,162.0,451.0,5.68,5.4,8.82,15.3,0.84,0.039,3.96,0.93,0.438,0.5,,18.2
1,1764,07,2009-01-30,822239.36,6396268.61,0,30,278.0,290.0,175.0,153.0,104.0,20.3,6.71,24.8,42.9,2.26,0.014,12.8,6.95,0.262,1.2,,35.0
1,1765,07,2006-12-13,838222.75,6396132.29,0,20,420.0,232.0,220.0,113.0,15.0,42.1,7.8,48.5,83.9,2.9,0.012,40.2,1.21,0.359,22.3,,32.2
1,1766,26,2006-04-11,854206.12,6395995.81,0,35,349.0,181.0,116.0,205.0,149.0,18.2,8.3,13.8,23.9,1.49,0.033,18.9,0.26,0.631,280.0,,28.2
1,1766,26,2006-04-11,854206.12,6395995.81,40,50,386.0,216.0,113.0,214.0,71.0,17.3,8.5,6.69,11.6,0.81,0.015,19.0,0.21,0.368,323.0,,24.0
1,1767,26,2007-03-15,870189.47,6395859.17,0,30,98.0,79.0,74.0,290.0,459.0,4.97,4.8,15.5,26.8,0.83,0.005,2.62,0.24,0.102,0.5,,9.7
1,1767,26,2007-03-15,870189.47,6395859.17,30,50,110.0,84.0,70.0,299.0,437.0,5.26,5.3,6.59,11.4,0.37,0.005,3.98,0.2,0.079,0.5,,9.3
1,1768,26,2006-10-25,886172.74,6395722.35,0,20,510.0,316.0,58.0,27.0,89.0,33.2,8.2,33.3,57.7,2.86,0.008,32.5,0.63,0.638,379.0,,34.4
1,1769,26,2006-06-07,902156.02,6395585.28,0,25,319.0,377.0,85.0,95.0,124.0,20.7,8.3,26.5,45.9,2.38,0.013,20.6,0.61,0.624,670.0,,23.8
1,1770,05,2005-05-25,918139.31,6395448.02,0,30,484.0,226.0,70.0,76.0,144.0,46.8,7.36,63.5,110.0,5.95,0.072,45.2,0.896,0.522,11.8,,47.8
1,1771,05,2005-06-20,934122.57,6395310.62,0,30,542.0,284.0,86.0,42.0,46.0,39.3,7.9,48.7,84.3,4.39,0.011,40.8,0.767,0.637,48.8,,38.7
1,1772,05,2005-06-02,950105.85,6395173.0,0,30,315.0,251.0,111.0,115.0,208.0,20.5,7.84,30.7,53.1,3.24,0.048,17.5,0.561,0.592,31.9,,20.8
1,1773,05,2005-08-31,966089.18,6395035.1,0,30,235.0,238.0,108.0,137.0,282.0,12.3,6.4,23.8,41.3,2.42,0.021,11.8,0.4,0.243,0.5,,15.9
1,1774,05,2006-10-19,982072.45,6394897.05,0,30,292.0,322.0,140.0,107.0,139.0,16.7,7.8,28.4,49.1,1.72,0.007,17.3,0.5,0.192,11.9,,16.4
1,1774,05,2006-10-19,982072.45,6394897.05,30,50,307.0,311.0,124.0,97.0,161.0,14.4,8.0,21.0,36.4,1.5,0.006,15.8,0.36,0.179,44.5,,14.5
1,1774,05,2006-10-19,982072.45,6394897.05,-3,0,,,,,,62.9,5.5,421.0,728.0,14.3,0.187,53.7,6.97,1.8,0.5,,87.9
1,1778,40,2006-09-19,374570.2,6384024.78,0,30,12.0,10.0,10.0,44.0,924.0,0.95,4.3,9.19,15.9,0.22,0.001,0.09,0.11,0.043,0.5,,1.99
1,1778,40,2006-09-19,374570.2,6384024.78,30,50,7.0,10.0,4.0,50.0,929.0,0.52,4.6,4.43,7.7,0.12,0.001,0.06,0.03,0.01,0.5,,1.1
1,1778,40,2006-09-19,374570.2,6384024.78,-15,0,,,,,,18.0,4.1,405.0,700.0,9.61,0.049,6.66,8.56,0.648,0.5,,97.7
1,1779,33,2007-01-25,390553.47,6383893.81,0,30,24.0,14.0,7.0,37.0,918.0,1.57,4.4,11.1,19.1,0.48,0.047,0.18,0.08,0.029,1.2,,4.59
1,1779,33,2007-01-25,390553.47,6383893.81,30,50,24.0,13.0,3.0,53.0,907.0,0.5,4.7,5.52,9.6,0.26,0.106,0.04,0.02,0.01,0.5,,3.9
1,1780,33,2007-04-16,406536.81,6383762.65,0,30,46.0,17.0,7.0,102.0,828.0,3.23,4.0,34.4,59.5,0.85,0.005,0.34,0.42,0.085,0.5,,6.79
1,1780,33,2007-04-16,406536.81,6383762.65,30,50,21.0,12.0,2.0,86.0,879.0,1.98,4.2,10.4,17.9,0.23,0.005,0.06,0.06,0.01,0.5,,2.4
1,1780,33,2007-04-16,406536.81,6383762.65,-10,0,,,,,,44.7,4.2,449.0,776.0,13.9,0.143,22.6,10.5,1.15,1.5,,97.5
1,1781,33,2007-04-25,422520.16,6383631.24,0,30,25.0,12.0,6.0,174.0,783.0,1.44,4.3,16.2,28.0,0.43,0.005,0.1,0.04,0.031,0.5,,2.38
1,1781,33,2007-04-25,422520.16,6383631.24,30,50,21.0,1.0,12.0,192.0,774.0,0.5,4.6,5.85,10.1,0.21,0.005,0.05,0.01,0.01,0.5,,0.9
1,1781,33,2007-04-25,422520.16,6383631.24,-8,0,,,,,,24.8,4.0,385.0,667.0,13.4,0.099,9.77,2.93,0.598,1.5,,83.4
1,1782,33,2007-03-05,438503.5,6383499.61,0,30,27.0,21.0,8.0,73.0,871.0,1.56,4.7,6.49,11.2,0.48,0.005,0.59,0.09,0.048,0.5,,2.65
1,1782,33,2007-03-05,438503.5,6383499.61,30,50,28.0,22.0,16.0,68.0,866.0,1.17,5.1,2.31,4.0,0.19,0.005,0.29,0.05,0.039,0.5,,2.9
1,1783,33,2007-04-18,454486.79,6383367.8,0,30,145.0,174.0,218.0,136.0,327.0,3.71,5.0,14.0,24.3,0.79,0.005,0.85,0.55,0.112,0.5,,9.6
1,1783,33,2007-04-18,454486.79,6383367.8,30,50,219.0,175.0,196.0,114.0,296.0,4.88,5.1,4.44,7.7,0.35,0.005,0.65,1.3,0.099,0.5,,11.0
1,1784,47,2006-11-16,470470.05,6383235.85,0,20,189.0,215.0,231.0,348.0,17.0,11.0,8.3,9.54,16.5,1.01,0.005,12.8,0.76,0.222,36.8,,12.68
1,1784,47,2006-11-16,470470.05,6383235.85,28,50,206.0,252.0,234.0,293.0,15.0,12.0,8.4,5.43,9.4,0.63,0.005,13.6,0.82,0.153,38.6,,13.9
1,1785,47,2006-11-15,486453.37,6383103.7,0,30,143.0,178.0,209.0,253.0,217.0,6.26,6.2,6.03,10.4,0.68,0.104,6.05,0.58,0.32,0.5,,10.5
1,1785,47,2006-11-15,486453.37,6383103.7,30,50,179.0,208.0,208.0,228.0,177.0,7.33,6.8,3.8,6.6,0.48,0.055,6.78,0.86,0.203,0.5,,10.1
1,1786,47,2006-11-14,502436.76,6382971.32,0,17,276.0,209.0,210.0,185.0,120.0,12.0,6.5,8.98,15.5,0.91,0.057,9.92,2.17,0.606,0.5,,19.6
1,1786,47,2006-11-14,502436.76,6382971.32,35,50,399.0,236.0,169.0,121.0,75.0,17.8,6.5,3.97,6.9,0.55,0.012,14.6,3.12,0.343,0.5,,30.2
1,1787,47,2006-12-04,518420.2,6382838.74,0,30,331.0,182.0,151.0,201.0,135.0,19.6,8.2,8.52,14.7,1.03,0.012,21.9,1.03,0.32,22.4,,32.8
1,1787,47,2006-12-04,518420.2,6382838.74,30,50,309.0,174.0,163.0,209.0,145.0,17.8,8.3,4.38,7.6,0.59,0.005,19.4,0.93,0.262,20.4,,27.9
1,1788,47,2007-02-01,534403.62,6382705.98,0,30,106.0,157.0,123.0,224.0,390.0,1.76,5.0,13.7,23.7,0.73,0.005,0.34,0.19,0.082,0.5,,7.44
1,1788,47,2007-02-01,534403.62,6382705.98,30,50,129.0,173.0,133.0,190.0,375.0,1.3,4.9,4.78,8.3,0.31,0.005,0.12,0.09,0.056,0.5,,5.4
1,1789,46,2006-05-31,550387.03,6382573.12,0,20,164.0,190.0,122.0,173.0,351.0,4.86,5.8,7.92,13.7,0.76,0.019,3.63,0.2,0.082,0.5,,9.4
1,1789,46,2006-05-31,550387.03,6382573.12,30,50,182.0,168.0,114.0,151.0,385.0,4.86,6.3,5.57,9.6,0.58,0.016,4.39,0.22,0.091,0.5,,8.0
1,1790,46,2006-05-18,566370.43,6382440.06,0,30,438.0,294.0,167.0,56.0,45.0,28.5,7.7,37.1,64.3,3.15,0.009,28.6,1.12,0.25,4.4,,37.4
1,1791,46,2006-11-14,582353.81,6382306.78,0,30,463.0,281.0,72.0,46.0,138.0,24.2,8.3,21.1,36.5,2.47,0.09,25.7,0.63,1.03,272.0,,29.3
1,1792,46,2007-01-09,598337.15,6382173.33,0,20,414.0,180.0,164.0,184.0,58.0,20.5,6.7,45.1,78.0,3.49,0.014,19.0,0.89,0.173,0.5,,33.7
1,1793,46,2007-01-11,614320.49,6382039.71,0,30,451.0,198.0,132.0,143.0,76.0,23.4,7.0,41.9,72.5,3.1,0.011,21.9,0.79,0.198,0.5,,30.25
1,1794,12,2007-01-10,630303.83,6381905.87,0,30,158.0,141.0,137.0,242.0,322.0,16.7,5.7,14.0,24.2,1.15,0.005,12.7,3.14,0.394,0.5,,21.5
1,1794,12,2007-01-10,630303.83,6381905.87,30,50,124.0,115.0,129.0,267.0,365.0,16.0,5.9,4.33,7.5,0.38,0.005,13.0,2.65,0.159,0.5,,25.1
1,1795,12,2007-10-26,646287.18,6381771.88,0,20,138.0,96.0,79.0,386.0,301.0,6.09,6.1,10.4,18.0,0.99,0.075,5.24,1.2,0.294,0.5,,11.9
1,1795,12,2007-10-26,646287.18,6381771.88,30,50,131.0,88.0,78.0,410.0,293.0,5.02,6.6,4.5,7.8,0.49,0.029,4.32,1.23,0.256,0.5,,8.9
1,1796,12,2006-10-12,662270.51,6381637.78,0,30,176.0,218.0,168.0,329.0,109.0,8.69,6.2,12.9,22.2,1.4,0.072,6.65,1.64,0.333,0.5,,11.18
1,1796,12,2006-10-12,662270.51,6381637.78,30,50,179.0,245.0,174.0,306.0,96.0,9.52,6.5,9.16,15.8,1.06,0.046,7.19,1.97,0.209,0.5,,11.5
1,1798,12,2006-10-11,694237.1,6381368.9,0,30,579.0,228.0,44.0,68.0,81.0,33.2,6.2,42.0,72.6,4.25,0.01,25.0,8.6,0.307,0.5,,49.9
1,1798,12,2006-10-11,694237.1,6381368.9,30,50,498.0,243.0,58.0,86.0,115.0,26.9,6.4,23.9,41.3,2.49,0.005,17.7,8.59,0.267,0.5,,43.9
1,1799,48,2007-05-03,710220.39,6381234.16,0,30,163.0,160.0,105.0,245.0,327.0,5.25,4.6,57.8,100.0,3.56,0.014,0.5,0.28,0.161,0.5,,31.3
1,1799,48,2007-05-03,710220.39,6381234.16,30,50,159.0,164.0,89.0,199.0,389.0,2.61,4.8,35.4,61.2,2.61,0.005,0.18,0.14,0.104,0.5,,26.0
1,1799,48,2007-05-03,710220.39,6381234.16,-5,0,,,,,,27.7,4.4,305.0,528.0,12.3,0.069,14.4,3.12,1.01,0.5,,68.9
1,1800,48,2007-05-09,726203.61,6381099.2,0,20,471.0,248.0,72.0,142.0,67.0,33.9,7.8,53.9,93.2,4.86,0.046,34.8,0.83,0.599,38.4,,36.2
1,1802,48,2007-04-25,758170.29,6380828.7,0,30,191.0,210.0,97.0,133.0,369.0,5.86,4.5,51.4,89.0,3.16,0.013,1.36,0.29,0.206,0.5,,24.7
1,1802,48,2007-04-25,758170.29,6380828.7,30,50,135.0,208.0,104.0,135.0,418.0,2.51,4.7,21.4,37.1,1.58,0.005,0.15,0.05,0.114,0.5,,16.4
1,1803,48,2009-05-07,774153.55,6380693.16,0,30,87.0,129.0,124.0,248.0,412.0,4.63,4.86,23.2,40.2,1.35,0.0025,1.12,0.448,0.168,0.5,,14.3
1,1804,07,2008-12-06,790136.74,6380557.36,0,30,185.0,168.0,133.0,277.0,237.0,5.43,5.3,31.3,54.1,2.63,0.019,3.95,0.32,0.131,0.5,,18.5
1,1805,07,2008-11-26,806119.94,6380421.37,0,20,236.0,471.0,216.0,37.0,40.0,39.7,7.8,53.5,92.6,4.98,0.012,43.2,1.4,0.461,29.4,,39.7
1,1806,07,2007-01-30,822103.14,6380285.23,0,30,480.0,255.0,125.0,129.0,11.0,28.8,7.9,19.5,33.7,1.56,0.005,30.7,0.76,0.296,24.8,,34.8
1,1807,26,2006-04-26,838086.35,6380149.0,0,30,191.0,80.0,125.0,447.0,157.0,12.6,6.6,8.85,15.3,0.98,0.111,12.0,0.82,0.345,0.5,,20.1
1,1807,26,2006-04-26,838086.35,6380149.0,40,50,252.0,122.0,173.0,381.0,72.0,17.6,7.3,3.99,6.9,0.49,0.022,17.2,0.78,0.258,0.5,,24.0
1,1808,26,2006-11-27,854069.55,6380012.6,0,25,240.0,96.0,91.0,295.0,278.0,20.8,8.1,20.4,35.3,2.07,0.036,21.6,0.7,0.519,104.0,,27.9
1,1808,26,2006-11-27,854069.55,6380012.6,30,50,247.0,89.0,84.0,314.0,266.0,19.5,8.2,8.39,14.5,0.94,0.005,20.0,0.35,0.291,60.7,,27.0
1,1809,26,2006-12-14,870052.71,6379875.94,0,30,305.0,198.0,134.0,218.0,145.0,24.3,8.0,31.3,54.1,1.71,0.011,25.6,0.65,0.409,203.0,,24.9
1,1810,26,2009-03-23,886035.78,6379739.08,0,15,379.0,296.0,113.0,77.0,135.0,23.3,8.12,29.7,51.4,2.8,0.015,24.7,0.625,0.788,404.0,,22.8
1,1811,26,2007-03-13,902018.81,6379602.1,0,30,425.0,267.0,61.0,49.0,198.0,37.8,8.1,48.2,83.4,3.31,0.012,36.2,0.71,0.651,377.0,,35.5
1,1811,26,2007-03-13,902018.81,6379602.1,30,50,560.0,335.0,43.0,39.0,23.0,24.5,8.5,6.51,11.3,0.65,0.005,25.4,0.33,0.503,303.0,,31.5
1,1812,05,2006-11-22,918001.92,6379464.88,0,30,254.0,373.0,137.0,104.0,132.0,5.98,5.5,19.9,34.4,1.17,0.005,4.41,0.8,0.338,0.5,,16.5
1,1812,05,2006-11-22,918001.92,6379464.88,30,50,277.0,281.0,105.0,102.0,235.0,6.76,5.8,7.69,13.3,0.64,0.005,5.45,1.07,0.318,0.5,,16.4
1,1812,05,2006-11-22,918001.92,6379464.88,-1,0,,,,,,52.9,6.2,279.0,483.0,8.92,0.101,43.7,5.17,1.76,6.8,,74.7
1,1813,05,2005-04-13,933985.07,6379327.41,0,16,389.0,304.0,123.0,90.0,94.0,33.7,8.0,32.8,56.8,3.51,0.022,30.9,1.1,0.283,10.2,,35.8
1,1813,05,2005-04-13,933985.07,6379327.41,20,50,379.0,302.0,131.0,83.0,105.0,28.8,8.21,17.0,29.3,1.95,0.015,27.3,0.745,0.218,26.1,,33.0
1,1814,05,2005-06-01,949968.18,6379189.75,0,24,245.0,370.0,166.0,151.0,68.0,10.5,8.31,17.9,31.0,1.85,0.04,9.18,0.782,0.373,328.0,,10.0
1,1814,05,2005-06-01,949968.18,6379189.75,30,50,208.0,348.0,176.0,172.0,96.0,8.05,8.43,12.5,21.7,1.22,0.019,7.33,0.668,0.203,337.0,,8.0
1,1815,04,2006-10-26,965951.27,6379051.9,0,30,258.0,420.0,130.0,78.0,114.0,17.7,8.2,29.1,50.3,2.24,0.009,18.6,0.4,0.097,277.0,,15.3
1,1815,04,2006-10-26,965951.27,6379051.9,30,50,258.0,467.0,121.0,61.0,93.0,10.4,8.4,9.46,16.4,1.31,0.003,11.8,0.2,0.039,321.0,,9.5
1,1815,04,2006-10-26,965951.27,6379051.9,-5,0,,,,,,102.0,6.8,354.0,613.0,11.4,0.153,97.1,5.85,1.61,17.4,,102.0
1,1816,05,2005-06-21,981934.34,6378913.89,0,30,331.0,365.0,132.0,81.0,91.0,9.23,5.14,48.6,84.1,4.43,0.022,6.16,0.473,0.243,0.5,,28.4
1,1816,05,2005-06-21,981934.34,6378913.89,30,50,261.0,356.0,135.0,108.0,140.0,5.65,5.48,21.2,36.7,2.21,0.013,4.07,0.181,0.0831,0.5,,20.0
1,1817,04,2006-10-25,997917.41,6378775.77,0,30,201.0,293.0,111.0,136.0,259.0,15.6,8.1,30.8,53.4,2.64,0.012,16.2,0.6,0.229,346.0,,12.9
1,1817,04,2006-10-25,997917.41,6378775.77,30,50,185.0,283.0,118.0,141.0,273.0,7.48,8.4,12.9,22.3,1.41,0.005,9.93,0.32,0.138,381.0,,7.3
1,1817,04,2006-10-25,997917.41,6378775.77,-6,0,,,,,,88.9,6.5,394.0,682.0,15.3,0.118,84.9,7.58,2.6,17.2,,97.3
1,1818,04,2006-06-28,1013900.46,6378637.45,0,30,387.0,293.0,136.0,104.0,80.0,21.8,6.2,46.7,80.8,4.56,0.019,20.0,1.42,0.153,0.5,,32.0
1,1818,04,2006-06-28,1013900.46,6378637.45,30,50,303.0,288.0,152.0,128.0,129.0,15.3,6.9,17.0,29.5,1.9,0.005,13.9,0.9,0.06,1.9,,22.3
1,1818,04,2006-06-28,1013900.46,6378637.45,-4,-1,,,,,,60.1,6.2,261.0,451.0,17.7,0.187,55.4,5.62,1.86,0.5,,75.9
1,1819,40,2007-09-14,358456.14,6368172.34,0,30,68.0,3.0,6.0,14.0,909.0,0.5,7.3,0.59,1.0,0.03,0.005,0.22,0.09,0.01,0.5,0.021,0.32
1,1819,40,2007-09-14,358456.14,6368172.34,30,50,65.0,4.0,2.0,10.0,919.0,0.5,6.8,0.59,1.0,0.04,0.005,0.16,0.1,0.01,0.5,0.02,0.3
1,1820,40,2006-12-12,374439.21,6368041.53,0,30,2.0,1.0,12.0,91.0,894.0,1.85,4.4,18.0,31.2,0.46,0.005,0.45,0.19,0.062,0.5,,3.52
1,1820,40,2006-12-12,374439.21,6368041.53,30,50,8.0,3.0,6.0,68.0,915.0,0.5,5.0,2.28,4.0,0.06,0.005,0.05,0.02,0.03,0.5,,0.5
1,1821,40,2006-09-17,390422.34,6367910.6,0,30,29.0,25.0,4.0,131.0,811.0,2.25,4.5,20.4,35.3,0.91,0.004,0.23,0.1,0.032,0.5,,5.79
1,1821,40,2006-09-17,390422.34,6367910.6,30,50,18.0,12.0,2.0,153.0,815.0,0.71,4.9,6.76,11.7,0.37,0.001,0.02,0.01,0.01,0.5,,4.2
1,1822,40,2006-09-29,406405.5,6367779.44,0,30,25.0,15.0,4.0,29.0,927.0,1.7,4.6,15.4,26.6,0.73,0.003,0.24,0.1,0.037,0.5,,5.5
1,1822,40,2006-09-29,406405.5,6367779.44,30,50,17.0,7.0,6.0,28.0,942.0,0.83,5.0,7.64,13.2,0.4,0.001,0.05,0.02,0.01,0.5,,4.1
1,1823,33,2006-02-08,422388.66,6367648.03,0,25,35.0,8.0,3.0,82.0,872.0,3.81,5.8,19.1,33.1,0.91,0.204,2.75,0.51,0.205,0.5,,5.84
1,1823,33,2006-02-08,422388.66,6367648.03,30,50,24.0,6.0,3.0,64.0,903.0,2.13,5.4,15.9,27.6,0.6,0.069,0.88,0.15,0.049,0.5,,5.0
1,1824,33,2006-11-15,438371.78,6367516.42,0,30,20.0,11.0,21.0,79.0,869.0,1.81,4.6,8.52,14.7,0.4,0.005,0.48,0.09,0.029,0.5,,1.61
1,1824,33,2006-11-15,438371.78,6367516.42,30,50,41.0,19.0,11.0,99.0,830.0,3.34,6.4,2.43,4.2,0.15,0.005,3.2,0.12,0.041,2.6,,2.9
1,1825,33,2006-11-16,454354.88,6367384.63,0,30,33.0,12.0,15.0,83.0,857.0,2.39,4.1,12.2,21.2,0.61,0.017,0.53,0.12,0.054,0.5,,3.92
1,1825,33,2006-11-16,454354.88,6367384.63,30,50,34.0,15.0,15.0,47.0,889.0,1.68,4.5,5.08,8.8,0.25,0.011,0.2,0.04,0.035,0.5,,2.3
1,1826,47,2008-07-18,470337.97,6367252.65,0,25,245.0,146.0,150.0,256.0,203.0,15.6,8.0,9.37,16.2,1.02,0.098,16.1,0.78,0.757,4.7,,17.9
1,1826,47,2008-07-18,470337.97,6367252.65,25,40,250.0,146.0,150.0,256.0,198.0,15.7,8.1,7.86,13.6,0.87,0.082,16.4,0.78,0.671,6.0,,13.4
1,1827,47,2007-04-26,486321.12,6367120.5,0,25,264.0,252.0,208.0,262.0,14.0,10.8,8.2,9.89,17.1,1.0,0.029,14.2,0.99,0.413,49.8,,15.6
1,1827,47,2007-04-26,486321.12,6367120.5,35,50,171.0,199.0,242.0,376.0,12.0,10.4,8.3,5.24,9.1,0.59,0.012,11.4,0.79,0.229,52.5,,9.3
1,1828,47,2007-02-21,502304.34,6366988.11,0,30,272.0,260.0,178.0,153.0,137.0,13.5,6.5,8.1,14.0,0.87,0.069,11.5,1.72,0.428,0.5,,22.7
1,1828,47,2007-02-21,502304.34,6366988.11,30,50,294.0,244.0,167.0,158.0,137.0,15.0,6.7,5.41,9.4,0.64,0.041,13.3,1.86,0.275,0.5,,21.6
1,1829,47,2006-12-05,518287.56,6366855.52,0,30,356.0,203.0,110.0,131.0,200.0,25.0,8.2,18.2,31.5,1.85,0.005,24.9,3.21,0.31,112.0,,30.7
1,1829,47,2006-12-05,518287.56,6366855.52,30,50,356.0,206.0,108.0,135.0,195.0,22.4,8.4,6.36,11.0,0.77,0.005,21.8,3.06,0.282,122.0,,34.2
1,1830,82,2007-02-20,534270.78,6366722.79,0,20,421.0,171.0,129.0,143.0,136.0,25.4,7.2,10.7,18.4,1.19,0.091,22.9,2.37,0.404,1.1,,35.9
1,1830,82,2007-02-20,534270.78,6366722.79,30,50,413.0,167.0,113.0,152.0,155.0,25.1,7.8,3.82,6.6,0.51,0.013,23.9,2.14,0.285,1.3,,33.2
1,1831,82,2007-07-25,550254.01,6366589.92,0,25,396.0,268.0,125.0,94.0,117.0,31.3,8.0,24.0,41.5,2.42,0.052,28.1,5.3,0.4,566.0,,33.2
1,1832,46,2007-01-31,566237.25,6366456.84,0,30,229.0,351.0,185.0,89.0,146.0,46.6,8.1,66.1,114.0,5.42,0.016,50.2,1.41,0.292,248.0,,44.0
1,1832,46,2007-01-31,566237.25,6366456.84,30,50,252.0,255.0,152.0,116.0,225.0,20.8,8.4,15.4,26.7,1.42,0.005,22.1,0.47,0.142,511.0,,21.7
1,1833,46,2007-01-16,582220.45,6366323.52,0,20,304.0,253.0,119.0,65.0,259.0,31.3,8.2,46.5,80.4,3.9,0.013,32.0,0.8,0.269,539.0,,27.4
1,1834,46,2007-01-17,598203.63,6366190.05,0,30,234.0,411.0,234.0,73.0,48.0,33.7,7.1,73.1,126.0,6.41,0.014,31.6,1.61,0.342,2.6,,38.5
1,1835,12,2006-12-13,614186.78,6366056.47,0,30,443.0,284.0,102.0,67.0,104.0,23.3,7.9,31.3,54.2,3.17,0.014,24.1,2.02,0.33,2.4,,31.3
1,1836,12,2007-10-11,630169.93,6365922.67,0,30,206.0,183.0,93.0,148.0,370.0,8.46,5.7,17.5,30.3,1.79,0.005,7.24,1.4,0.161,1.1,,17.5
1,1836,12,2007-10-11,630169.93,6365922.67,30,50,230.0,190.0,87.0,121.0,372.0,6.87,5.9,5.36,9.3,0.61,0.005,5.38,1.15,0.148,1.1,,12.2
1,1837,12,2007-03-06,646153.1,6365788.72,0,30,220.0,237.0,96.0,131.0,316.0,5.38,5.1,22.3,38.5,2.21,0.102,4.16,0.5,0.296,0.5,,15.8
1,1838,12,2007-06-28,662136.22,6365654.62,0,20,372.0,444.0,73.0,45.0,66.0,33.3,7.7,69.7,121.0,5.8,0.053,23.6,9.96,1.71,108.0,,33.3
1,1839,12,2007-02-22,678119.31,6365520.27,0,30,239.0,212.0,128.0,230.0,191.0,5.49,5.1,23.6,40.8,1.92,0.012,2.48,0.73,0.533,0.5,,16.8
1,1839,12,2007-02-22,678119.31,6365520.27,30,50,235.0,208.0,119.0,281.0,157.0,4.96,4.7,10.1,17.5,0.96,0.005,0.62,0.32,0.225,0.5,,18.4
1,1840,12,2007-10-16,694102.43,6365385.69,0,30,235.0,209.0,125.0,256.0,175.0,6.92,5.6,14.5,25.1,1.62,0.022,5.62,1.07,0.334,2.3,,15.5
1,1840,12,2007-10-16,694102.43,6365385.69,30,50,290.0,228.0,139.0,221.0,122.0,6.45,5.2,3.92,6.8,0.8,0.011,4.18,1.06,0.28,1.1,,10.0
1,1841,48,2007-05-09,710085.53,6365250.94,0,28,615.0,254.0,66.0,28.0,37.0,46.6,7.7,65.1,113.0,6.07,0.011,43.5,1.31,0.889,14.4,,45.3
1,1842,48,2007-03-28,726068.55,6365116.01,0,30,442.0,199.0,79.0,86.0,194.0,23.1,7.1,41.2,71.2,2.39,0.005,22.4,0.84,0.263,1.5,,24.1
1,1842,48,2007-03-28,726068.55,6365116.01,30,50,479.0,192.0,80.0,80.0,169.0,18.2,7.7,10.6,18.3,0.91,0.005,17.7,0.31,0.142,1.3,,18.7
1,1843,48,2008-08-25,742051.68,6364980.83,0,30,320.0,273.0,172.0,173.0,62.0,17.4,8.1,24.6,42.6,2.09,0.012,18.3,1.1,0.491,350.0,,16.3
1,1844,48,2007-04-24,758034.88,6364845.47,0,30,178.0,142.0,59.0,89.0,532.0,9.95,4.4,82.0,142.0,3.74,0.012,0.5,0.35,0.385,0.5,,26.6
1,1844,48,2007-04-24,758034.88,6364845.47,30,50,123.0,157.0,48.0,79.0,593.0,2.99,4.7,50.6,87.5,2.02,0.005,0.04,0.06,0.077,1.1,,24.8
1,1844,48,2007-04-24,758034.88,6364845.47,-7,0,,,,,,33.0,4.3,373.0,646.0,19.4,0.169,19.3,3.8,2.6,1.2,,72.5
1,1845,30,2007-04-26,774017.96,6364709.96,0,30,156.0,123.0,65.0,114.0,542.0,5.99,4.6,82.0,142.0,4.3,0.011,0.7,0.23,0.188,1.2,,30.7
1,1845,30,2007-04-26,774017.96,6364709.96,30,50,126.0,127.0,60.0,94.0,593.0,3.4,4.7,38.9,67.4,3.1,0.005,0.24,0.1,0.102,0.5,,23.2
1,1846,07,2008-11-27,790000.97,6364574.22,0,30,176.0,158.0,111.0,273.0,282.0,4.63,5.5,14.7,25.5,1.11,0.01,2.66,0.79,0.154,0.5,,11.3
1,1846,07,2008-11-27,790000.97,6364574.22,30,50,217.0,179.0,119.0,247.0,238.0,5.13,5.6,9.47,16.4,0.77,0.007,2.54,1.06,0.118,0.5,,14.0
1,1847,07,2008-12-05,805983.97,6364438.21,0,22,370.0,187.0,92.0,109.0,242.0,21.0,8.1,24.4,42.2,2.18,0.0025,22.6,0.48,0.355,255.0,,19.0
1,1848,07,2008-11-26,821966.96,6364302.06,0,30,363.0,324.0,249.0,51.0,13.0,29.0,7.9,37.1,64.2,3.28,0.012,29.5,0.84,0.613,15.7,,29.4
1,1849,26,2006-04-27,837949.98,6364165.89,0,24,298.0,174.0,111.0,272.0,145.0,20.3,8.4,10.5,18.2,1.17,0.043,20.7,0.59,0.506,166.0,,31.5
1,1849,26,2006-04-27,837949.98,6364165.89,33,50,295.0,203.0,118.0,260.0,124.0,19.0,8.6,5.95,10.3,0.68,0.008,19.7,0.54,0.282,210.0,,26.0
1,1850,84,2007-02-15,853932.98,6364029.57,0,30,174.0,77.0,51.0,208.0,490.0,18.6,7.8,17.3,30.0,1.2,0.005,18.1,0.89,0.129,2.2,,21.9
1,1850,84,2007-02-15,853932.98,6364029.57,30,48,188.0,72.0,60.0,210.0,470.0,18.0,8.2,11.8,20.5,0.82,0.005,18.5,0.7,0.127,10.9,,17.8
1,1851,26,2007-01-09,869915.95,6363892.92,0,30,181.0,138.0,121.0,321.0,239.0,13.8,8.5,9.07,15.7,0.91,0.028,14.2,0.81,0.643,245.0,,18.0
1,1851,26,2007-01-09,869915.95,6363892.92,30,50,179.0,133.0,125.0,306.0,257.0,13.5,8.5,7.22,12.5,0.72,0.015,14.4,0.74,0.346,249.0,,15.4
1,1852,26,2009-04-09,885898.87,6363756.02,0,20,591.0,185.0,70.0,58.0,96.0,39.3,8.29,21.5,37.1,2.36,0.086,43.2,1.1,0.633,126.0,,44.2
1,1853,05,2006-10-24,901881.69,6363619.06,0,25,549.0,337.0,77.0,23.0,14.0,22.0,6.7,25.9,44.8,1.42,0.005,20.4,0.76,0.379,2.6,,25.9
1,1854,05,2005-04-14,917864.57,6363481.92,0,30,471.0,308.0,76.0,37.0,108.0,24.6,8.28,20.4,35.3,2.23,0.019,23.2,0.386,0.319,267.0,,27.7
1,1854,05,2005-04-14,917864.57,6363481.92,30,45,433.0,306.0,75.0,47.0,139.0,19.9,8.36,12.1,20.9,1.32,0.009,21.9,0.184,0.284,307.0,,25.0
1,1855,04,2004-12-01,933847.56,6363344.44,0,30,233.0,281.0,156.0,119.0,211.0,11.9,8.13,15.8,27.4,1.67,0.0243,12.2,0.275,0.199,393.0,,14.0
1,1855,04,2004-12-01,933847.56,6363344.44,30,50,234.0,277.0,153.0,114.0,222.0,11.4,8.21,12.2,21.1,1.36,0.0146,12.5,0.258,0.145,400.0,,9.0
1,1856,04,2006-11-21,949830.5,6363206.76,0,30,650.0,263.0,46.0,14.0,27.0,42.3,8.0,38.8,67.2,2.5,0.005,46.1,1.09,0.636,64.2,,45.9
1,1856,04,2006-11-21,949830.5,6363206.76,30,50,627.0,275.0,60.0,19.0,19.0,40.4,8.1,32.5,56.2,2.01,0.005,44.1,0.58,0.425,104.0,,41.3
1,1856,04,2006-11-21,949830.5,6363206.76,-6,0,,,,,,97.4,7.0,331.0,573.0,13.5,0.131,90.2,6.25,2.26,6.7,,112.0
1,1857,04,2005-04-12,965813.4,6363068.93,0,30,424.0,460.0,84.0,11.0,21.0,31.0,7.8,54.9,95.0,6.27,0.026,30.1,0.416,0.0838,28.8,,28.3
1,1857,04,2005-04-12,965813.4,6363068.93,30,50,402.0,491.0,62.0,16.0,29.0,24.0,8.15,31.5,54.5,4.19,0.014,23.1,0.211,0.0597,55.7,,21.0
1,1858,04,2006-06-27,981796.31,6362930.93,0,30,370.0,335.0,207.0,45.0,43.0,11.9,4.9,57.5,99.5,5.86,0.079,8.13,1.24,0.697,0.5,,34.0
1,1858,04,2006-06-27,981796.31,6362930.93,30,50,329.0,344.0,155.0,79.0,93.0,7.26,5.0,23.9,41.4,2.7,0.058,4.11,0.38,0.239,0.5,,27.0
1,1859,04,2006-10-24,997779.18,6362792.82,0,30,218.0,274.0,182.0,160.0,166.0,9.29,5.9,19.2,33.2,1.42,0.008,7.07,1.22,0.349,0.5,,17.2
1,1859,04,2006-10-24,997779.18,6362792.82,30,50,178.0,240.0,213.0,183.0,186.0,7.42,5.9,10.6,18.3,0.91,0.005,5.75,0.79,0.175,0.5,,13.0
1,1860,06,2006-06-26,1013762.02,6362654.53,0,30,217.0,179.0,98.0,168.0,338.0,14.7,5.7,72.5,126.0,6.15,0.051,10.6,2.46,1.08,0.5,,32.6
1,1860,06,2006-06-26,1013762.02,6362654.53,-7,-2,,,,,,52.6,6.4,269.0,465.0,21.1,0.276,45.5,9.27,3.24,0.5,,73.9
1,1862,40,2006-09-27,358325.28,6352189.31,0,30,11.0,5.0,6.0,8.0,970.0,0.25,5.5,1.48,2.6,0.04,0.004,0.12,0.07,0.01,0.5,,0.55
1,1862,40,2006-09-27,358325.28,6352189.31,30,50,4.0,3.0,12.0,3.0,978.0,0.25,5.3,0.81,1.4,0.02,0.001,0.06,0.04,0.01,0.5,,0.6
1,1862,40,2006-09-27,358325.28,6352189.31,-4,0,,,,,,13.0,4.9,148.0,257.0,3.97,0.057,8.94,3.03,0.331,0.5,,40.3
1,1863,40,2006-09-28,374308.19,6352058.5,0,30,12.0,10.0,1.0,83.0,894.0,0.64,4.5,4.57,7.9,0.09,0.001,0.06,0.05,0.024,0.5,,1.36
1,1863,40,2006-09-28,374308.19,6352058.5,30,50,20.0,11.0,2.0,117.0,850.0,0.55,4.8,5.24,9.1,0.13,0.001,0.02,0.02,0.02,0.5,,3.5
1,1863,40,2006-09-28,374308.19,6352058.5,-1,0,,,,,,20.4,3.8,232.0,401.0,5.59,0.067,9.25,4.11,0.497,0.5,,54.1
1,1864,40,2006-09-26,390291.17,6351927.57,0,30,47.0,56.0,11.0,67.0,819.0,3.06,4.3,33.6,58.1,1.92,0.005,0.47,0.12,0.035,0.5,,10.29
1,1864,40,2006-09-26,390291.17,6351927.57,30,50,12.0,10.0,4.0,94.0,880.0,0.25,4.7,5.31,9.2,0.32,0.001,0.02,0.01,0.01,0.5,,2.6
1,1865,40,2006-10-23,406274.17,6351796.41,0,30,29.0,32.0,4.0,60.0,875.0,2.76,4.5,23.5,40.7,1.1,0.013,0.52,0.11,0.031,0.5,,6.56
1,1865,40,2006-10-23,406274.17,6351796.41,30,50,25.0,27.0,4.0,84.0,860.0,1.2,4.8,12.1,20.9,0.51,0.014,0.2,0.02,0.01,0.5,,5.9
1,1866,40,2006-11-14,422257.14,6351665.0,0,30,46.0,34.0,13.0,92.0,815.0,2.31,4.5,24.7,42.8,1.22,0.005,0.05,0.04,0.029,0.5,,9.24
1,1866,40,2006-11-14,422257.14,6351665.0,30,50,20.0,5.0,3.0,50.0,922.0,1.08,4.6,5.84,10.1,0.29,0.005,0.005,0.01,0.01,0.5,,3.7
1,1866,40,2006-11-14,422257.14,6351665.0,-13,0,,,,,,26.7,4.0,392.0,679.0,13.0,0.04,7.5,4.4,0.555,0.5,,90.5
1,1867,33,2006-11-16,438240.05,6351533.4,0,30,29.0,13.0,6.0,48.0,904.0,3.91,4.3,31.6,54.7,0.99,0.005,0.66,0.25,0.084,0.5,,7.61
1,1867,33,2006-11-16,438240.05,6351533.4,30,50,28.0,4.0,5.0,55.0,908.0,3.17,4.6,23.5,40.7,0.79,0.005,0.2,0.07,0.041,0.5,,7.2
1,1868,47,2007-03-08,454222.97,6351401.62,0,30,38.0,18.0,13.0,64.0,867.0,2.26,4.0,17.7,30.7,0.64,0.005,0.45,0.14,0.051,0.5,,5.32
1,1868,47,2007-03-08,454222.97,6351401.62,30,50,31.0,11.0,9.0,64.0,885.0,1.87,4.7,7.87,13.6,0.37,0.005,0.13,0.03,0.01,0.5,,4.8
1,1868,47,2007-03-08,454222.97,6351401.62,-15,0,,,,,,41.5,3.9,405.0,701.0,10.5,0.107,20.6,7.25,1.12,0.5,,82.0
1,1869,47,2007-03-06,470205.91,6351269.62,0,30,27.0,7.0,6.0,43.0,917.0,2.8,4.3,20.7,35.9,0.66,0.005,0.9,0.23,0.035,0.5,,5.28
1,1869,47,2007-03-06,470205.91,6351269.62,30,50,17.0,5.0,3.0,55.0,920.0,1.55,4.9,8.79,15.2,0.25,0.005,0.18,0.03,0.01,0.5,,4.0
1,1870,47,2007-02-22,486188.92,6351137.44,0,30,141.0,219.0,264.0,147.0,229.0,4.93,6.1,6.51,11.3,0.76,0.092,3.86,0.4,0.333,0.5,,8.66
1,1870,47,2007-02-22,486188.92,6351137.44,30,50,154.0,226.0,252.0,144.0,224.0,4.91,6.4,3.72,6.4,0.51,0.042,4.11,0.43,0.19,0.5,,7.4
1,1871,47,2007-02-23,502171.92,6351005.04,0,30,261.0,412.0,204.0,98.0,25.0,12.3,6.7,9.09,15.7,1.09,0.042,10.6,1.9,0.374,0.5,,16.57
1,1871,47,2007-02-23,502171.92,6351005.04,30,50,299.0,397.0,179.0,95.0,30.0,13.8,7.0,6.21,10.8,0.81,0.022,12.0,2.01,0.191,0.5,,18.3
1,1872,47,2006-04-25,518154.94,6350872.47,0,30,367.0,201.0,169.0,225.0,38.0,24.8,8.3,10.8,18.7,1.26,0.031,24.6,0.78,0.39,86.1,,35.7
1,1872,47,2006-04-25,518154.94,6350872.47,30,50,356.0,187.0,163.0,253.0,41.0,23.3,8.3,6.43,11.1,0.84,0.007,23.4,0.68,0.285,75.1,,29.0
1,1873,82,2007-11-15,534138.0,6350739.78,0,30,329.0,222.0,115.0,233.0,101.0,25.7,7.9,27.9,48.3,2.98,0.034,26.7,1.15,0.479,197.0,,30.8
1,1874,82,2007-01-30,550121.05,6350606.89,0,30,316.0,169.0,157.0,177.0,181.0,22.7,7.8,10.2,17.6,1.15,0.053,21.5,1.63,0.374,2.3,,31.2
1,1874,82,2007-01-30,550121.05,6350606.89,35,50,328.0,175.0,142.0,176.0,179.0,21.8,8.1,4.43,7.7,0.59,0.005,22.4,1.43,0.24,6.7,,37.6
1,1875,46,2006-06-06,566104.12,6350473.76,0,25,380.0,238.0,98.0,123.0,161.0,23.6,8.4,10.8,18.7,1.1,0.013,22.7,3.19,0.413,200.0,,27.9
1,1875,46,2006-06-06,566104.12,6350473.76,35,50,444.0,187.0,96.0,115.0,158.0,27.1,8.3,3.79,6.6,0.52,0.003,26.2,3.76,0.364,78.7,,36.0
1,1876,46,2007-05-22,582087.13,6350340.44,0,25,395.0,253.0,140.0,150.0,62.0,24.4,8.3,11.3,19.6,1.26,0.019,22.6,2.0,0.488,106.0,,27.9
1,1876,46,2007-05-22,582087.13,6350340.44,35,50,375.0,251.0,143.0,169.0,62.0,22.1,8.4,6.18,10.7,0.72,0.005,21.3,2.41,0.354,84.7,,20.5
1,1877,82,2007-03-15,598070.15,6350206.97,0,20,562.0,222.0,86.0,49.0,81.0,39.4,8.1,31.9,55.2,3.12,0.026,44.6,1.15,0.584,264.0,,51.1
1,1877,82,2007-03-15,598070.15,6350206.97,30,50,561.0,221.0,88.0,58.0,72.0,36.4,8.3,13.9,24.0,1.46,0.005,39.7,0.88,0.448,268.0,,44.4
1,1878,82,2007-01-18,614053.12,6350073.38,0,30,107.0,126.0,80.0,159.0,528.0,3.77,5.4,13.6,23.5,0.86,0.012,1.87,0.78,0.36,0.5,,8.4
1,1878,82,2007-01-18,614053.12,6350073.38,30,50,118.0,137.0,82.0,193.0,470.0,2.43,5.2,5.16,8.9,0.37,0.005,0.65,0.52,0.197,0.5,,7.5
1,1879,12,2006-11-09,630036.07,6349939.6,0,30,215.0,161.0,76.0,119.0,429.0,11.6,5.6,16.4,28.4,1.57,0.016,7.98,2.94,0.491,0.5,,17.8
1,1879,12,2006-11-09,630036.07,6349939.6,30,50,193.0,147.0,73.0,94.0,493.0,11.8,5.8,4.79,8.3,0.55,0.005,7.57,3.13,0.581,0.5,,17.6
1,1880,12,2006-10-30,646019.02,6349805.64,0,30,143.0,161.0,119.0,304.0,273.0,4.73,5.9,12.7,22.0,1.2,0.044,4.35,0.55,0.167,0.5,,11.0
1,1880,12,2006-10-30,646019.02,6349805.64,30,50,178.0,168.0,102.0,272.0,280.0,3.66,5.9,6.12,10.6,0.62,0.024,2.93,0.42,0.101,0.5,,9.4
1,1881,12,2007-07-18,662001.94,6349671.54,0,30,163.0,117.0,106.0,338.0,276.0,7.93,6.0,17.9,30.9,1.77,0.082,7.59,0.71,0.167,1.2,,11.55
1,1882,12,2007-10-18,677984.83,6349537.21,0,30,210.0,211.0,85.0,144.0,350.0,9.08,6.1,37.0,64.0,3.42,0.048,7.25,1.52,0.775,1.6,,24.4
1,1883,12,2007-10-17,693967.79,6349402.65,0,30,155.0,118.0,53.0,129.0,545.0,7.41,6.3,25.5,44.1,1.92,0.098,7.39,0.69,0.128,1.1,,11.69
1,1883,12,2007-10-17,693967.79,6349402.65,30,50,135.0,126.0,47.0,118.0,574.0,3.72,6.3,5.44,9.4,0.47,0.02,3.28,0.51,0.226,1.7,,4.9
1,1884,12,2007-10-16,709950.71,6349267.91,0,25,265.0,170.0,42.0,360.0,163.0,17.2,7.5,28.3,48.9,2.75,0.005,17.7,0.65,0.163,3.9,,20.5
1,1885,48,2007-11-03,725933.56,6349133.01,0,15,255.0,419.0,191.0,86.0,49.0,30.3,7.66,48.0,83.1,4.75,0.138,32.0,0.997,1.07,31.4,,31.3
1,1886,48,2007-07-03,741916.46,6348997.82,0,20,281.0,439.0,179.0,51.0,50.0,33.7,7.7,53.9,93.3,4.74,0.012,36.9,0.93,0.35,21.6,,31.7
1,1887,48,2007-07-04,757899.4,6348862.43,0,30,166.0,230.0,122.0,180.0,302.0,3.54,4.8,50.9,88.0,3.16,0.005,0.76,0.15,0.108,0.5,,24.8
1,1888,48,2007-04-18,773882.29,6348726.96,0,30,129.0,167.0,153.0,234.0,317.0,4.82,5.1,23.6,40.8,1.58,0.015,1.83,0.86,0.245,0.5,,15.1
1,1888,48,2007-04-18,773882.29,6348726.96,30,50,161.0,227.0,188.0,245.0,179.0,3.13,5.1,10.1,17.4,0.89,0.005,0.4,0.3,0.136,0.5,,15.0
1,1889,30,2007-04-19,789865.16,6348591.27,0,30,149.0,163.0,87.0,166.0,435.0,7.49,5.2,59.0,102.0,1.9,0.013,4.62,1.5,0.318,0.5,,18.0
1,1889,30,2007-04-19,789865.16,6348591.27,30,50,188.0,187.0,105.0,163.0,357.0,7.75,5.7,55.8,96.5,1.57,0.005,5.24,1.66,0.271,0.5,,18.3
1,1890,30,2006-12-21,805848.0,6348455.27,0,30,441.0,233.0,190.0,115.0,21.0,24.1,7.0,42.2,72.9,2.85,0.005,22.8,1.02,0.218,0.5,,31.5
1,1890,30,2006-12-21,805848.0,6348455.27,30,49,259.0,167.0,262.0,248.0,64.0,21.4,8.1,10.9,18.8,1.01,0.005,22.4,0.48,0.143,26.5,,24.6
1,1891,30,2006-12-20,821830.81,6348319.15,0,30,149.0,34.0,43.0,389.0,385.0,14.1,7.0,24.1,41.6,1.12,0.005,13.5,0.84,0.132,0.5,,18.27
1,1891,30,2006-12-20,821830.81,6348319.15,30,50,169.0,40.0,37.0,381.0,373.0,13.3,8.1,8.05,13.9,0.39,0.005,14.8,0.45,0.094,17.1,,15.8
1,1892,84,2004-05-24,837813.65,6348183.04,0,30,133.0,28.0,45.0,334.0,460.0,10.9,8.33,6.82,11.8,0.622,0.0116,10.5,0.333,0.348,36.9,,13.6
1,1892,84,2004-05-24,837813.65,6348183.04,30,50,149.0,33.0,52.0,406.0,360.0,10.2,8.47,4.09,7.08,0.377,0.0051,10.4,0.259,0.219,35.2,,13.0
1,1893,84,2004-04-07,853796.45,6348046.71,0,30,223.0,139.0,76.0,305.0,257.0,13.5,8.39,6.43,11.1,0.645,0.02,13.0,0.37,0.39,167.0,,14.29
1,1893,84,2004-04-07,853796.45,6348046.71,30,50,225.0,139.0,80.0,267.0,289.0,14.2,8.44,5.7,9.86,0.591,0.0077,13.6,0.292,0.252,173.0,,13.0
1,1894,84,2007-02-14,869779.21,6347910.04,0,30,248.0,150.0,130.0,400.0,72.0,23.8,8.2,32.1,55.6,2.05,0.012,25.9,0.97,0.294,119.0,,23.2
1,1894,84,2007-02-14,869779.21,6347910.04,30,50,213.0,159.0,132.0,418.0,78.0,16.4,8.4,10.3,17.9,0.86,0.005,18.6,0.51,0.161,172.0,,17.4
1,1895,84,2004-05-06,885762.0,6347773.17,0,30,319.0,378.0,81.0,53.0,169.0,17.9,8.24,20.1,34.8,2.01,0.0298,17.9,0.434,0.511,579.0,,20.1
1,1895,84,2004-05-06,885762.0,6347773.17,30,50,320.0,362.0,81.0,52.0,185.0,16.4,8.34,12.1,20.9,1.35,0.0144,16.9,0.329,0.375,590.0,,16.0
1,1896,26,2006-06-08,901744.69,6347636.21,0,15,599.0,222.0,70.0,31.0,78.0,33.8,8.2,30.6,53.0,3.2,0.045,32.7,0.87,1.37,155.0,,42.2
1,1897,04,2005-01-20,917727.35,6347499.07,0,30,527.0,286.0,64.0,38.0,85.0,34.4,8.1,34.9,60.4,3.72,0.02,37.6,0.78,0.968,180.0,,43.1
1,1897,04,2005-01-20,917727.35,6347499.07,30,50,555.0,263.0,68.0,35.0,79.0,34.2,8.2,21.8,37.7,2.41,0.009,32.9,0.67,0.515,161.0,,40.0
1,1898,04,2005-01-26,933710.11,6347361.66,0,30,457.0,301.0,128.0,62.0,52.0,25.8,8.4,22.1,38.3,1.93,0.007,23.9,0.69,0.74,288.0,,26.3
1,1898,04,2005-01-26,933710.11,6347361.66,30,50,457.0,299.0,131.0,58.0,55.0,24.8,8.4,16.0,27.6,1.46,0.005,23.2,0.63,0.612,305.0,,29.0
1,1899,04,2004-10-06,949692.83,6347224.03,0,30,213.0,180.0,153.0,355.0,99.0,14.9,8.14,16.0,27.7,1.62,0.0531,15.3,0.253,0.297,246.0,,14.8
1,1900,04,2004-11-25,965675.56,6347086.21,0,27,282.0,327.0,157.0,66.0,168.0,12.2,8.21,14.3,24.8,2.03,0.0783,12.2,0.341,0.35,239.0,,13.8
1,1900,04,2004-11-25,965675.56,6347086.21,30,50,288.0,335.0,162.0,70.0,145.0,12.2,8.26,12.5,21.7,1.81,0.037,12.0,0.353,0.243,223.0,,9.0
1,1901,04,2006-06-22,981658.28,6346948.17,3,30,707.0,226.0,49.0,15.0,3.0,22.8,5.4,48.5,83.9,4.55,0.01,19.3,1.87,0.56,0.5,,41.3
1,1901,04,2006-06-22,981658.28,6346948.17,30,50,705.0,218.0,62.0,11.0,4.0,22.9,5.7,24.7,42.8,2.42,0.005,19.4,1.9,0.585,0.5,,42.0
1,1901,04,2006-06-22,981658.28,6346948.17,-4,0,,,,,,51.4,6.1,244.0,422.0,17.1,0.139,46.7,5.85,2.83,0.5,,75.2
1,1902,06,2006-11-08,997640.95,6346810.03,0,30,398.0,464.0,50.0,27.0,61.0,24.0,8.1,32.8,56.8,2.54,0.025,26.3,0.51,0.256,52.2,,21.3
1,1902,06,2006-11-08,997640.95,6346810.03,-4,0,,,,,,86.9,6.3,333.0,576.0,16.4,0.283,81.9,7.44,1.71,36.8,,98.3
1,1903,06,2006-08-23,1013623.58,6346671.77,0,30,340.0,373.0,97.0,56.0,134.0,22.1,8.0,41.8,72.3,4.4,0.017,22.5,0.54,0.264,153.0,,23.0
1,1903,06,2006-08-23,1013623.58,6346671.77,30,50,315.0,381.0,94.0,64.0,146.0,15.2,8.2,24.3,42.0,2.62,0.008,16.7,0.29,0.167,183.0,,17.9
1,1904,06,2006-08-24,1029606.2,6346533.29,0,30,243.0,230.0,133.0,156.0,238.0,15.2,5.9,40.3,69.7,3.99,0.016,13.5,1.49,0.15,0.5,,21.4
1,1905,06,2006-06-20,1045588.84,6346394.59,0,30,421.0,289.0,89.0,89.0,112.0,11.1,5.1,243.0,420.0,16.0,0.012,3.57,0.59,0.326,0.5,,74.8
1,1905,06,2006-06-20,1045588.84,6346394.59,30,50,108.0,160.0,104.0,198.0,430.0,3.41,5.0,90.2,156.0,4.4,0.009,0.52,0.07,0.03,0.5,,32.0
1,1905,06,2006-06-20,1045588.84,6346394.59,-10,0,,,,,,27.1,5.1,384.0,664.0,18.4,0.037,19.2,3.94,1.96,0.5,,94.8
1,1906,06,2007-05-08,1061571.46,6346255.79,0,30,217.0,209.0,107.0,138.0,329.0,9.46,4.6,53.0,91.6,2.76,0.023,5.08,1.15,0.198,1.1,,21.2
1,1906,06,2007-05-08,1061571.46,6346255.79,30,50,178.0,168.0,89.0,149.0,416.0,4.39,5.0,13.9,24.0,1.25,0.005,1.63,0.36,0.076,0.5,,16.3
1,1908,40,2007-10-03,358194.43,6336206.52,0,17,59.0,26.0,15.0,236.0,664.0,2.1,5.5,18.5,32.0,1.17,0.133,1.17,0.28,0.117,0.5,,7.8
1,1908,40,2007-10-03,358194.43,6336206.52,25,50,42.0,14.0,6.0,186.0,752.0,1.45,5.6,10.3,17.9,0.65,0.067,0.74,0.21,0.069,0.5,,5.2
1,1909,40,2006-12-21,374177.16,6336075.71,0,30,6.0,5.0,3.0,214.0,772.0,1.13,4.5,8.37,14.5,0.23,0.005,0.15,0.09,0.037,0.5,,2.46
1,1909,40,2006-12-21,374177.16,6336075.71,30,50,8.0,10.0,4.0,243.0,735.0,0.5,5.0,5.01,8.7,0.16,0.005,0.04,0.02,0.024,0.5,,2.2
1,1909,40,2006-12-21,374177.16,6336075.71,-12,0,,,,,,23.4,4.0,249.0,432.0,6.75,0.046,10.0,4.77,0.748,0.5,,68.4
1,1910,40,2006-10-02,390159.97,6335944.73,0,30,16.0,3.0,7.0,163.0,811.0,1.51,4.5,13.3,23.0,0.47,0.014,0.24,0.12,0.026,0.5,,3.74
1,1910,40,2006-10-02,390159.97,6335944.73,30,50,17.0,7.0,5.0,181.0,790.0,0.25,4.7,7.16,12.4,0.31,0.023,0.05,0.03,0.01,0.5,,4.3
1,1911,40,2006-10-06,406142.82,6335813.56,0,30,28.0,26.0,5.0,74.0,867.0,2.43,4.8,21.7,37.5,1.1,0.048,1.39,0.16,0.043,0.5,,6.7
1,1911,40,2006-10-06,406142.82,6335813.56,30,50,23.0,24.0,5.0,101.0,847.0,0.96,5.3,14.9,25.7,0.67,0.091,0.69,0.05,0.021,0.5,,6.4
1,1912,40,2006-10-25,422125.59,6335682.16,0,30,234.0,263.0,183.0,130.0,190.0,4.28,4.8,25.5,44.1,1.34,0.005,0.74,0.44,0.164,0.5,,11.9
1,1912,40,2006-10-25,422125.59,6335682.16,30,50,264.0,275.0,175.0,116.0,170.0,3.07,4.7,10.5,18.1,0.76,0.005,0.35,0.37,0.084,0.5,,9.3
1,1913,40,2006-10-26,438108.32,6335550.56,0,30,16.0,3.0,2.0,126.0,853.0,0.25,5.0,4.51,7.8,0.18,0.023,0.14,0.04,0.01,0.5,,1.75
1,1913,40,2006-10-26,438108.32,6335550.56,30,50,9.0,2.0,1.0,111.0,877.0,0.25,5.4,1.24,2.2,0.06,0.017,0.02,0.01,0.01,0.5,,1.4
1,1914,40,2006-10-25,454091.06,6335418.78,0,30,53.0,50.0,26.0,119.0,752.0,1.57,4.6,22.9,39.7,0.98,0.005,0.02,0.02,0.021,0.5,,9.5
1,1914,40,2006-10-25,454091.06,6335418.78,30,50,29.0,20.0,10.0,114.0,827.0,0.25,4.6,7.34,12.7,0.31,0.005,0.01,0.01,0.01,0.5,,4.7
1,1914,40,2006-10-25,454091.06,6335418.78,-11,0,,,,,,22.0,3.8,358.0,619.0,10.1,0.029,5.84,3.65,0.459,1.3,,86.4
1,1915,47,2007-03-07,470073.87,6335286.79,0,30,25.0,5.0,8.0,97.0,865.0,3.48,5.2,12.6,21.8,0.93,0.029,2.76,0.22,0.095,0.5,,4.81
1,1915,47,2007-03-07,470073.87,6335286.79,30,50,18.0,5.0,7.0,96.0,874.0,1.32,5.6,2.53,4.4,0.2,0.035,0.49,0.03,0.049,0.5,,1.6
1,1916,47,2006-04-26,486056.72,6335154.57,0,30,329.0,240.0,214.0,166.0,51.0,20.0,8.1,9.87,17.1,1.13,0.111,19.1,1.15,0.607,3.2,,22.2
1,1916,47,2006-04-26,486056.72,6335154.57,30,50,321.0,247.0,216.0,163.0,53.0,19.2,8.2,6.61,11.4,0.84,0.03,19.3,1.16,0.298,4.1,,25.0
1,1917,47,2007-10-11,502039.54,6335022.15,0,30,405.0,217.0,181.0,170.0,27.0,25.5,8.1,8.71,15.1,1.13,0.02,26.6,1.02,0.446,13.4,,29.1
1,1917,47,2007-10-11,502039.54,6335022.15,30,50,411.0,225.0,187.0,149.0,28.0,25.4,8.2,5.63,9.7,0.8,0.005,27.0,1.11,0.35,19.7,,22.9
1,1918,47,2007-03-22,518022.38,6334889.62,0,30,132.0,223.0,293.0,131.0,221.0,3.49,4.6,11.7,20.2,0.76,0.028,0.84,0.35,0.191,0.5,,7.68
1,1918,47,2007-03-22,518022.38,6334889.62,30,50,169.0,223.0,280.0,127.0,201.0,3.65,4.6,8.43,14.6,0.56,0.015,0.65,0.3,0.144,0.5,,7.4
1,1919,82,2007-04-17,534005.28,6334756.91,0,30,179.0,227.0,161.0,244.0,189.0,8.47,5.8,7.32,12.7,0.86,0.026,6.84,1.34,0.204,0.5,,13.2
1,1919,82,2007-04-17,534005.28,6334756.91,40,50,218.0,238.0,152.0,214.0,178.0,11.1,6.7,5.09,8.8,0.63,0.005,9.48,1.81,0.186,0.5,,11.7
1,1920,82,2006-12-20,549988.14,6334623.99,0,25,235.0,165.0,127.0,347.0,126.0,14.1,8.2,11.5,19.9,1.02,0.078,15.8,1.06,0.419,48.3,,19.8
1,1920,82,2006-12-20,549988.14,6334623.99,35,50,240.0,171.0,132.0,349.0,108.0,12.4,8.2,13.5,23.4,0.76,0.035,14.3,1.13,0.245,9.1,,16.5
1,1921,82,2007-01-19,565970.99,6334490.87,0,30,285.0,250.0,110.0,136.0,219.0,22.8,8.3,14.6,25.3,1.23,0.005,22.3,1.55,0.32,67.5,,30.7
1,1921,82,2007-01-19,565970.99,6334490.87,30,50,210.0,222.0,87.0,138.0,343.0,18.0,8.5,3.19,5.5,0.37,0.005,18.7,1.22,0.212,60.4,,22.2
1,1922,82,2007-03-20,581953.84,6334357.6,0,25,179.0,161.0,162.0,315.0,183.0,7.73,7.4,7.63,13.2,0.81,0.137,7.32,0.83,0.242,0.5,,10.9
1,1922,82,2007-03-20,581953.84,6334357.6,35,50,228.0,157.0,165.0,282.0,168.0,9.18,7.5,4.69,8.1,0.56,0.068,8.41,1.09,0.213,0.5,,11.0
1,1924,81,2007-04-24,613919.51,6334090.54,0,20,395.0,306.0,131.0,93.0,75.0,17.2,8.3,12.3,21.3,1.18,0.019,18.1,0.68,0.344,347.0,,22.2
1,1924,81,2007-04-24,613919.51,6334090.54,30,50,379.0,304.0,146.0,97.0,74.0,13.3,8.4,4.67,8.1,0.49,0.005,15.1,0.65,0.248,376.0,,14.9
1,1925,81,2007-03-08,629902.24,6333956.74,0,30,143.0,139.0,123.0,231.0,364.0,4.68,6.0,10.8,18.7,1.1,0.051,4.02,0.59,0.172,0.5,,11.6
1,1925,81,2007-03-08,629902.24,6333956.74,30,50,175.0,128.0,113.0,221.0,363.0,4.8,6.0,4.27,7.4,0.53,0.025,3.8,0.54,0.153,0.5,,9.2
1,1926,81,2007-01-16,645884.96,6333822.73,0,30,168.0,148.0,92.0,229.0,363.0,7.41,6.8,12.7,22.0,1.19,0.08,6.43,1.36,0.333,0.5,,13.5
1,1926,81,2007-01-16,645884.96,6333822.73,40,50,197.0,177.0,97.0,197.0,332.0,6.86,6.8,6.07,10.5,0.64,0.018,4.07,0.65,0.453,0.5,,11.2
1,1927,12,2007-05-24,661867.69,6333688.59,0,20,153.0,201.0,122.0,258.0,266.0,8.26,6.4,17.1,29.6,1.67,0.047,7.7,0.94,0.26,0.5,,11.2
1,1928,12,2007-03-27,677850.42,6333554.3,0,30,276.0,227.0,107.0,167.0,223.0,8.96,5.7,38.1,65.9,3.8,0.022,7.25,1.17,0.212,0.5,,25.3
1,1928,12,2007-03-27,677850.42,6333554.3,30,50,244.0,217.0,114.0,141.0,284.0,7.52,6.1,13.2,22.9,1.25,0.005,5.53,1.44,0.096,0.5,,19.6
1,1929,12,2007-10-17,693833.18,6333419.78,0,30,219.0,239.0,84.0,140.0,318.0,8.08,5.9,16.3,28.2,1.68,0.042,6.23,1.75,0.535,0.5,,18.7
1,1930,12,2007-03-27,709815.9,6333285.04,0,30,374.0,219.0,104.0,209.0,94.0,22.7,6.7,42.1,72.8,2.3,0.005,19.0,3.18,0.257,0.5,,21.7
1,1931,30,2008-12-09,725798.6,6333150.11,0,30,464.0,354.0,89.0,57.0,36.0,30.2,7.7,33.4,57.7,3.22,0.014,27.8,3.35,0.382,5.7,,29.8
1,1931,30,2008-12-09,725798.6,6333150.11,30,50,520.0,311.0,85.0,51.0,33.0,27.4,7.8,20.9,36.1,1.91,0.0025,25.6,3.23,0.186,8.7,,27.5
1,1932,30,2006-09-19,741781.26,6333014.94,0,30,177.0,163.0,62.0,87.0,511.0,6.57,4.6,55.2,95.5,2.64,0.009,0.67,0.23,0.143,0.5,,26.3
1,1932,30,2006-09-19,741781.26,6333014.94,30,50,119.0,183.0,66.0,90.0,542.0,3.36,4.9,45.6,79.0,2.12,0.009,0.3,0.11,0.087,0.5,,27.9
1,1932,30,2006-09-19,741781.26,6333014.94,-6,0,,,,,,33.5,5.0,281.0,487.0,13.6,0.088,22.8,3.28,1.21,0.5,,67.6
1,1933,30,2009-01-15,757763.97,6332879.59,0,25,194.0,258.0,142.0,205.0,201.0,8.44,5.2,47.9,82.9,4.46,0.557,5.13,1.38,1.62,0.5,,21.1
1,1933,30,2009-01-15,757763.97,6332879.59,30,50,192.0,301.0,149.0,201.0,157.0,4.55,5.2,20.3,35.1,1.74,0.308,2.12,0.63,1.07,0.5,,17.9
1,1934,30,2007-04-17,773746.66,6332744.14,0,25,304.0,282.0,153.0,177.0,84.0,24.1,7.8,60.3,104.0,3.19,0.013,20.1,4.9,0.396,74.5,,26.6
1,1935,30,2008-11-27,789729.32,6332608.47,0,20,375.0,241.0,181.0,150.0,53.0,23.9,8.0,13.9,24.0,1.37,0.053,24.1,0.71,0.536,7.0,,23.2
1,1935,30,2008-11-27,789729.32,6332608.47,25,50,404.0,252.0,166.0,126.0,52.0,25.9,8.3,9.38,16.2,0.97,0.011,27.1,0.63,0.392,44.0,,25.9
1,1936,30,2006-12-18,805712.0,6332472.54,0,30,426.0,286.0,134.0,46.0,108.0,31.8,8.2,34.6,59.8,2.35,0.005,32.8,0.8,0.442,103.0,,32.6
1,1936,30,2006-12-18,805712.0,6332472.54,30,50,405.0,316.0,153.0,76.0,50.0,24.2,8.5,11.5,19.9,1.01,0.005,25.9,0.44,0.214,247.0,,27.9
1,1937,30,2006-12-19,821694.67,6332336.51,0,30,221.0,177.0,289.0,244.0,69.0,25.3,7.5,32.9,56.9,2.58,0.005,25.5,1.02,0.231,3.4,,25.4
1,1937,30,2006-12-19,821694.67,6332336.51,30,49,446.0,228.0,195.0,112.0,19.0,19.5,7.5,14.6,25.3,1.18,0.005,18.6,0.44,0.105,0.5,,29.8
1,1938,30,2008-12-11,837677.33,6332200.45,0,30,171.0,197.0,204.0,230.0,198.0,10.7,8.3,9.98,17.3,0.94,0.007,12.7,0.78,0.359,218.0,,11.7
1,1938,30,2008-12-11,837677.33,6332200.45,35,50,204.0,191.0,180.0,203.0,222.0,11.6,8.4,7.47,12.9,0.78,0.0025,13.3,1.06,0.274,215.0,,9.2
1,1939,84,2004-05-27,853659.93,6332064.05,0,30,433.0,383.0,96.0,68.0,20.0,26.6,8.39,24.6,42.6,2.56,0.0729,24.8,3.12,0.409,500.0,,27.7
1,1939,84,2004-05-27,853659.93,6332064.05,30,50,446.0,390.0,89.0,57.0,18.0,26.8,8.45,20.3,35.2,2.18,0.0363,24.0,3.3,0.272,511.0,,29.0
1,1940,84,2004-05-26,869642.54,6331927.27,0,30,248.0,175.0,163.0,230.0,184.0,18.5,8.45,10.4,18.0,0.871,0.0196,17.5,1.23,0.317,265.0,,25.5
1,1940,84,2004-05-26,869642.54,6331927.27,30,50,262.0,187.0,162.0,222.0,167.0,18.0,8.5,9.24,16.0,0.782,0.0176,17.1,1.1,0.286,290.0,,22.0
1,1942,84,2007-02-07,901607.67,6331653.57,0,30,290.0,318.0,93.0,87.0,212.0,8.21,5.2,27.5,47.5,1.6,0.005,6.1,0.98,0.183,0.5,,15.6
1,1942,84,2007-02-07,901607.67,6331653.57,30,50,634.0,204.0,46.0,39.0,77.0,19.4,5.4,8.02,13.9,0.56,0.005,14.3,1.28,0.207,0.5,,32.7
1,1943,04,2004-10-07,917590.14,6331516.42,0,25,325.0,338.0,95.0,125.0,117.0,22.5,8.1,18.0,31.2,1.69,0.0205,22.0,0.378,0.224,29.9,,26.7
1,1944,04,2006-11-23,933572.69,6331379.01,0,30,429.0,246.0,143.0,127.0,55.0,39.0,8.2,44.5,77.0,2.24,0.012,42.8,0.97,0.478,229.0,,37.3
1,1944,04,2006-11-23,933572.69,6331379.01,30,50,379.0,302.0,161.0,97.0,61.0,23.4,8.5,13.3,23.0,1.01,0.005,23.9,0.55,0.272,372.0,,29.7
1,1944,04,2006-11-23,933572.69,6331379.01,-2,0,,,,,,97.9,7.4,286.0,495.0,7.68,0.067,95.3,3.47,1.17,40.7,,95.9
1,1945,04,2004-09-16,949555.21,6331241.42,0,25,254.0,311.0,159.0,194.0,82.0,12.6,8.19,14.2,24.6,1.43,0.013,13.4,0.611,0.274,469.0,,17.2
1,1945,04,2004-09-16,949555.21,6331241.42,30,50,272.0,356.0,106.0,209.0,57.0,12.1,8.42,10.2,17.7,1.07,0.0066,12.7,0.709,0.216,475.0,,13.0
1,1946,04,2006-11-16,965537.72,6331103.63,0,30,357.0,332.0,110.0,46.0,155.0,23.3,8.1,29.5,51.1,2.03,0.011,26.0,0.61,0.382,291.0,,24.2
1,1946,04,2006-11-16,965537.72,6331103.63,-6,0,,,,,,93.3,6.7,363.0,628.0,11.6,0.107,88.7,4.28,1.32,63.6,,92.9
1,1947,04,2006-11-14,981520.24,6330965.6,0,30,601.0,264.0,83.0,19.0,33.0,42.7,7.8,54.7,94.6,3.03,0.013,43.8,1.07,0.476,74.6,,36.6
1,1947,04,2006-11-14,981520.24,6330965.6,-3,0,,,,,,86.7,6.5,363.0,629.0,13.5,0.12,77.2,5.78,1.45,3.0,,99.0
1,1948,04,2006-11-09,997502.73,6330827.45,0,30,159.0,235.0,189.0,300.0,117.0,10.3,5.4,37.1,64.1,1.59,0.005,8.91,1.08,0.235,0.5,,17.2
1,1948,04,2006-11-09,997502.73,6330827.45,30,50,153.0,226.0,178.0,298.0,145.0,8.01,6.1,12.3,21.2,0.67,0.005,7.33,0.76,0.159,0.5,,13.0
1,1948,04,2006-11-09,997502.73,6330827.45,-4,0,,,,,,77.5,6.1,373.0,645.0,15.7,0.141,69.3,7.04,2.12,3.0,,95.8
1,1949,06,2006-06-21,1013485.17,6330689.22,0,30,310.0,309.0,151.0,128.0,102.0,14.7,7.0,30.0,52.0,2.47,0.01,13.7,0.76,0.365,0.5,,18.1
1,1949,06,2006-06-21,1013485.17,6330689.22,30,50,319.0,335.0,152.0,122.0,72.0,12.3,7.3,13.4,23.2,1.13,0.007,11.7,0.39,0.209,0.5,,19.0
1,1950,06,2007-05-09,1029467.6,6330550.76,0,30,554.0,256.0,75.0,26.0,89.0,39.2,8.1,41.7,72.2,2.26,0.005,39.8,0.83,0.413,139.0,,29.8
1,1950,06,2007-05-09,1029467.6,6330550.76,30,47,565.0,251.0,70.0,24.0,90.0,31.1,8.1,23.6,40.9,1.47,0.005,33.1,0.56,0.301,130.0,,27.7
1,1950,06,2007-05-09,1029467.6,6330550.76,-10,0,,,,,,88.5,5.8,396.0,685.0,12.1,0.081,80.3,5.97,1.28,4.3,,95.3
1,1951,06,2006-09-12,1045450.08,6330412.03,0,30,147.0,247.0,113.0,164.0,329.0,17.4,6.5,28.0,48.4,2.83,0.012,15.8,1.57,0.106,0.5,,20.0
1,1951,06,2006-09-12,1045450.08,6330412.03,30,50,200.0,213.0,133.0,188.0,266.0,11.9,6.7,10.8,18.7,1.18,0.004,10.6,1.07,0.07,0.5,,16.5
1,1952,06,2006-05-17,1061432.56,6330273.21,0,30,410.0,350.0,126.0,26.0,88.0,26.4,8.0,36.1,62.4,3.38,0.022,26.4,0.38,0.155,61.2,,24.3
1,1952,06,2006-05-17,1061432.56,6330273.21,30,50,405.0,368.0,140.0,35.0,52.0,22.9,8.4,14.9,25.7,1.32,0.023,23.2,0.15,0.104,70.9,,23.0
1,1955,40,2006-10-09,358063.6,6320223.93,0,30,12.0,11.0,1.0,126.0,850.0,0.67,4.5,9.67,16.7,0.29,0.004,0.28,0.12,0.058,0.5,,3.36
1,1955,40,2006-10-09,358063.6,6320223.93,30,50,24.0,13.0,4.0,146.0,813.0,0.25,5.2,7.54,13.0,0.25,0.001,0.1,0.04,0.047,0.5,,4.1
1,1955,40,2006-10-09,358063.6,6320223.93,-3,0,,,,,,7.9,4.6,140.0,243.0,4.69,0.036,4.16,1.89,0.293,0.5,,28.1
1,1956,40,2006-10-12,374046.13,6320093.12,0,30,14.0,12.0,11.0,139.0,824.0,1.29,4.3,12.2,21.1,0.28,0.001,0.34,0.13,0.037,0.5,,3.28
1,1956,40,2006-10-12,374046.13,6320093.12,30,50,22.0,17.0,11.0,234.0,716.0,1.07,4.6,8.54,14.8,0.21,0.001,0.11,0.03,0.025,0.5,,3.8
1,1956,40,2006-10-12,374046.13,6320093.12,-7,0,,,,,,19.3,4.2,243.0,421.0,7.64,0.074,11.1,4.11,0.49,0.5,,55.1
1,1957,40,2006-10-04,390028.77,6319962.12,0,30,12.0,8.0,4.0,76.0,900.0,0.82,4.6,4.83,8.37,0.17,0.001,0.04,0.02,0.021,0.5,,2.84
1,1957,40,2006-10-04,390028.77,6319962.12,30,50,11.0,7.0,1.0,56.0,925.0,0.54,4.9,5.44,9.4,0.22,0.001,0.02,0.01,0.01,0.5,,4.8
1,1957,40,2006-10-04,390028.77,6319962.12,-10,0,,,,,,14.9,4.1,243.0,421.0,6.32,0.037,6.69,3.02,0.294,0.5,,51.7
1,1958,40,2006-10-05,406011.46,6319830.93,0,30,101.0,106.0,99.0,180.0,514.0,3.12,4.7,24.8,42.8,1.07,0.004,0.19,0.1,0.069,0.5,,12.5
1,1958,40,2006-10-05,406011.46,6319830.93,30,50,97.0,116.0,106.0,165.0,516.0,1.81,4.8,18.0,31.2,0.74,0.001,0.05,0.03,0.033,0.5,,12.2
1,1958,40,2006-10-05,406011.46,6319830.93,-3,0,,,,,,20.2,4.3,279.0,483.0,8.72,0.037,11.6,3.73,0.832,0.5,,68.3
1,1959,40,2006-10-16,421994.05,6319699.51,0,30,27.0,13.0,18.0,51.0,891.0,0.85,4.9,4.47,7.7,0.27,0.016,0.13,0.04,0.024,0.5,,2.74
1,1959,40,2006-10-16,421994.05,6319699.51,30,50,42.0,22.0,24.0,54.0,858.0,0.25,5.0,2.24,3.9,0.2,0.023,0.07,0.03,0.026,0.5,,4.4
1,1960,40,2006-10-17,437976.6,6319567.9,0,30,245.0,166.0,64.0,161.0,364.0,8.1,5.7,11.7,20.2,1.0,0.146,7.11,0.81,0.154,1.4,,12.9
1,1960,40,2006-10-17,437976.6,6319567.9,30,50,298.0,216.0,77.0,107.0,302.0,11.6,6.9,5.31,9.2,0.68,0.124,11.2,0.8,0.127,1.3,,16.1
1,1961,32,2006-05-30,453959.18,6319436.09,0,20,148.0,146.0,172.0,303.0,231.0,5.96,6.1,13.1,22.7,1.18,0.056,5.61,0.57,0.4,0.5,,12.6
1,1961,32,2006-05-30,453959.18,6319436.09,30,50,207.0,182.0,173.0,254.0,184.0,5.25,6.5,4.57,7.9,0.49,0.032,4.88,0.46,0.312,0.5,,11.0
1,1962,32,2006-05-10,469941.81,6319304.09,0,30,155.0,155.0,109.0,205.0,376.0,5.65,6.5,4.88,8.4,0.52,0.019,3.98,0.84,0.254,0.5,,7.79
1,1962,32,2006-05-10,469941.81,6319304.09,30,50,197.0,179.0,109.0,190.0,325.0,5.32,6.8,2.49,4.3,0.32,0.009,4.73,0.72,0.199,0.5,,10.0
1,1963,32,2006-05-23,485924.51,6319171.88,0,20,483.0,243.0,126.0,83.0,65.0,32.5,8.2,21.7,37.6,2.42,0.034,34.2,1.22,0.394,54.6,,35.0
1,1963,32,2006-05-23,485924.51,6319171.88,30,50,449.0,293.0,125.0,82.0,51.0,32.1,8.2,13.9,24.1,1.67,0.008,34.6,0.99,0.277,46.8,,38.0
1,1964,32,2006-06-29,501907.22,6319039.49,0,20,439.0,248.0,183.0,84.0,46.0,25.9,8.0,13.4,23.1,1.61,0.053,26.7,1.11,0.443,6.2,,29.5
1,1964,32,2006-06-29,501907.22,6319039.49,30,50,460.0,245.0,161.0,89.0,45.0,25.9,8.2,5.17,8.9,0.73,0.008,26.8,1.05,0.292,3.4,,34.0
1,1965,32,2007-01-24,517889.89,6318906.97,0,30,474.0,251.0,155.0,90.0,30.0,41.2,8.2,30.2,52.3,2.56,0.005,35.1,2.08,0.443,84.2,,36.6
1,1965,32,2007-01-24,517889.89,6318906.97,30,50,455.0,270.0,162.0,81.0,32.0,30.3,8.3,9.83,17.0,1.01,0.005,31.1,1.19,0.286,85.0,,35.2
1,1966,82,2007-04-11,533872.57,6318774.23,0,25,180.0,276.0,330.0,142.0,72.0,6.28,5.2,8.78,15.2,0.95,0.075,4.79,0.95,0.269,0.5,,10.48
1,1966,82,2007-04-11,533872.57,6318774.23,30,50,206.0,275.0,332.0,120.0,67.0,7.88,6.5,4.99,8.6,0.6,0.018,6.55,1.23,0.115,0.5,,11.0
1,1967,82,2007-03-23,549855.23,6318641.29,0,30,222.0,272.0,374.0,102.0,30.0,7.29,4.4,17.7,30.7,1.36,0.013,3.87,1.28,0.257,0.5,,15.5
1,1967,82,2007-03-23,549855.23,6318641.29,30,50,263.0,260.0,374.0,72.0,31.0,8.32,4.6,7.75,13.4,0.65,0.005,4.18,2.49,0.159,0.5,,14.1
1,1968,82,2007-11-08,565837.87,6318508.21,0,30,211.0,240.0,239.0,192.0,118.0,7.74,7.3,7.77,13.4,0.87,0.032,7.49,1.05,0.145,0.5,,11.82
1,1968,82,2007-11-08,565837.87,6318508.21,30,50,260.0,241.0,227.0,171.0,101.0,7.32,6.9,4.57,7.9,0.62,0.021,6.96,1.08,0.133,0.5,,16.3
1,1969,82,2007-02-01,581820.53,6318374.99,0,25,391.0,356.0,112.0,82.0,59.0,24.0,8.4,9.39,16.3,1.15,0.033,23.4,1.45,0.447,83.9,,25.8
1,1969,82,2007-02-01,581820.53,6318374.99,30,50,374.0,388.0,103.0,80.0,55.0,23.0,8.4,2.21,3.8,0.44,0.005,23.4,1.58,0.276,90.3,,44.1
1,1970,81,2007-04-19,597803.21,6318241.59,0,25,316.0,155.0,90.0,157.0,282.0,18.2,5.4,9.87,17.1,1.08,0.039,13.8,4.0,0.447,0.5,,21.67
1,1970,81,2007-04-19,597803.21,6318241.59,35,50,366.0,163.0,123.0,159.0,189.0,23.5,6.0,5.7,9.9,0.66,0.012,16.8,5.18,0.306,0.5,,24.7
1,1971,81,2006-12-21,613785.88,6318107.96,0,25,476.0,193.0,129.0,132.0,70.0,30.9,7.9,13.2,22.8,1.39,0.014,31.5,1.91,0.318,2.6,,46.5
1,1971,81,2006-12-21,613785.88,6318107.96,30,50,488.0,197.0,129.0,115.0,71.0,29.3,8.1,8.59,14.9,1.02,0.005,28.4,1.9,0.306,3.6,,39.6
1,1972,81,2007-07-12,629768.42,6317974.1,0,30,315.0,142.0,110.0,276.0,157.0,20.9,7.9,15.5,26.8,1.06,0.005,16.1,5.92,0.41,38.1,,23.1
1,1973,81,2006-04-03,645750.92,6317840.07,0,30,269.0,232.0,136.0,197.0,166.0,6.61,5.6,20.3,35.1,1.98,0.014,6.08,0.59,0.13,0.5,,16.4
1,1973,81,2006-04-03,645750.92,6317840.07,30,50,276.0,228.0,131.0,181.0,184.0,5.46,5.4,11.7,20.2,1.18,0.006,3.57,0.38,0.107,0.5,,15.0
1,1974,12,2007-02-20,661733.46,6317705.89,0,30,170.0,332.0,180.0,118.0,200.0,4.89,4.9,25.3,43.7,2.11,0.016,1.49,0.77,0.431,0.5,,17.7
1,1974,12,2007-02-20,661733.46,6317705.89,30,50,181.0,345.0,181.0,121.0,172.0,3.4,4.7,16.2,28.1,1.4,0.005,0.33,0.21,0.161,0.5,,19.1
1,1975,12,2007-04-04,677716.03,6317571.6,0,30,238.0,255.0,140.0,127.0,240.0,8.45,5.4,14.6,25.3,1.44,0.021,6.37,1.68,0.228,0.5,,16.0
1,1976,12,2006-12-06,693698.55,6317437.08,0,30,328.0,253.0,77.0,126.0,216.0,15.0,8.1,29.5,51.0,1.77,0.005,11.3,5.63,0.61,236.0,,23.8
1,1977,12,2007-10-18,709681.07,6317302.32,0,30,202.0,385.0,150.0,168.0,95.0,29.7,7.9,58.2,101.0,4.34,0.037,26.5,3.81,0.18,155.0,,31.0
1,1977,12,2007-10-18,709681.07,6317302.32,30,50,256.0,387.0,96.0,141.0,120.0,24.7,8.0,37.0,64.1,2.69,0.027,23.9,3.23,0.124,174.0,,24.9
1,1978,12,2007-10-18,725663.59,6317167.36,0,18,330.0,432.0,140.0,61.0,37.0,34.9,7.7,71.2,123.0,6.79,0.014,35.9,0.77,0.201,26.3,,44.3
1,1979,30,2006-12-14,741646.05,6317032.21,0,29,466.0,192.0,87.0,98.0,157.0,29.9,7.7,47.1,81.6,4.23,0.025,29.8,1.02,0.546,3.4,,31.8
1,1980,34,2006-09-20,757628.6,6316896.97,0,30,448.0,253.0,107.0,94.0,98.0,26.2,8.0,26.85,46.5,1.93,0.012,27.4,0.68,0.248,27.0,,32.5
1,1980,34,2006-09-20,757628.6,6316896.97,30,50,436.0,237.0,121.0,105.0,101.0,27.3,7.8,32.5,56.2,2.19,0.02,27.9,0.86,0.292,13.8,,29.8
1,1980,34,2006-09-20,757628.6,6316896.97,-2,0,,,,,,89.0,7.0,344.0,594.0,12.6,0.157,85.7,4.68,1.21,7.4,,91.7
1,1981,30,2008-12-10,773611.09,6316761.54,0,30,354.0,227.0,144.0,172.0,103.0,31.0,7.9,38.2,66.1,3.48,0.008,32.1,1.13,0.403,59.9,,27.5
1,1982,30,2008-11-25,789593.51,6316625.87,0,30,324.0,294.0,219.0,115.0,48.0,18.3,8.41,8.07,14.0,1.03,0.03,19.6,0.515,0.441,416.0,,18.4
1,1982,30,2008-11-25,789593.51,6316625.87,30,50,327.0,292.0,218.0,114.0,49.0,18.9,8.44,6.58,11.4,0.899,0.009,20.5,0.361,0.292,414.0,,22.5
1,1983,30,2008-11-26,805576.0,6316490.04,0,30,186.0,140.0,261.0,305.0,108.0,11.5,7.94,6.79,11.7,0.736,0.091,12.3,0.843,0.302,2.72,,11.99
1,1983,30,2008-11-26,805576.0,6316490.04,34,50,200.0,144.0,253.0,289.0,114.0,11.1,7.49,5.04,8.71,0.61,0.062,10.3,0.77,0.262,0.5,,13.5
1,1984,30,2006-11-13,821558.51,6316354.06,0,30,331.0,198.0,245.0,189.0,37.0,26.4,7.7,51.7,89.5,3.22,0.014,27.1,0.71,0.192,13.7,,33.6
1,1985,30,2008-12-18,837541.01,6316217.98,0,30,162.0,103.0,113.0,205.0,417.0,10.6,8.2,12.5,21.6,1.11,0.015,12.9,0.35,0.254,148.0,,11.9
1,1985,30,2008-12-18,837541.01,6316217.98,30,50,158.0,105.0,121.0,202.0,414.0,10.2,8.4,9.2,15.9,0.86,0.007,12.9,0.31,0.184,158.0,,8.1
1,1986,84,2004-05-25,853523.4,6316081.54,0,30,207.0,110.0,82.0,312.0,289.0,13.5,8.34,12.3,21.3,1.22,0.0905,12.7,0.812,0.506,212.0,,14.7
1,1986,84,2004-05-25,853523.4,6316081.54,30,40,208.0,106.0,80.0,293.0,313.0,13.7,8.34,9.85,17.0,1.04,0.0936,13.2,0.84,0.398,213.0,,16.0
1,1987,84,2007-02-13,869505.85,6315944.81,0,30,209.0,76.0,48.0,178.0,489.0,30.6,8.2,37.7,65.2,2.3,0.026,31.6,1.31,0.187,219.0,,26.7
1,1987,84,2007-02-13,869505.85,6315944.81,-3,0,,,,,,79.2,7.3,202.0,349.0,9.04,0.076,76.0,4.09,0.477,57.3,,63.7
1,1988,84,2004-06-09,885488.35,6315808.01,0,30,419.0,235.0,162.0,132.0,52.0,25.2,8.41,11.9,20.6,1.16,0.017,24.3,1.28,1.11,222.0,,34.8
1,1988,84,2004-06-09,885488.35,6315808.01,30,50,418.0,230.0,162.0,139.0,51.0,24.6,8.48,12.6,21.7,0.853,0.0106,24.1,1.44,0.933,194.0,,36.0
1,1989,84,2007-02-08,901470.63,6315671.11,0,30,130.0,25.0,41.0,498.0,306.0,7.34,5.5,9.43,16.3,0.32,0.005,6.99,0.48,0.204,0.5,,13.3
1,1989,84,2007-02-08,901470.63,6315671.11,30,50,173.0,30.0,32.0,440.0,325.0,10.2,6.3,2.1,3.6,0.12,0.005,10.2,0.42,0.258,0.5,,14.6
1,1989,84,2007-02-08,901470.63,6315671.11,-7,0,,,,,,41.2,5.0,290.0,502.0,8.6,0.042,34.0,2.97,0.931,0.5,,72.8
1,1990,04,2004-11-18,917452.9,6315533.97,0,25,249.0,191.0,192.0,239.0,129.0,19.5,8.29,13.3,23.0,1.25,0.0491,18.4,0.78,0.644,445.0,,19.7
1,1990,04,2004-11-18,917452.9,6315533.97,30,50,277.0,175.0,183.0,235.0,130.0,22.2,8.48,9.68,16.7,0.902,0.014,21.2,0.757,0.379,387.0,,18.0
1,1991,04,2004-09-15,933435.26,6315396.54,0,25,326.0,374.0,179.0,107.0,14.0,17.0,8.3,13.6,23.5,1.51,0.0525,16.5,0.775,1.22,371.0,,16.1
1,1991,04,2004-09-15,933435.26,6315396.54,30,50,346.0,383.0,169.0,90.0,12.0,17.1,8.35,10.8,18.6,1.18,0.0335,16.6,0.777,0.92,372.0,,18.0
1,1992,04,2004-10-05,949417.6,6315258.94,0,24,326.0,231.0,132.0,110.0,201.0,22.1,8.25,14.4,25.0,1.34,0.0573,21.7,0.306,0.254,412.0,,21.4
1,1992,04,2004-10-05,949417.6,6315258.94,27,40,317.0,227.0,133.0,111.0,212.0,20.7,8.32,14.5,25.1,1.23,0.038,21.2,0.267,0.219,429.0,,19.0
1,1993,04,2006-11-15,965399.92,6315121.18,0,30,503.0,246.0,47.0,15.0,189.0,54.6,7.8,72.2,125.0,6.66,0.027,55.2,0.8,0.397,152.0,,45.3
1,1993,04,2006-11-15,965399.92,6315121.18,-3,0,,,,,,82.7,6.9,251.0,433.0,15.7,0.104,78.1,4.5,0.996,11.4,,87.5
1,1994,04,2005-04-25,981382.23,6314983.21,0,30,378.0,428.0,123.0,27.0,44.0,21.9,8.23,28.3,49.0,2.87,0.037,20.7,0.991,0.354,508.0,,26.2
1,1994,04,2005-04-25,981382.23,6314983.21,30,50,362.0,416.0,129.0,24.0,69.0,16.4,8.45,11.5,19.9,1.22,0.006,15.6,0.714,0.297,546.0,,18.0
1,1995,06,2006-11-07,997364.53,6314845.11,0,30,358.0,249.0,150.0,128.0,115.0,27.2,8.1,34.9,60.4,1.76,0.005,28.6,0.66,0.364,367.0,,26.7
1,1995,06,2006-11-07,997364.53,6314845.11,30,50,369.0,245.0,148.0,112.0,126.0,20.6,8.2,12.0,20.8,0.88,0.005,22.6,0.46,0.311,404.0,,22.8
1,1995,06,2006-11-07,997364.53,6314845.11,-5,0,,,,,,96.1,6.6,377.0,652.0,11.4,0.066,93.6,4.21,0.934,22.8,,98.7
1,1996,06,2006-08-22,1013346.8,6314706.88,0,30,395.0,212.0,212.0,97.0,84.0,27.3,8.3,25.5,44.2,2.42,0.01,27.9,1.43,0.668,288.0,,36.7
1,1996,06,2006-08-22,1013346.8,6314706.88,30,50,371.0,227.0,217.0,114.0,71.0,22.5,8.5,9.4,16.3,0.8,0.006,22.7,1.33,0.463,321.0,,34.6
1,1997,06,2007-05-10,1029329.05,6314568.44,0,30,456.0,204.0,171.0,131.0,38.0,33.6,7.5,38.6,66.7,2.17,0.005,32.6,1.2,0.534,3.4,,29.6
1,1997,06,2007-05-10,1029329.05,6314568.44,30,50,484.0,191.0,165.0,125.0,35.0,27.3,7.3,8.44,14.6,0.61,0.005,26.3,0.77,0.341,1.3,,25.4
1,1998,06,2006-05-18,1045311.36,6314429.76,0,15,436.0,230.0,142.0,98.0,94.0,25.3,8.1,26.8,46.3,2.74,0.296,22.5,2.22,1.82,202.0,,29.2
1,1998,06,2006-05-18,1045311.36,6314429.76,17,50,440.0,229.0,129.0,97.0,105.0,22.7,8.2,16.0,27.8,1.63,0.097,21.9,1.47,0.843,190.0,,28.0
1,1999,06,2006-06-19,1061293.67,6314290.91,0,20,465.0,184.0,144.0,141.0,66.0,40.8,7.8,76.7,133.0,5.87,0.021,39.0,4.48,0.553,101.0,,42.9
1,2001,40,2006-10-11,357932.8,6304241.51,0,30,27.0,20.0,10.0,117.0,826.0,1.11,4.9,9.07,15.7,0.283,0.001,0.11,0.06,0.031,0.5,,4.89
1,2001,40,2006-10-11,357932.8,6304241.51,30,50,33.0,25.0,4.0,122.0,816.0,0.25,5.0,10.25,17.8,0.332,0.001,0.04,0.02,0.024,0.5,,7.2
1,2001,40,2006-10-11,357932.8,6304241.51,-5,0,,,,,,12.1,4.4,191.0,331.0,5.6,0.034,6.14,2.67,0.237,0.5,,55.0
1,2002,40,2006-10-16,373915.15,6304110.69,0,30,24.0,13.0,2.0,198.0,763.0,1.49,4.4,14.4,24.9,0.56,0.006,0.17,0.09,0.04,0.5,,5.42
1,2002,40,2006-10-16,373915.15,6304110.69,30,50,22.0,5.0,1.0,128.0,844.0,0.51,4.9,9.68,16.8,0.36,0.001,0.02,0.01,0.021,0.5,,5.7
1,2003,40,2006-12-14,389897.6,6303979.69,0,20,172.0,171.0,95.0,234.0,328.0,7.83,6.4,9.4,16.3,0.88,0.083,6.54,0.61,0.25,1.2,,13.0
1,2003,40,2006-12-14,389897.6,6303979.69,25,50,269.0,215.0,104.0,151.0,261.0,9.34,7.0,3.77,6.5,0.46,0.005,8.28,0.66,0.104,0.5,,12.2
1,2004,40,2008-04-10,405880.09,6303848.48,0,30,121.0,173.0,103.0,160.0,443.0,4.34,6.2,6.51,11.3,0.72,0.09,2.94,0.54,0.261,0.5,,8.01
1,2005,40,2006-10-20,421862.54,6303717.06,0,30,70.0,113.0,62.0,226.0,529.0,5.21,5.9,10.8,18.7,0.88,0.006,4.24,0.46,0.062,0.5,,9.0
1,2005,40,2006-10-20,421862.54,6303717.06,30,50,25.0,45.0,22.0,106.0,802.0,2.39,6.2,3.57,6.2,0.27,0.003,1.97,0.17,0.041,0.5,,4.0
1,2006,40,2007-10-02,437844.94,6303585.42,0,30,128.0,406.0,324.0,104.0,38.0,3.16,4.2,19.8,34.3,1.07,0.005,0.27,0.2,0.064,0.5,,10.5
1,2006,40,2007-10-02,437844.94,6303585.42,30,50,125.0,403.0,334.0,103.0,35.0,1.84,4.4,8.89,15.4,0.52,0.005,0.07,0.07,0.026,0.5,,6.2
1,2007,32,2007-12-04,453827.31,6303453.57,0,20,95.0,136.0,148.0,307.0,314.0,2.86,5.1,6.8,11.8,0.71,0.075,1.9,0.21,0.23,0.5,,7.03
1,2007,32,2007-12-04,453827.31,6303453.57,30,50,121.0,135.0,143.0,317.0,284.0,3.22,5.5,3.01,5.2,0.36,0.027,2.36,0.26,0.218,0.5,,5.5
1,2008,32,2007-03-14,469809.74,6303321.54,0,30,114.0,230.0,124.0,195.0,337.0,2.4,4.4,16.2,28.0,0.86,0.005,0.25,0.16,0.112,0.5,,7.69
1,2008,32,2007-03-14,469809.74,6303321.54,30,50,119.0,230.0,130.0,154.0,367.0,1.6,4.5,5.67,9.8,0.3,0.005,0.07,0.05,0.049,0.5,,6.0
1,2009,32,2006-06-13,485792.27,6303189.35,0,25,368.0,292.0,170.0,101.0,69.0,13.6,7.4,8.44,14.6,1.08,0.024,12.6,1.21,0.385,0.5,,23.8
1,2009,32,2006-06-13,485792.27,6303189.35,35,50,450.0,270.0,131.0,78.0,71.0,16.2,8.0,3.07,5.3,0.57,0.003,15.3,1.7,0.209,0.5,,24.0
1,2010,32,2006-10-25,501774.84,6303056.98,0,30,458.0,288.0,113.0,79.0,62.0,21.7,8.2,9.97,17.2,1.21,0.018,22.4,2.23,0.308,9.7,,29.9
1,2010,32,2006-10-25,501774.84,6303056.98,35,50,510.0,291.0,90.0,62.0,47.0,22.5,8.3,3.38,5.9,0.76,0.005,22.0,3.21,0.21,17.1,,28.8
1,2011,32,2006-05-03,517757.36,6302924.47,0,25,429.0,258.0,120.0,120.0,73.0,22.5,8.3,9.62,16.6,1.16,0.016,23.5,0.98,0.284,123.0,,36.6
1,2011,32,2006-05-03,517757.36,6302924.47,35,50,480.0,304.0,81.0,63.0,72.0,23.0,8.56,2.73,4.73,0.575,0.0025,24.1,1.15,0.233,282.0,,31.2
1,2012,82,2007-04-26,533739.84,6302791.73,0,25,398.0,257.0,170.0,115.0,60.0,23.5,8.2,10.3,17.9,1.23,0.023,24.7,0.8,0.359,38.4,,27.5
1,2012,82,2007-04-26,533739.84,6302791.73,30,50,399.0,253.0,189.0,99.0,60.0,23.0,8.2,8.63,14.9,1.03,0.012,22.8,0.72,0.271,38.8,,21.7
1,2013,31,2007-03-21,549722.31,6302658.81,0,30,318.0,187.0,211.0,212.0,72.0,13.7,5.1,14.7,25.5,1.07,0.005,7.98,3.31,0.252,0.5,,25.1
1,2013,31,2007-03-21,549722.31,6302658.81,30,50,420.0,185.0,200.0,145.0,50.0,19.2,5.4,4.7,8.1,0.51,0.005,11.6,4.47,0.259,0.5,,24.0
1,2014,82,2007-01-18,565704.77,6302525.74,0,30,138.0,230.0,363.0,155.0,114.0,5.22,5.4,8.36,14.5,0.78,0.022,4.0,0.82,0.12,0.5,,12.85
1,2014,82,2007-01-18,565704.77,6302525.74,30,50,164.0,235.0,353.0,137.0,111.0,6.11,6.1,4.87,8.4,0.53,0.012,5.21,1.06,0.09,1.2,,11.7
1,2015,31,2007-11-22,581687.21,6302392.5,0,30,322.0,249.0,155.0,165.0,109.0,14.0,6.0,11.8,20.4,1.21,0.031,10.8,3.27,0.384,0.5,,25.4
1,2016,81,2006-09-07,597669.69,6302259.11,0,25,182.0,371.0,192.0,166.0,89.0,7.03,6.3,8.84,15.3,0.93,0.067,5.95,0.87,0.447,0.5,,12.7
1,2016,81,2006-09-07,597669.69,6302259.11,35,50,206.0,379.0,183.0,149.0,83.0,7.57,6.8,5.55,9.6,0.7,0.044,6.45,1.18,0.223,0.5,,11.2
1,2017,81,2006-03-16,613652.17,6302125.52,0,30,234.0,189.0,129.0,102.0,346.0,12.7,5.8,21.4,37.0,2.0,0.021,11.2,1.42,0.201,0.5,,17.3
1,2017,81,2006-03-16,613652.17,6302125.52,30,50,204.0,177.0,109.0,110.0,400.0,9.97,6.2,6.34,11.0,0.65,0.004,8.73,1.09,0.143,0.5,,15.0
1,2018,81,2007-10-04,629634.55,6301991.66,0,20,478.0,273.0,107.0,83.0,59.0,34.5,7.9,29.2,50.5,3.12,0.112,34.3,1.38,0.423,247.0,,31.5
1,2019,81,2006-02-24,645616.87,6301857.61,0,25,327.0,258.0,120.0,77.0,218.0,7.21,5.7,16.7,28.8,1.84,0.062,6.59,0.64,0.388,0.5,,21.3
1,2019,81,2006-02-24,645616.87,6301857.61,35,50,372.0,227.0,85.0,72.0,244.0,7.0,6.0,6.02,10.4,0.86,0.013,5.87,0.82,0.295,0.5,,19.0
1,2020,81,2006-04-25,661599.23,6301723.44,0,30,274.0,304.0,113.0,97.0,212.0,11.0,6.0,44.8,77.5,4.32,0.045,10.2,1.16,0.233,0.5,,20.5
1,2021,12,2006-12-05,677581.59,6301589.11,0,30,195.0,278.0,165.0,132.0,230.0,9.39,6.2,18.6,32.2,1.57,0.005,8.81,0.9,0.253,1.2,,17.0
1,2021,12,2006-12-05,677581.59,6301589.11,30,50,224.0,297.0,178.0,124.0,177.0,8.89,6.5,3.14,5.4,0.53,0.005,8.68,0.77,0.167,0.5,,14.8
1,2022,12,2006-12-07,693563.89,6301454.58,0,30,330.0,343.0,118.0,99.0,110.0,22.4,7.6,45.6,79.0,3.89,0.021,17.5,5.66,0.21,12.7,,24.6
1,2023,34,2008-07-23,709546.21,6301319.83,0,30,298.0,210.0,109.0,243.0,140.0,13.7,8.1,22.2,38.4,1.81,0.008,10.6,4.94,0.336,510.0,,17.0
1,2024,34,2006-12-12,725528.54,6301184.84,0,30,334.0,380.0,154.0,31.0,101.0,25.7,8.2,62.8,109.0,4.05,0.011,18.8,8.28,0.517,285.0,,26.4
1,2025,34,2008-07-22,741510.83,6301049.72,0,20,281.0,337.0,117.0,91.0,174.0,19.9,8.0,29.1,50.3,2.63,0.006,21.1,0.67,0.283,15.9,,25.9
1,2026,34,2006-09-21,757493.23,6300914.57,0,20,610.0,200.0,108.0,67.0,15.0,38.4,7.3,62.7,108.0,4.49,0.018,37.5,1.28,0.442,1.5,,38.6
1,2027,34,2006-09-21,773475.56,6300779.16,0,30,185.0,297.0,176.0,211.0,131.0,13.1,8.3,17.1,29.5,1.17,0.004,15.4,0.38,0.203,672.0,,16.6
1,2027,34,2006-09-21,773475.56,6300779.16,30,50,189.0,341.0,168.0,179.0,123.0,11.7,8.5,10.4,18.0,0.8,0.001,13.9,0.29,0.154,675.0,,13.9
1,2028,30,2008-12-17,789457.78,6300643.53,0,30,271.0,210.0,176.0,201.0,142.0,22.5,8.2,14.3,24.7,1.28,0.022,24.0,0.94,0.488,335.0,,24.5
1,2028,30,2008-12-17,789457.78,6300643.53,30,50,277.0,215.0,168.0,201.0,139.0,22.2,8.3,11.4,19.7,0.96,0.013,24.0,0.74,0.387,347.0,,19.4
1,2029,30,2008-11-17,805440.03,6300507.76,0,30,311.0,225.0,179.0,159.0,126.0,20.2,8.23,18.5,32.0,1.56,0.06,20.6,0.926,0.881,240.0,,23.3
1,2030,30,2008-11-18,821422.33,6300371.76,0,30,160.0,134.0,220.0,241.0,245.0,9.26,7.14,13.4,23.2,1.06,0.051,7.68,1.5,0.331,1.5,,13.5
1,2030,30,2008-11-18,821422.33,6300371.76,30,50,181.0,129.0,217.0,237.0,236.0,6.95,6.47,6.79,11.8,0.554,0.032,5.32,1.18,0.222,0.5,,12.5
1,2031,13,2003-11-20,837404.65,6300235.59,0,30,301.0,495.0,156.0,42.0,6.0,13.2,8.4,12.5,21.6,1.35,0.0746,12.1,1.6,0.666,409.0,,15.2
1,2031,13,2003-11-20,837404.65,6300235.59,30,50,321.0,490.0,148.0,35.0,6.0,12.9,8.45,9.26,16.0,1.13,0.0379,11.8,1.87,0.459,415.0,,10.0
1,2032,13,2004-01-13,853386.9,6300099.18,0,25,240.0,187.0,177.0,181.0,215.0,15.8,8.28,11.8,20.4,1.17,0.0529,14.9,0.913,0.664,282.0,,18.9
1,2032,13,2004-01-13,853386.9,6300099.18,30,50,225.0,176.0,163.0,189.0,247.0,15.1,8.29,10.6,18.4,0.946,0.0282,14.3,1.02,0.454,310.0,,13.0
1,2033,84,2004-02-19,869369.17,6299962.57,0,30,169.0,146.0,128.0,304.0,253.0,11.5,8.34,12.7,22.0,0.996,0.141,10.3,1.17,0.88,218.0,,13.8
1,2033,84,2004-02-19,869369.17,6299962.57,35,50,187.0,177.0,151.0,277.0,208.0,11.9,8.4,8.27,14.3,0.774,0.0662,10.6,1.14,0.96,267.0,,10.0
1,2034,84,2007-02-06,885351.43,6299825.78,0,30,477.0,340.0,109.0,44.0,30.0,61.6,7.9,108.0,187.0,7.06,0.044,61.8,1.95,0.421,39.1,,51.9
1,2035,84,2004-02-18,901333.61,6299688.82,0,30,200.0,151.0,110.0,247.0,292.0,12.0,8.46,7.8,13.5,0.637,0.0361,11.8,0.335,0.689,451.0,,15.1
1,2035,84,2004-02-18,901333.61,6299688.82,30,50,185.0,154.0,114.0,246.0,301.0,10.6,8.48,4.1,7.09,0.501,0.0163,11.3,0.238,0.342,507.0,,10.0
1,2036,84,2006-11-24,917315.72,6299551.67,0,30,167.0,182.0,117.0,206.0,328.0,11.7,8.5,13.6,23.5,1.02,0.005,13.5,0.27,0.173,739.0,,14.4
1,2036,84,2006-11-24,917315.72,6299551.67,30,50,231.0,287.0,126.0,141.0,215.0,10.4,8.7,6.76,11.7,0.49,0.005,13.2,0.23,0.138,714.0,,13.8
1,2037,04,2004-10-12,933297.88,6299414.27,0,24,257.0,338.0,216.0,130.0,59.0,14.8,8.27,11.7,20.3,1.16,0.0269,14.7,0.694,0.433,473.0,,18.9
1,2037,04,2004-10-12,933297.88,6299414.27,26,50,264.0,338.0,230.0,121.0,47.0,14.5,8.34,9.08,15.7,0.986,0.0146,14.8,0.761,0.319,469.0,,15.0
1,2038,04,2004-09-20,949280.03,6299276.7,0,27,270.0,305.0,180.0,169.0,76.0,15.8,8.2,11.6,20.1,1.14,0.0289,16.4,0.418,0.741,481.0,,23.6
1,2038,04,2004-09-20,949280.03,6299276.7,31,50,275.0,305.0,174.0,167.0,79.0,15.6,8.4,8.24,14.2,0.8,0.0178,16.2,0.42,0.653,490.0,,19.0
1,2040,83,2007-03-13,981244.26,6299001.02,0,30,456.0,150.0,153.0,211.0,30.0,44.4,7.9,47.5,82.2,2.72,0.012,42.7,0.91,0.595,36.8,,40.9
1,2040,83,2007-03-13,981244.26,6299001.02,30,50,467.0,151.0,162.0,207.0,13.0,36.7,8.2,9.43,16.3,0.73,0.005,36.2,0.6,0.422,36.8,,42.2
1,2041,83,2007-03-15,997226.35,6298862.95,0,30,455.0,234.0,151.0,108.0,52.0,31.7,6.7,49.1,84.9,3.03,0.005,29.8,1.58,0.322,0.5,,35.2
1,2041,83,2007-03-15,997226.35,6298862.95,30,50,578.0,190.0,113.0,69.0,50.0,32.6,7.4,20.7,35.7,1.69,0.005,32.4,0.81,0.262,1.7,,41.8
1,2042,06,2007-03-21,1013208.43,6298724.73,0,30,464.0,321.0,136.0,59.0,20.0,56.0,7.6,85.0,147.0,6.23,0.019,53.9,2.85,0.498,14.1,,47.3
1,2043,06,2007-03-20,1029190.52,6298586.32,0,30,608.0,125.0,61.0,121.0,85.0,49.2,7.7,35.3,61.1,2.31,0.005,46.3,5.39,0.594,16.6,,44.5
1,2043,06,2007-03-20,1029190.52,6298586.32,30,50,603.0,119.0,65.0,120.0,93.0,46.8,7.9,18.6,32.1,1.41,0.005,46.6,3.84,0.475,24.5,,43.1
1,2044,06,2006-07-12,1045172.63,6298447.69,0,30,246.0,109.0,77.0,283.0,285.0,19.5,8.1,31.0,53.6,2.64,0.013,19.7,1.0,0.343,101.0,,20.6
1,2046,40,2007-04-17,341819.89,6288389.93,0,30,16.0,5.0,10.0,113.0,856.0,1.2,4.3,6.55,11.3,0.19,0.005,0.17,0.11,0.032,0.5,,2.05
1,2046,40,2007-04-17,341819.89,6288389.93,30,50,12.0,5.0,3.0,77.0,903.0,0.5,4.5,2.38,4.1,0.1,0.005,0.02,0.03,0.01,0.5,,0.6
1,2047,40,2007-04-18,357802.0,6288259.26,0,20,108.0,148.0,163.0,186.0,395.0,3.83,5.9,8.38,14.5,0.76,0.084,2.36,0.31,0.428,0.5,,7.56
1,2047,40,2007-04-18,357802.0,6288259.26,25,50,134.0,160.0,161.0,167.0,378.0,4.43,6.2,6.34,11.0,0.58,0.017,3.09,0.46,0.336,0.5,,6.3
1,2048,40,2006-06-02,373784.16,6288128.42,0,25,170.0,180.0,195.0,379.0,76.0,6.6,6.1,10.4,18.0,1.23,0.08,7.64,0.4,0.35,1.0,,10.85
1,2048,40,2006-06-02,373784.16,6288128.42,30,52,171.0,190.0,204.0,358.0,77.0,6.81,8.2,5.16,8.9,0.52,0.015,8.88,0.2,0.149,4.8,,10.0
1,2049,40,2006-05-30,389766.43,6287997.38,0,30,205.0,344.0,306.0,103.0,42.0,6.9,5.3,16.7,28.9,1.69,0.036,6.38,0.51,0.09,0.5,,12.29
1,2049,40,2006-05-30,389766.43,6287997.38,30,50,214.0,340.0,310.0,101.0,35.0,8.19,6.6,7.99,13.8,0.82,0.006,8.42,0.14,0.067,0.5,,13.0
1,2050,40,2006-03-23,405748.75,6287866.17,0,28,143.0,310.0,290.0,168.0,89.0,6.04,6.4,8.04,13.9,0.82,0.089,4.78,1.0,0.24,0.5,,7.98
1,2050,40,2006-03-23,405748.75,6287866.17,31,50,172.0,335.0,285.0,146.0,62.0,6.64,7.5,5.53,9.6,0.51,0.019,6.14,0.54,0.125,0.5,,8.0
1,2051,40,2006-10-18,421731.02,6287734.74,0,30,143.0,186.0,130.0,306.0,235.0,4.33,5.0,12.4,21.4,0.92,0.005,2.64,0.41,0.099,0.5,,9.8
1,2051,40,2006-10-18,421731.02,6287734.74,30,50,166.0,191.0,117.0,287.0,239.0,5.13,5.4,4.58,7.9,0.42,0.001,3.57,0.4,0.066,0.5,,8.7
1,2052,32,2007-12-05,437713.25,6287603.09,0,20,247.0,361.0,197.0,118.0,77.0,6.33,6.1,14.9,25.7,1.64,0.172,5.3,1.07,0.692,0.5,,10.27
1,2053,32,2007-03-12,453695.45,6287471.24,0,30,251.0,408.0,207.0,80.0,54.0,3.24,5.0,15.1,26.2,1.04,0.005,1.26,0.36,0.12,0.5,,12.2
1,2053,32,2007-03-12,453695.45,6287471.24,30,50,78.0,577.0,205.0,81.0,59.0,3.02,5.5,6.52,11.3,0.58,0.005,1.64,0.41,0.064,0.5,,7.7
1,2054,32,2007-03-13,469677.69,6287339.2,0,30,406.0,324.0,121.0,82.0,67.0,18.1,8.0,18.1,31.3,1.74,0.005,20.6,0.73,0.192,10.0,,21.6
1,2054,32,2007-03-13,469677.69,6287339.2,30,50,452.0,332.0,74.0,75.0,67.0,15.9,8.4,5.42,9.4,0.88,0.005,17.5,0.3,0.12,33.2,,20.1
1,2055,32,2006-07-13,485659.99,6287206.99,0,30,358.0,352.0,151.0,87.0,52.0,17.3,7.1,25.1,43.4,2.68,0.009,17.3,1.19,0.114,0.5,,18.9
1,2055,32,2006-07-13,485659.99,6287206.99,30,50,351.0,376.0,147.0,72.0,54.0,13.5,7.6,10.7,18.5,1.34,0.005,13.6,0.98,0.078,0.5,,18.0
1,2056,32,2006-04-06,501642.37,6287074.62,0,20,450.0,275.0,110.0,90.0,75.0,20.2,8.0,16.0,27.6,1.93,0.044,22.2,0.5,0.443,35.5,,22.2
1,2056,32,2006-04-06,501642.37,6287074.62,30,50,465.0,258.0,101.0,102.0,74.0,19.9,8.2,6.72,11.6,1.01,0.01,21.8,0.46,0.201,35.7,,26.0
1,2057,32,2006-03-23,517624.74,6286942.11,0,25,429.0,291.0,134.0,80.0,66.0,20.8,8.2,13.4,23.2,1.61,0.03,22.1,1.02,0.368,55.7,,31.9
1,2057,32,2006-03-23,517624.74,6286942.11,35,50,425.0,302.0,128.0,82.0,63.0,19.3,8.3,5.78,10.0,0.86,0.006,21.0,0.96,0.215,37.6,,25.0
1,2058,32,2006-12-15,533607.06,6286809.4,0,25,438.0,278.0,118.0,117.0,49.0,21.9,8.2,9.93,17.2,1.21,0.022,22.9,1.59,0.249,11.8,,27.3
1,2058,32,2006-12-15,533607.06,6286809.4,30,50,458.0,279.0,123.0,85.0,55.0,21.2,8.3,6.58,11.4,0.95,0.005,22.2,1.8,0.213,63.4,,28.5
1,2059,31,2006-06-15,549589.38,6286676.5,0,20,425.0,247.0,122.0,105.0,101.0,24.6,8.3,12.9,22.3,1.46,0.043,25.7,1.17,0.441,60.3,,35.9
1,2059,31,2006-06-15,549589.38,6286676.5,30,50,420.0,239.0,128.0,103.0,110.0,22.8,8.3,8.55,14.8,1.05,0.034,24.1,0.9,0.365,42.9,,29.0
1,2060,31,2007-03-20,565571.65,6286543.42,0,30,302.0,162.0,197.0,235.0,104.0,16.4,5.6,19.0,32.9,1.61,0.012,13.1,3.33,0.251,0.5,,21.8
1,2060,31,2007-03-20,565571.65,6286543.42,30,50,329.0,161.0,208.0,220.0,82.0,16.8,5.5,5.79,10.0,0.6,0.019,12.5,3.22,0.207,0.5,,23.5
1,2062,81,2006-05-24,597536.15,6286276.72,0,25,334.0,197.0,117.0,204.0,148.0,22.7,8.3,10.9,18.9,1.13,0.02,24.0,0.57,0.343,144.0,,26.4
1,2062,81,2006-05-24,597536.15,6286276.72,35,50,348.0,240.0,109.0,140.0,163.0,22.1,8.5,3.78,6.5,0.45,0.006,23.5,0.5,0.285,170.0,,30.0
1,2063,81,2006-04-19,613518.4,6286143.14,0,30,244.0,286.0,220.0,155.0,95.0,9.64,6.3,8.06,13.9,0.99,0.092,7.99,1.79,0.407,0.5,,23.7
1,2063,81,2006-04-19,613518.4,6286143.14,40,50,318.0,270.0,184.0,135.0,93.0,12.8,6.9,5.73,9.9,0.77,0.038,9.51,3.15,0.244,0.5,,19.0
1,2064,81,2006-09-28,629500.61,6286009.35,0,20,181.0,122.0,65.0,160.0,472.0,12.6,6.0,7.04,12.2,0.82,0.06,10.8,1.17,0.369,0.5,,14.1
1,2064,81,2006-09-28,629500.61,6286009.35,30,50,204.0,134.0,54.0,154.0,454.0,13.5,6.1,4.83,8.4,0.64,0.03,11.7,1.19,0.262,0.5,,17.9
1,2065,81,2006-06-07,645482.81,6285875.37,0,20,279.0,316.0,165.0,98.0,142.0,10.9,6.8,27.7,47.9,2.29,0.026,4.66,5.59,0.699,0.5,,18.6
1,2066,81,2007-01-03,661464.99,6285741.18,0,30,172.0,415.0,169.0,111.0,133.0,5.79,5.2,41.4,71.7,3.19,0.021,3.83,0.46,0.281,0.5,,28.9
1,2066,81,2007-01-03,661464.99,6285741.18,30,50,134.0,435.0,188.0,93.0,150.0,4.62,5.5,22.8,39.4,1.89,0.005,2.73,0.49,0.142,1.1,,29.4
1,2067,81,2007-01-04,677447.12,6285606.83,0,30,103.0,103.0,51.0,89.0,654.0,6.58,4.1,74.7,129.0,4.13,0.046,2.23,0.62,0.337,0.5,,17.1
1,2067,81,2007-01-04,677447.12,6285606.83,30,40,58.0,95.0,62.0,143.0,642.0,3.59,4.0,20.3,35.2,1.11,0.011,0.43,0.15,0.098,0.5,,7.7
1,2068,34,2006-11-30,693429.21,6285472.3,0,30,161.0,173.0,113.0,143.0,410.0,6.85,4.5,74.0,128.0,4.04,0.011,1.18,0.31,0.182,0.5,,29.2
1,2068,34,2006-11-30,693429.21,6285472.3,30,50,164.0,190.0,90.0,93.0,463.0,4.32,4.7,80.6,139.0,4.09,0.005,0.26,0.12,0.114,1.0,,46.0
1,2068,34,2006-11-30,693429.21,6285472.3,-5,0,,,,,,33.2,4.7,313.0,542.0,15.5,0.129,21.5,3.55,1.34,3.2,,79.6
1,2069,34,2008-07-24,709411.35,6285337.58,0,30,221.0,243.0,103.0,151.0,282.0,9.12,5.8,29.9,51.8,1.61,0.02,6.41,1.72,0.33,0.5,,16.5
1,2070,34,2008-06-24,725393.54,6285202.63,0,30,327.0,195.0,116.0,163.0,199.0,23.0,7.0,25.8,44.7,2.43,0.01,12.0,10.4,0.134,0.5,,39.8
1,2071,34,2008-05-29,741375.72,6285067.54,0,20,257.0,182.0,113.0,179.0,269.0,24.3,8.3,35.1,60.8,3.64,1.11,15.0,1.5,9.77,189.0,,22.9
1,2071,34,2008-05-29,741375.72,6285067.54,30,50,260.0,178.0,126.0,186.0,250.0,20.3,8.4,22.9,39.6,2.26,1.06,11.5,1.12,9.46,223.0,,22.9
1,2072,34,2008-05-13,757357.88,6284932.34,0,30,208.0,334.0,121.0,122.0,215.0,15.8,8.5,10.4,17.9,0.84,0.0025,16.7,0.68,0.181,403.0,,18.2
1,2072,34,2008-05-13,757357.88,6284932.34,30,50,207.0,419.0,111.0,83.0,180.0,13.7,8.6,3.24,5.6,0.28,0.0025,14.1,0.74,0.122,520.0,,19.5
1,2073,34,2008-10-30,773340.0,6284796.98,0,30,156.0,123.0,135.0,241.0,345.0,12.8,8.4,10.3,17.8,0.929,0.012,14.1,0.546,0.253,165.0,,15.25
1,2073,34,2008-10-30,773340.0,6284796.98,30,50,179.0,171.0,128.0,242.0,280.0,11.6,8.55,5.89,10.2,0.492,0.006,13.2,0.354,0.165,244.0,,12.0
1,2073,34,2008-10-30,773340.0,6284796.98,-3,0,,,,,,32.1,7.48,89.4,155.0,6.22,0.128,32.0,2.36,1.07,111.0,,32.8
1,2074,34,2008-09-30,789322.05,6284661.4,0,30,295.0,261.0,182.0,135.0,127.0,19.6,8.28,9.22,15.9,0.903,0.084,20.3,1.26,0.59,277.0,,22.53
1,2074,34,2008-09-30,789322.05,6284661.4,30,50,307.0,272.0,193.0,96.0,132.0,19.8,8.29,8.19,14.2,0.858,0.028,20.7,1.08,0.465,273.0,,23.8
1,2075,30,2008-11-19,805304.08,6284525.63,0,30,96.0,180.0,202.0,222.0,300.0,5.33,6.69,11.8,20.5,0.843,0.071,4.16,1.12,0.274,1.24,,7.47
1,2076,13,2004-02-10,821286.2,6284389.62,0,30,443.0,402.0,106.0,43.0,6.0,19.3,8.63,14.2,24.5,1.54,0.0355,9.9,7.38,0.615,297.0,0.469,22.6
1,2076,13,2004-02-10,821286.2,6284389.62,30,50,426.0,424.0,103.0,40.0,7.0,16.5,8.64,8.26,14.3,0.928,0.021,8.32,7.23,0.475,314.0,0.665,17.0
1,2077,13,2004-01-15,837268.35,6284253.42,0,30,376.0,297.0,121.0,123.0,83.0,25.3,8.08,32.8,56.8,3.5,0.0217,24.2,2.39,0.166,205.0,0.089,21.9
1,2077,13,2004-01-15,837268.35,6284253.42,30,50,340.0,261.0,138.0,161.0,100.0,19.4,8.23,14.3,24.8,1.63,0.0042,18.9,1.8,0.139,155.0,0.087,18.0
1,2078,13,2003-11-18,853250.42,6284117.04,0,30,219.0,190.0,158.0,210.0,223.0,11.2,6.77,12.3,21.2,1.34,0.0163,9.4,1.07,0.155,0.5,,13.8
1,2080,13,2003-10-15,885214.56,6283843.67,0,30,177.0,237.0,152.0,318.0,116.0,9.21,8.43,12.153,,0.663,0.03,10.75,0.564,0.4,404.0,,13.1
1,2080,13,2003-10-15,885214.56,6283843.67,30,50,192.0,235.0,153.0,299.0,121.0,9.08,8.46,5.789,,0.622,0.026,10.92,0.473,0.35,456.0,,12.0
1,2081,13,2007-01-09,901196.59,6283706.69,0,30,256.0,228.0,178.0,221.0,117.0,26.1,8.3,30.8,53.3,1.9,0.005,27.1,1.02,0.231,393.0,,25.1
1,2081,13,2007-01-09,901196.59,6283706.69,30,50,279.0,268.0,166.0,207.0,80.0,20.6,8.5,16.3,28.2,1.12,0.005,21.3,0.72,0.148,472.0,,22.4
1,2081,13,2007-01-09,901196.59,6283706.69,-2,0,,,,,,105.0,7.4,323.0,559.0,11.5,0.08,103.0,6.15,0.909,71.6,,97.8
1,2082,83,2007-01-08,917178.56,6283569.52,0,30,379.0,244.0,176.0,95.0,106.0,40.2,8.1,44.4,76.7,2.78,0.011,41.6,1.25,0.481,171.0,,37.5
1,2082,83,2007-01-08,917178.56,6283569.52,-6,0,,,,,,104.0,6.7,366.0,634.0,15.5,0.14,102.0,7.54,1.26,20.7,,110.0
1,2083,83,2007-01-11,933160.53,6283432.18,0,30,305.0,220.0,217.0,175.0,83.0,18.5,7.2,22.7,39.3,1.64,0.005,17.1,1.01,0.182,1.0,,22.2
1,2083,83,2007-01-11,933160.53,6283432.18,30,40,475.0,171.0,162.0,131.0,61.0,20.4,8.1,10.7,18.6,0.95,0.005,21.5,0.49,0.129,26.9,,28.2
1,2084,83,2006-03-28,949142.49,6283294.66,0,30,274.0,190.0,238.0,212.0,86.0,19.2,8.3,10.2,17.6,1.04,0.01,18.5,0.75,0.253,93.6,,20.3
1,2084,83,2006-03-28,949142.49,6283294.66,30,50,282.0,196.0,233.0,203.0,86.0,19.3,8.4,6.23,10.8,0.66,0.001,18.4,0.86,0.2,85.2,,20.0
1,2085,83,2007-01-18,965124.42,6283156.92,0,30,244.0,331.0,166.0,108.0,151.0,26.4,8.2,36.9,63.8,2.06,0.005,24.6,3.37,0.47,596.0,,24.0
1,2085,83,2007-01-18,965124.42,6283156.92,30,50,216.0,349.0,171.0,110.0,154.0,15.0,8.5,11.6,20.1,0.68,0.005,15.7,2.35,0.278,670.0,,17.9
1,2086,83,2007-03-14,981106.31,6283019.02,0,30,401.0,270.0,107.0,95.0,127.0,24.0,8.2,28.0,48.4,2.01,0.005,23.1,2.75,0.791,337.0,,28.3
1,2086,83,2007-03-14,981106.31,6283019.02,30,48,411.0,303.0,85.0,78.0,123.0,18.4,8.3,10.4,18.0,0.94,0.005,18.0,2.46,0.6,403.0,,23.6
1,2086,83,2007-03-14,981106.31,6283019.02,-5,0,,,,,,120.0,7.2,330.0,571.0,17.0,0.117,119.0,11.3,2.04,39.5,,94.0
1,2087,83,2006-03-22,997088.19,6282880.97,0,28,343.0,171.0,169.0,156.0,161.0,23.9,8.2,15.6,26.9,1.53,0.07,22.7,0.66,0.958,403.0,,34.3
1,2087,83,2006-03-22,997088.19,6282880.97,31,50,323.0,178.0,170.0,143.0,186.0,22.4,8.3,12.3,21.3,1.23,0.05,21.5,0.62,0.809,443.0,,25.0
1,2088,83,2007-03-22,1013070.07,6282742.75,0,30,125.0,107.0,83.0,162.0,523.0,8.5,5.4,22.0,38.1,1.07,0.005,5.45,1.88,0.322,0.5,,15.3
1,2088,83,2007-03-22,1013070.07,6282742.75,30,50,166.0,130.0,90.0,221.0,393.0,8.64,5.2,5.84,10.1,0.39,0.005,3.78,1.84,0.179,0.5,,14.7
1,2092,64,2007-04-16,341689.26,6272407.87,0,30,317.0,343.0,198.0,89.0,53.0,13.9,5.7,17.6,30.5,1.93,0.023,13.0,1.33,0.219,0.5,,26.2
1,2092,64,2007-04-16,341689.26,6272407.87,30,50,347.0,337.0,190.0,81.0,45.0,14.5,6.2,10.0,17.4,1.18,0.005,13.7,1.34,0.242,0.5,,20.0
1,2093,64,2007-01-11,357671.2,6272277.19,0,17,256.0,312.0,259.0,137.0,36.0,13.7,7.0,13.6,23.6,1.54,0.088,11.7,1.89,0.708,0.5,,22.5
1,2093,64,2007-01-11,357671.2,6272277.19,27,50,376.0,309.0,187.0,90.0,38.0,16.9,7.5,3.65,6.3,0.62,0.011,15.3,1.27,0.326,1.2,,30.7
1,2094,64,2007-01-10,373653.17,6272146.31,0,30,218.0,357.0,194.0,122.0,109.0,4.72,5.8,18.2,31.5,1.88,0.061,2.79,0.8,0.338,1.0,,14.4
1,2095,64,2007-01-09,389635.26,6272015.24,0,20,322.0,325.0,179.0,93.0,81.0,8.69,6.0,11.4,19.6,1.14,0.08,6.57,1.42,0.59,0.5,,17.9
1,2095,64,2007-01-09,389635.26,6272015.24,26,50,439.0,292.0,127.0,60.0,82.0,10.7,6.7,5.37,9.3,0.64,0.017,8.93,1.31,0.304,0.5,,19.6
1,2096,64,2006-01-26,405617.38,6271883.98,0,19,228.0,318.0,188.0,155.0,111.0,7.71,5.6,48.6,84.1,3.08,0.157,5.74,1.2,0.406,0.5,,20.1
1,2096,64,2006-01-26,405617.38,6271883.98,24,50,202.0,301.0,187.0,160.0,150.0,5.65,5.4,38.0,65.7,2.19,0.077,3.24,0.7,0.347,0.5,,18.0
1,2097,64,2006-10-26,421599.45,6271752.53,0,17,332.0,382.0,148.0,80.0,58.0,4.1,4.9,22.8,39.4,2.16,0.06,2.48,0.52,0.243,0.5,,13.0
1,2097,64,2006-10-26,421599.45,6271752.53,27,50,342.0,374.0,156.0,77.0,51.0,2.92,4.9,8.83,15.3,0.99,0.011,1.09,0.32,0.07,0.5,,10.3
1,2098,64,2007-02-28,437581.51,6271620.91,0,20,175.0,234.0,191.0,237.0,163.0,6.81,7.2,8.66,15.0,0.98,0.039,6.22,0.65,0.279,1.4,,10.7
1,2098,64,2007-02-28,437581.51,6271620.91,30,50,213.0,255.0,167.0,221.0,144.0,6.13,7.8,4.64,8.0,0.62,0.005,6.49,0.57,0.115,0.5,,9.6
1,2099,64,2007-05-11,453563.58,6271489.1,0,30,310.0,252.0,123.0,139.0,176.0,3.67,4.2,31.4,54.3,2.23,0.005,0.29,0.11,0.131,0.5,,14.0
1,2099,64,2007-05-11,453563.58,6271489.1,30,50,292.0,244.0,105.0,122.0,237.0,1.36,4.3,18.1,31.2,1.46,0.005,0.18,0.06,0.077,0.5,,10.4
1,2100,32,2007-09-27,469545.66,6271357.04,0,30,159.0,332.0,255.0,149.0,105.0,3.98,5.3,11.1,19.1,1.18,0.013,2.95,0.46,0.133,0.5,,10.05
1,2101,32,2007-03-15,485527.77,6271224.78,0,30,413.0,269.0,95.0,100.0,123.0,20.8,8.2,18.4,31.9,1.66,0.005,22.4,0.49,0.19,140.0,,19.7
1,2101,32,2007-03-15,485527.77,6271224.78,30,50,392.0,259.0,95.0,130.0,124.0,14.2,8.5,2.62,4.5,0.55,0.005,15.6,0.25,0.1,105.0,,14.1
1,2102,32,2006-05-04,501509.93,6271092.42,0,30,403.0,323.0,108.0,86.0,80.0,17.0,8.3,20.0,34.6,1.97,0.007,18.5,0.39,0.213,182.0,,18.1
1,2102,32,2006-05-04,501509.93,6271092.42,30,50,396.0,326.0,107.0,72.0,99.0,15.5,8.3,11.5,19.9,1.32,0.005,17.6,0.32,0.174,188.0,,19.0
1,2103,32,2006-04-10,517492.11,6270959.92,0,30,395.0,353.0,153.0,82.0,17.0,19.3,8.2,15.4,26.6,1.86,0.054,20.1,1.52,0.271,96.0,,28.8
1,2103,32,2006-04-10,517492.11,6270959.92,40,50,374.0,382.0,167.0,69.0,8.0,17.9,8.4,8.17,14.1,1.15,0.008,19.6,1.3,0.165,118.0,,22.0
1,2104,32,2006-04-18,533474.27,6270827.23,0,25,364.0,247.0,124.0,141.0,124.0,18.9,8.3,11.3,19.5,1.36,0.034,19.5,0.87,0.359,83.0,,27.7
1,2104,32,2006-04-18,533474.27,6270827.23,35,50,363.0,260.0,135.0,124.0,118.0,18.7,8.4,6.03,10.4,0.85,0.008,20.0,0.87,0.236,104.0,,23.0
1,2105,31,2007-09-18,549456.42,6270694.35,0,25,140.0,278.0,408.0,135.0,39.0,5.66,5.7,7.82,13.5,0.89,0.018,4.5,0.52,0.151,1.4,,10.5
1,2105,31,2007-09-18,549456.42,6270694.35,30,50,154.0,286.0,396.0,126.0,38.0,5.52,5.8,6.39,11.1,0.74,0.018,4.45,0.65,0.116,1.1,,5.8
1,2106,31,2007-11-29,565438.52,6270561.26,0,30,178.0,219.0,309.0,253.0,41.0,7.99,6.2,16.1,27.9,1.67,0.022,6.91,1.12,0.111,0.5,,15.0
1,2107,31,2006-09-29,581420.56,6270427.98,0,25,287.0,257.0,143.0,133.0,180.0,16.9,6.4,10.3,17.8,1.14,0.06,14.4,2.39,0.288,0.5,,22.0
1,2107,31,2006-09-29,581420.56,6270427.98,30,50,288.0,255.0,152.0,124.0,181.0,18.4,7.2,6.75,11.7,0.86,0.026,16.1,2.07,0.235,0.5,,21.7
1,2108,31,2006-10-18,597402.59,6270294.57,0,20,328.0,204.0,142.0,186.0,140.0,19.3,8.1,8.18,14.2,1.01,0.017,19.2,1.12,0.314,2.7,,26.5
1,2108,31,2006-10-18,597402.59,6270294.57,30,50,363.0,218.0,151.0,159.0,109.0,20.2,8.2,4.97,8.6,0.71,0.008,19.7,1.31,0.294,3.3,,25.3
1,2109,81,2007-09-25,613384.64,6270160.99,0,25,345.0,318.0,130.0,130.0,77.0,14.8,8.3,5.14,8.9,1.0,0.032,16.4,1.1,0.406,394.0,,19.0
1,2110,81,2007-05-09,629366.71,6270027.24,0,25,147.0,235.0,239.0,213.0,166.0,4.34,5.3,7.92,13.7,0.79,0.133,3.31,0.49,0.146,0.5,,8.7
1,2111,81,2006-03-31,645348.75,6269893.28,0,25,266.0,432.0,196.0,58.0,48.0,41.0,7.9,58.3,101.0,6.05,0.023,42.2,0.87,0.776,61.0,,39.5
1,2112,81,2007-01-11,661330.71,6269759.08,0,30,197.0,147.0,49.0,101.0,506.0,5.06,4.4,73.6,127.0,5.35,0.014,0.52,0.16,0.18,0.5,,32.85
1,2112,81,2007-01-11,661330.71,6269759.08,30,50,203.0,179.0,57.0,130.0,431.0,3.92,4.5,48.4,83.8,3.29,0.005,0.25,0.08,0.091,0.5,,36.3
1,2113,34,2006-11-29,677312.65,6269624.74,0,30,231.0,163.0,64.0,152.0,390.0,6.4,4.1,77.9,135.0,5.07,0.022,1.08,0.3,0.213,1.0,,30.0
1,2113,34,2006-11-29,677312.65,6269624.74,30,50,171.0,188.0,69.0,157.0,415.0,3.18,4.5,47.0,81.3,2.87,0.017,0.15,0.06,0.067,0.5,,28.3
1,2113,34,2006-11-29,677312.65,6269624.74,-2,0,,,,,,26.2,4.2,296.0,512.0,16.4,0.134,15.8,3.03,1.07,1.3,,74.3
1,2114,34,2008-06-25,693294.55,6269490.24,0,30,252.0,269.0,109.0,89.0,281.0,7.45,5.8,24.7,42.7,2.63,0.04,5.58,1.27,0.535,0.5,,18.5
1,2115,34,2008-06-19,709276.51,6269355.54,0,25,199.0,204.0,114.0,126.0,357.0,13.4,7.6,4.6,8.0,0.89,0.018,11.4,2.9,0.117,0.5,,18.2
1,2115,34,2008-06-19,709276.51,6269355.54,25,50,213.0,193.0,106.0,121.0,367.0,12.5,6.8,3.1,5.4,0.8,0.016,9.77,2.98,0.113,1.1,,17.5
1,2116,34,2008-06-18,725258.57,6269220.66,0,30,322.0,268.0,137.0,113.0,160.0,19.1,8.3,5.58,9.7,0.77,0.009,20.1,1.43,0.624,134.0,,27.3
1,2116,34,2008-06-18,725258.57,6269220.66,30,50,301.0,263.0,140.0,120.0,176.0,19.6,8.3,5.79,10.0,0.63,0.0025,20.8,1.66,0.398,127.0,,27.2
1,2117,34,2008-06-26,741240.59,6269085.54,0,15,164.0,134.0,217.0,376.0,109.0,11.8,8.4,8.76,15.2,0.88,0.033,12.6,0.83,0.86,178.0,,17.9
1,2117,34,2008-06-26,741240.59,6269085.54,20,50,170.0,130.0,211.0,357.0,132.0,11.8,8.4,8.42,14.6,0.79,0.021,13.2,0.82,0.349,185.0,,17.1
1,2118,34,2008-05-15,757222.51,6268950.28,0,29,169.0,276.0,263.0,235.0,57.0,12.3,8.4,10.4,18.1,0.9,0.009,12.7,0.88,0.2,324.0,,17.5
1,2118,34,2008-05-15,757222.51,6268950.28,32,50,174.0,265.0,266.0,244.0,51.0,12.4,8.4,10.8,18.7,0.89,0.006,13.5,0.91,0.179,320.0,,15.7
1,2119,34,2008-10-01,773204.39,6268814.96,0,20,281.0,234.0,70.0,130.0,285.0,15.0,7.97,15.3,26.5,1.41,0.075,18.1,2.66,1.1,394.0,0.266,18.8
1,2119,34,2008-10-01,773204.39,6268814.96,25,50,258.0,208.0,61.0,124.0,349.0,12.3,7.77,14.7,25.5,1.21,0.057,22.6,3.2,0.997,382.0,0.549,14.0
1,2121,13,2004-04-27,805168.14,6268543.7,0,30,402.0,500.0,86.0,8.0,4.0,10.8,8.8,5.57,9.6,0.69,0.029,5.38,9.2,1.92,310.0,2.15,22.2
1,2121,13,2004-04-27,805168.14,6268543.7,30,50,375.0,496.0,114.0,13.0,2.0,11.6,8.8,5.32,9.2,0.64,0.018,5.7,9.83,2.0,303.0,2.57,13.0
1,2122,13,2004-04-21,821150.12,6268407.7,0,30,88.0,71.0,41.0,303.0,497.0,3.31,8.6,5.71,9.9,0.36,0.006,4.18,2.81,0.379,211.0,0.724,3.76
1,2122,13,2004-04-21,821150.12,6268407.7,30,50,58.0,40.0,21.0,298.0,583.0,0.5,8.7,1.74,3.0,0.12,0.003,3.74,1.72,0.198,244.0,0.573,3.0
1,2123,13,2004-03-30,837132.09,6268271.5,2,30,401.0,460.0,111.0,24.0,4.0,13.3,8.2,11.8,20.5,1.34,0.053,12.8,7.52,0.844,316.0,0.488,21.9
1,2123,13,2004-03-30,837132.09,6268271.5,30,50,374.0,514.0,95.0,11.0,6.0,9.71,8.3,5.46,9.5,0.7,0.024,14.6,7.05,0.796,362.0,0.81,14.0
1,2123,13,2004-03-30,837132.09,6268271.5,-3,0,,,,,,32.0,7.7,84.1,145.0,7.56,0.347,23.4,12.7,1.61,229.0,,22.6
1,2124,13,2004-02-10,853113.97,6268135.11,0,30,229.0,179.0,142.0,217.0,233.0,12.5,7.7,21.8,37.8,1.88,0.129,11.4,1.21,0.588,3.5,0.04,13.1
1,2124,13,2004-02-10,853113.97,6268135.11,30,50,211.0,164.0,138.0,239.0,248.0,10.4,7.8,16.0,27.7,1.41,0.093,9.84,0.96,0.466,4.1,0.037,11.0
1,2126,13,2007-01-29,885077.74,6267861.71,0,28,351.0,259.0,176.0,168.0,46.0,26.3,8.2,28.2,48.8,1.94,0.005,26.7,0.89,0.429,67.8,,24.45
1,2127,13,2003-10-23,901059.55,6267724.71,0,30,154.0,168.0,258.0,332.0,88.0,8.11,8.2,9.49,16.4,0.94,0.036,9.35,0.35,0.429,407.0,,9.11
1,2127,13,2003-10-23,901059.55,6267724.71,30,50,148.0,170.0,267.0,344.0,71.0,7.94,8.4,5.66,9.8,0.6,0.022,8.4,0.33,0.233,428.0,,8.0
1,2128,13,2003-11-03,917041.36,6267587.56,0,30,322.0,245.0,124.0,199.0,110.0,19.5,8.4,5.86,10.1,0.73,0.028,17.6,2.0,0.561,242.0,,18.6
1,2128,13,2003-11-03,917041.36,6267587.56,30,50,347.0,251.0,123.0,176.0,103.0,20.7,8.5,5.56,9.6,0.59,0.01,18.7,2.81,0.294,249.0,,20.0
1,2129,83,2005-10-17,933023.16,6267450.27,0,38,313.0,244.0,235.0,170.0,38.0,14.1,7.1,10.5,18.1,1.07,0.082,14.2,1.35,0.619,1.9,,21.6
1,2129,83,2005-10-17,933023.16,6267450.27,42,50,333.0,226.0,226.0,183.0,32.0,15.2,7.4,7.68,13.3,0.86,0.042,15.1,1.4,0.403,3.0,,15.0
1,2130,83,2007-01-17,949004.92,6267312.78,0,30,135.0,79.0,213.0,534.0,39.0,8.64,8.2,15.0,26.0,0.94,0.005,7.42,3.17,0.073,715.0,,13.0
1,2130,83,2007-01-17,949004.92,6267312.78,30,50,133.0,86.0,216.0,529.0,36.0,7.42,8.3,14.0,24.3,0.68,0.005,6.94,2.58,0.055,687.0,,9.4
1,2131,83,2007-01-16,964986.66,6267175.07,0,30,297.0,232.0,154.0,174.0,143.0,19.7,8.4,26.4,45.8,1.55,0.005,20.3,0.62,0.342,351.0,,19.1
1,2131,83,2007-01-16,964986.66,6267175.07,30,50,313.0,281.0,143.0,144.0,119.0,12.2,8.6,8.22,14.2,0.6,0.005,13.5,0.33,0.165,564.0,,14.0
1,2132,83,2005-11-08,980968.37,6267037.21,0,30,310.0,157.0,107.0,217.0,209.0,18.5,8.3,3.76,6.5,0.49,0.054,16.4,1.17,0.804,35.2,,19.0
1,2132,83,2005-11-08,980968.37,6267037.21,30,50,330.0,175.0,102.0,192.0,201.0,18.6,8.2,3.93,6.8,0.42,0.047,17.5,1.25,0.703,37.1,,20.0
1,2133,83,2005-11-07,996950.06,6266899.18,0,40,179.0,304.0,320.0,179.0,18.0,11.0,8.3,11.2,19.5,0.59,0.037,10.7,1.26,0.48,297.0,,17.8
1,2133,83,2005-11-07,996950.06,6266899.18,40,50,174.0,313.0,318.0,178.0,17.0,11.0,8.2,11.0,19.0,0.58,0.035,11.0,1.32,0.501,300.0,,10.0
1,2134,83,2006-04-11,1012931.74,6266760.96,0,30,161.0,171.0,145.0,214.0,309.0,7.06,5.7,7.41,12.8,0.69,0.098,5.39,1.18,0.755,1.1,,14.7
1,2134,83,2006-04-11,1012931.74,6266760.96,30,50,162.0,170.0,150.0,240.0,278.0,7.29,5.4,5.51,9.5,0.47,0.084,5.2,1.16,0.578,0.5,,11.0
1,2136,64,2006-07-13,325576.86,6256556.48,0,30,303.0,205.0,152.0,222.0,118.0,6.37,4.5,33.8,58.6,2.42,0.01,0.71,0.44,0.551,0.5,,17.9
1,2137,64,2006-07-11,341558.63,6256425.98,0,30,299.0,386.0,118.0,66.0,131.0,7.42,5.5,26.2,45.4,3.05,0.024,5.75,0.88,0.137,0.5,,21.27
1,2137,64,2006-07-11,341558.63,6256425.98,30,50,287.0,369.0,113.0,65.0,166.0,4.4,5.8,11.4,19.7,1.64,0.008,3.48,0.59,0.055,0.5,,15.6
1,2138,64,2007-08-03,357540.4,6256295.28,0,30,384.0,320.0,124.0,76.0,96.0,19.1,7.1,25.3,43.8,2.7,0.073,19.2,1.75,0.333,0.5,,20.0
1,2138,64,2007-08-03,357540.4,6256295.28,30,50,352.0,301.0,110.0,83.0,154.0,14.0,7.8,8.63,14.9,1.13,0.018,15.4,0.96,0.175,1.4,,17.2
1,2139,64,2007-08-02,373522.2,6256164.37,0,30,194.0,453.0,252.0,87.0,14.0,5.99,6.3,13.3,23.0,1.63,0.016,7.94,0.34,0.109,0.5,,9.36
1,2139,64,2007-08-02,373522.2,6256164.37,30,50,188.0,446.0,253.0,93.0,20.0,6.41,7.1,8.88,15.4,1.17,0.005,8.35,0.22,0.08,0.5,,8.0
1,2140,64,2007-05-29,389504.08,6256033.26,0,30,283.0,363.0,246.0,91.0,17.0,5.8,4.6,17.1,29.5,1.39,0.005,0.95,0.45,0.182,1.1,,18.2
1,2140,64,2007-05-29,389504.08,6256033.26,30,50,350.0,338.0,210.0,78.0,24.0,7.12,4.9,7.16,12.4,0.75,0.005,1.97,0.87,0.164,0.5,,14.1
1,2141,64,2006-10-24,405485.98,6255901.95,0,30,199.0,327.0,215.0,194.0,65.0,6.61,5.9,10.1,17.5,1.08,0.036,5.73,1.02,0.222,0.5,,10.42
1,2141,64,2006-10-24,405485.98,6255901.95,30,50,203.0,322.0,201.0,189.0,85.0,6.86,6.7,6.55,11.3,0.73,0.012,6.01,1.11,0.135,0.5,,9.4
1,2142,64,2008-01-30,421467.86,6255770.47,0,30,242.0,383.0,246.0,84.0,45.0,6.69,5.9,12.4,21.4,1.3,0.051,5.98,0.43,0.364,0.5,,11.49
1,2142,64,2008-01-30,421467.86,6255770.47,30,50,262.0,391.0,238.0,81.0,28.0,6.64,6.5,7.37,12.7,0.82,0.012,6.24,0.48,0.173,0.5,,15.6
1,2143,64,2006-04-05,437449.76,6255638.87,0,25,234.0,379.0,228.0,102.0,57.0,7.15,5.8,37.6,65.1,2.51,0.113,5.46,0.68,0.419,0.5,,21.2
1,2143,64,2006-04-05,437449.76,6255638.87,30,50,225.0,388.0,223.0,98.0,66.0,4.17,5.5,28.6,49.5,1.74,0.033,2.68,0.43,0.264,0.5,,18.0
1,2144,64,2006-04-06,453431.69,6255507.1,0,25,235.0,365.0,213.0,114.0,73.0,5.11,5.5,21.2,36.6,1.68,0.122,3.16,0.43,0.531,0.5,,14.3
1,2144,64,2006-04-06,453431.69,6255507.1,29,50,235.0,373.0,215.0,111.0,66.0,3.91,5.7,14.0,24.2,1.05,0.018,2.51,0.46,0.354,0.5,,15.0
1,2145,65,2007-03-13,469413.64,6255375.05,0,20,134.0,424.0,259.0,135.0,48.0,3.55,6.2,6.97,12.1,0.7,0.047,2.98,0.18,0.167,0.5,,4.67
1,2145,65,2007-03-13,469413.64,6255375.05,30,50,137.0,428.0,242.0,142.0,51.0,3.35,6.9,3.62,6.3,0.46,0.012,3.1,0.19,0.123,0.5,,5.7
1,2146,32,2007-04-12,485395.62,6255242.76,0,25,200.0,353.0,213.0,142.0,92.0,5.07,6.6,8.66,15.0,0.99,0.073,4.8,0.55,0.315,0.5,,11.9
1,2146,32,2007-04-12,485395.62,6255242.76,30,50,246.0,357.0,198.0,113.0,86.0,4.74,7.0,4.35,7.5,0.6,0.014,3.77,0.4,0.326,0.5,,9.8
1,2147,32,2007-07-10,501377.6,6255110.39,0,30,263.0,361.0,170.0,111.0,95.0,7.63,6.5,13.0,22.6,1.37,0.045,7.07,0.5,0.396,1.1,,11.5
1,2147,32,2007-07-10,501377.6,6255110.39,30,50,324.0,346.0,145.0,104.0,81.0,9.01,7.3,6.77,11.7,0.94,0.02,8.0,0.47,0.407,1.3,,10.0
1,2148,31,2007-07-17,517359.54,6254977.9,0,30,328.0,280.0,152.0,133.0,107.0,18.5,8.0,23.3,40.3,2.19,0.021,19.8,0.53,0.281,1.2,,18.2
1,2149,31,2006-11-15,533341.48,6254845.22,0,30,402.0,210.0,91.0,125.0,172.0,23.4,8.1,19.1,33.0,2.12,0.015,26.4,0.99,0.231,40.5,,26.9
1,2149,31,2006-11-15,533341.48,6254845.22,30,50,373.0,210.0,89.0,110.0,218.0,18.8,8.3,7.62,13.2,1.05,0.005,20.5,0.74,0.184,67.2,,26.3
1,2150,31,2006-10-24,549323.45,6254712.36,0,25,269.0,255.0,200.0,156.0,120.0,15.5,8.1,9.58,16.6,1.13,0.041,17.0,0.56,0.263,6.1,,20.7
1,2150,31,2006-10-24,549323.45,6254712.36,35,50,292.0,286.0,176.0,138.0,108.0,16.3,8.2,8.31,14.4,0.98,0.02,18.0,0.54,0.181,5.1,,19.7
1,2151,31,2006-02-27,565305.41,6254579.3,0,25,270.0,191.0,214.0,169.0,156.0,13.5,7.2,8.03,13.9,0.92,0.021,10.7,2.71,0.25,0.5,,18.57
1,2151,31,2006-02-27,565305.41,6254579.3,35,50,264.0,197.0,223.0,161.0,155.0,13.2,7.4,5.23,9.1,0.68,0.011,10.8,2.74,0.195,0.5,,18.0
1,2152,31,2006-09-21,581287.27,6254446.05,0,25,399.0,212.0,118.0,136.0,135.0,23.7,7.5,9.05,15.7,1.02,0.03,22.3,1.69,0.369,1.5,,33.0
1,2152,31,2006-09-21,581287.27,6254446.05,35,50,408.0,206.0,125.0,123.0,138.0,26.1,8.1,4.42,7.6,0.63,0.006,26.9,1.49,0.339,26.3,,33.0
1,2153,31,2006-01-12,597269.1,6254312.69,0,30,160.0,157.0,112.0,287.0,284.0,10.7,8.3,9.49,16.4,0.97,0.012,12.3,0.28,0.166,230.0,,10.47
1,2153,31,2006-01-12,597269.1,6254312.69,30,50,161.0,159.0,113.0,266.0,301.0,9.72,8.5,5.44,9.4,0.6,0.006,11.9,0.19,0.155,239.0,,10.0
1,2154,11,2008-01-23,613250.97,6254179.14,0,30,222.0,270.0,191.0,208.0,109.0,12.3,8.4,7.94,13.7,0.9,0.024,13.4,1.12,0.223,445.0,,20.3
1,2154,11,2008-01-23,613250.97,6254179.14,30,50,233.0,282.0,172.0,209.0,104.0,11.9,8.6,2.27,3.9,0.56,0.005,12.8,1.1,0.167,432.0,,18.3
1,2155,11,2008-04-23,629232.86,6254045.35,0,30,238.0,172.0,99.0,133.0,358.0,5.34,5.3,27.4,47.4,2.43,0.028,3.71,0.27,0.098,0.5,,20.8
1,2155,11,2008-04-23,629232.86,6254045.35,30,50,151.0,119.0,99.0,157.0,474.0,4.51,5.2,5.27,9.1,0.56,0.008,1.77,0.22,0.069,0.5,,19.1
1,2156,11,2008-10-28,645214.68,6253911.36,0,30,157.0,225.0,199.0,236.0,183.0,4.28,4.65,58.3,101.0,3.98,0.024,0.997,0.343,0.123,0.5,,25.0
1,2157,11,2008-08-06,661196.43,6253777.2,0,20,81.0,246.0,116.0,114.0,443.0,2.58,4.8,36.0,62.3,3.17,0.014,0.71,0.15,0.077,0.5,,14.8
1,2158,34,2006-11-28,677178.16,6253642.87,0,30,200.0,383.0,196.0,134.0,87.0,32.0,8.1,96.4,167.0,5.94,0.02,24.0,9.57,0.565,45.1,,33.5
1,2159,34,2008-05-28,693159.87,6253508.39,0,30,206.0,167.0,158.0,274.0,195.0,6.48,8.7,5.7,9.9,0.37,0.0025,6.97,1.95,0.12,154.0,,8.84
1,2159,34,2008-05-28,693159.87,6253508.39,30,50,209.0,159.0,150.0,268.0,214.0,5.83,8.8,4.87,8.4,0.31,0.0025,6.41,2.28,0.099,157.0,,10.0
1,2160,34,2008-05-27,709141.66,6253373.68,0,20,263.0,156.0,107.0,307.0,167.0,13.1,8.4,6.85,11.9,0.61,0.012,14.0,0.67,0.538,182.0,,22.8
1,2160,34,2008-05-27,709141.66,6253373.68,30,50,265.0,155.0,103.0,323.0,154.0,13.6,8.5,5.3,9.2,0.54,0.01,14.2,0.72,0.464,184.0,,23.1
1,2161,34,2008-10-29,725123.53,6253238.78,0,30,319.0,127.0,85.0,196.0,273.0,16.6,7.32,12.5,21.6,1.22,0.057,13.9,2.89,0.567,1.64,,16.2
1,2161,34,2008-10-29,725123.53,6253238.78,30,50,313.0,116.0,80.0,204.0,287.0,15.8,7.37,6.36,11.0,0.707,0.026,12.6,3.26,0.373,1.27,,17.2
1,2162,34,2008-05-14,741105.36,6253103.69,0,30,343.0,172.0,165.0,186.0,134.0,20.9,8.1,8.38,14.5,0.87,0.0025,18.7,3.11,0.362,59.2,,34.5
1,2162,34,2008-05-14,741105.36,6253103.69,30,50,370.0,176.0,157.0,174.0,123.0,21.4,8.6,6.24,10.8,0.68,0.0025,18.6,3.66,0.279,63.6,,31.6
1,2165,13,2004-04-22,836995.82,6252289.78,0,30,33.0,19.0,35.0,299.0,614.0,3.18,8.7,7.09,12.3,0.52,0.005,3.67,0.57,0.141,231.0,0.082,4.63
1,2165,13,2004-04-22,836995.82,6252289.78,30,50,44.0,47.0,56.0,273.0,580.0,2.16,9.0,3.99,6.9,0.25,0.001,3.0,0.57,0.204,237.0,0.091,3.0
1,2166,13,2004-03-23,852977.53,6252153.36,0,30,101.0,128.0,78.0,171.0,522.0,4.11,8.9,5.23,9.1,0.39,0.019,3.2,4.52,0.78,222.0,1.44,5.29
1,2166,13,2004-03-23,852977.53,6252153.36,30,50,92.0,132.0,122.0,227.0,427.0,2.66,9.0,2.61,4.5,0.22,0.008,3.45,5.01,0.761,261.0,1.71,4.0
1,2167,13,2007-01-22,868959.24,6252016.75,0,25,354.0,224.0,189.0,218.0,15.0,25.2,8.1,33.0,57.1,1.99,0.005,22.8,4.32,0.456,20.4,,26.5
1,2167,13,2007-01-22,868959.24,6252016.75,-10,0,,,,,,79.4,5.7,408.0,706.0,16.7,0.072,64.6,11.3,0.795,3.2,,99.4
1,2169,13,2004-02-16,900922.56,6251742.92,0,30,275.0,202.0,155.0,194.0,174.0,18.4,8.13,23.2,40.1,2.14,0.19,17.6,0.904,0.953,374.0,,16.9
1,2169,13,2004-02-16,900922.56,6251742.92,30,50,262.0,198.0,142.0,164.0,234.0,15.1,8.32,13.4,23.2,1.19,0.155,15.0,0.806,0.51,402.0,,15.0
1,2170,13,2007-01-25,916904.19,6251605.8,0,30,366.0,223.0,141.0,96.0,174.0,28.4,8.2,34.0,58.9,2.58,0.005,28.4,2.51,0.417,296.0,,30.4
1,2170,13,2007-01-25,916904.19,6251605.8,30,50,451.0,237.0,151.0,85.0,76.0,27.2,8.3,13.3,23.0,1.2,0.005,27.6,2.02,0.292,92.1,,31.0
1,2170,13,2007-01-25,916904.19,6251605.8,-2,0,,,,,,102.0,7.4,291.0,504.0,12.2,0.108,94.2,6.56,0.859,65.4,,90.6
1,2171,83,2007-01-24,932885.8,6251468.54,0,30,249.0,117.0,68.0,519.0,47.0,23.8,8.1,51.1,88.3,4.92,0.011,20.9,5.17,0.191,666.0,,25.8
1,2171,83,2007-01-24,932885.8,6251468.54,30,50,111.0,39.0,40.0,753.0,57.0,11.2,8.2,24.6,42.6,2.11,0.005,11.4,2.73,0.059,878.0,,12.7
1,2172,83,2007-02-01,948867.34,6251331.09,0,30,368.0,210.0,191.0,137.0,94.0,21.7,8.3,28.9,50.0,1.88,0.005,22.6,1.21,0.363,228.0,,23.5
1,2172,83,2007-02-01,948867.34,6251331.09,-1,0,,,,,,90.6,7.2,333.0,576.0,11.8,0.095,94.1,7.85,1.31,30.9,,98.1
1,2173,83,2007-01-31,964848.88,6251193.41,0,30,408.0,163.0,163.0,134.0,132.0,39.3,8.3,36.7,63.5,2.52,0.005,39.2,1.46,0.426,304.0,,32.4
1,2174,83,2007-01-30,980830.43,6251055.57,0,30,154.0,169.0,108.0,180.0,389.0,7.82,5.9,30.4,52.6,1.68,0.005,5.87,1.88,0.435,0.5,,18.53
1,2174,83,2007-01-30,980830.43,6251055.57,30,50,158.0,172.0,100.0,165.0,405.0,3.81,5.8,11.0,19.1,0.72,0.005,1.76,0.91,0.23,0.5,,13.4
1,2176,64,2006-06-26,341427.98,6240444.24,0,30,202.0,419.0,118.0,116.0,145.0,3.65,4.6,27.3,47.3,2.47,0.011,1.02,0.31,0.2,0.5,,14.3
1,2176,64,2006-06-26,341427.98,6240444.24,30,50,194.0,426.0,109.0,114.0,157.0,2.48,4.6,15.5,26.7,1.59,0.006,0.29,0.1,0.08,0.5,,13.0
1,2177,64,2006-07-12,357409.59,6240313.53,0,30,204.0,213.0,158.0,256.0,170.0,6.17,5.79,11.35,19.7,1.17,0.01,5.05,0.787,0.173,0.5,,15.5
1,2177,64,2006-07-12,357409.59,6240313.53,30,50,202.0,209.0,157.0,260.0,174.0,5.52,5.79,8.88,15.3,0.939,0.0078,4.57,0.781,0.164,0.5,,14.1
1,2178,64,2007-05-30,373391.22,6240182.59,0,30,422.0,389.0,125.0,51.0,13.0,24.0,7.4,31.4,54.3,2.44,0.005,24.7,1.12,0.321,1.8,,22.0
1,2178,64,2007-05-30,373391.22,6240182.59,30,50,429.0,393.0,113.0,46.0,19.0,20.8,7.4,11.8,20.4,1.21,0.005,20.8,0.75,0.176,0.5,,19.5
1,2179,64,2007-08-01,389372.88,6240051.45,0,30,338.0,318.0,103.0,135.0,106.0,7.08,5.2,27.4,47.5,2.77,0.028,7.09,1.28,0.288,0.5,,16.7
1,2180,64,2007-06-28,405354.55,6239920.1,0,25,239.0,274.0,132.0,136.0,219.0,7.99,5.8,34.4,59.5,3.02,0.097,9.44,1.1,0.187,0.5,,17.9
1,2181,64,2006-10-25,421336.25,6239788.61,0,30,306.0,273.0,166.0,121.0,134.0,14.5,8.3,13.9,24.0,1.15,0.075,15.3,1.12,0.648,372.0,,24.3
1,2181,64,2006-10-25,421336.25,6239788.61,30,50,433.0,174.0,100.0,224.0,69.0,18.4,6.1,5.49,9.5,0.71,0.005,16.9,1.07,0.402,0.5,,27.3
1,2182,64,2007-02-27,437318.0,6239656.99,0,30,215.0,271.0,111.0,149.0,254.0,11.1,6.5,30.9,53.4,3.09,0.085,10.1,0.9,0.643,0.5,,20.1
1,2183,65,2007-05-22,453299.78,6239525.22,0,30,319.0,235.0,108.0,120.0,218.0,5.24,4.0,36.7,63.4,2.49,0.005,0.32,0.14,0.095,1.0,,19.0
1,2183,65,2007-05-22,453299.78,6239525.22,30,50,317.0,236.0,109.0,121.0,217.0,3.46,4.2,24.0,41.5,1.77,0.005,0.28,0.08,0.058,0.5,,15.6
1,2184,65,2007-02-22,469281.58,6239393.2,0,30,207.0,306.0,174.0,160.0,153.0,4.99,6.2,11.2,19.4,1.02,0.037,3.32,0.32,0.414,0.5,,12.7
1,2184,65,2007-02-22,469281.58,6239393.2,30,50,284.0,318.0,161.0,133.0,104.0,4.4,6.3,6.79,11.8,0.73,0.005,3.01,0.4,0.414,0.5,,10.5
1,2185,65,2007-03-29,485263.44,6239260.94,0,25,243.0,271.0,124.0,150.0,212.0,4.86,5.0,22.9,39.6,1.96,0.054,3.52,0.28,0.195,0.5,,12.3
1,2186,65,2006-07-06,501245.27,6239128.55,0,30,267.0,303.0,158.0,139.0,133.0,5.54,5.6,17.7,30.7,1.88,0.043,4.75,0.69,0.403,0.5,,16.7
1,2187,31,2006-10-07,517227.0,6238996.06,0,20,198.0,336.0,199.0,171.0,96.0,7.27,6.2,9.54,16.5,1.13,0.017,7.65,0.3,0.109,0.5,,13.15
1,2187,31,2006-10-07,517227.0,6238996.06,30,50,187.0,342.0,211.0,162.0,98.0,5.78,6.9,5.34,9.2,0.73,0.005,6.26,0.22,0.078,0.5,,9.3
1,2188,31,2007-11-13,533208.71,6238863.37,0,30,301.0,214.0,95.0,177.0,213.0,19.9,8.1,22.3,38.5,2.06,0.011,21.4,0.28,0.187,313.0,,22.1
1,2189,31,2006-02-21,549190.51,6238730.55,0,30,144.0,154.0,144.0,385.0,173.0,13.4,7.9,21.1,36.5,1.98,0.022,14.6,0.54,0.162,34.3,,13.9
1,2189,31,2006-02-21,549190.51,6238730.55,30,50,137.0,147.0,120.0,310.0,286.0,10.5,8.2,10.8,18.6,1.16,0.007,12.3,0.3,0.087,25.0,,11.0
1,2190,31,2007-01-26,565172.29,6238597.54,0,30,399.0,237.0,101.0,95.0,168.0,24.0,8.3,9.34,16.2,1.2,0.005,23.6,2.67,0.323,71.4,,33.3
1,2190,31,2007-01-26,565172.29,6238597.54,35,50,402.0,245.0,98.0,90.0,165.0,23.1,8.3,6.33,11.0,0.96,0.005,23.0,2.57,0.257,75.3,,37.7
1,2191,09,2006-03-28,581153.98,6238464.32,0,30,374.0,247.0,193.0,121.0,65.0,18.3,5.9,11.3,19.6,1.14,0.009,13.2,3.5,0.256,0.5,,35.6
1,2191,09,2006-03-28,581153.98,6238464.32,30,50,380.0,254.0,196.0,107.0,63.0,19.3,6.5,5.71,9.9,0.7,0.005,15.0,3.83,0.242,0.5,,27.0
1,2192,11,2008-01-24,597135.64,6238330.98,0,27,310.0,206.0,216.0,157.0,111.0,17.4,7.4,6.99,12.1,0.81,0.046,16.2,1.23,0.281,0.5,,31.5
1,2192,11,2008-01-24,597135.64,6238330.98,35,50,359.0,213.0,236.0,132.0,60.0,20.7,7.6,2.38,4.1,0.44,0.021,19.2,1.46,0.251,0.5,,29.5
1,2193,11,2008-01-25,613117.35,6238197.46,0,30,391.0,393.0,121.0,59.0,36.0,13.9,8.4,9.48,16.4,1.18,0.11,14.4,0.66,0.69,327.0,,20.9
1,2193,11,2008-01-25,613117.35,6238197.46,30,50,459.0,341.0,77.0,89.0,34.0,14.0,8.5,1.86,3.2,0.53,0.005,15.1,0.54,0.324,321.0,,22.5
1,2194,11,2008-04-24,629099.05,6238063.68,0,30,67.0,81.0,42.0,93.0,717.0,2.93,5.5,6.76,11.7,0.65,0.149,1.94,0.4,0.397,0.5,,6.01
1,2194,11,2008-04-24,629099.05,6238063.68,30,50,101.0,78.0,39.0,90.0,692.0,3.32,5.2,2.29,4.0,0.31,0.128,1.54,0.33,0.384,0.5,,5.0
1,2195,11,2008-02-05,645080.64,6237929.69,0,23,262.0,144.0,125.0,189.0,280.0,14.0,8.2,8.85,15.3,0.89,0.059,14.5,0.52,0.507,27.3,,20.7
1,2195,11,2008-02-05,645080.64,6237929.69,31,50,254.0,127.0,116.0,255.0,248.0,13.8,8.4,5.78,10.0,0.64,0.013,14.3,0.61,0.287,17.4,,18.4
1,2196,11,2008-04-22,661062.15,6237795.51,0,24,149.0,144.0,121.0,292.0,294.0,7.87,8.5,8.99,15.6,0.71,0.028,9.32,0.62,0.478,188.0,,13.1
1,2196,11,2008-04-22,661062.15,6237795.51,30,50,189.0,174.0,108.0,283.0,246.0,9.0,8.6,6.78,11.7,0.56,0.036,10.7,0.76,0.347,165.0,,13.2
1,2197,11,2008-03-05,677043.62,6237661.17,0,30,223.0,286.0,134.0,177.0,180.0,9.97,8.5,8.27,14.3,0.89,0.005,12.0,1.12,0.328,195.0,,11.6
1,2197,11,2008-03-05,677043.62,6237661.17,30,50,246.0,236.0,115.0,196.0,207.0,10.9,8.5,6.24,10.8,0.75,0.005,12.8,1.33,0.19,133.0,,14.6
1,2198,11,2008-03-04,693025.18,6237526.75,0,20,174.0,227.0,264.0,281.0,54.0,8.71,8.5,8.11,14.0,0.76,0.015,10.6,0.84,0.452,202.0,,14.6
1,2198,11,2008-03-04,693025.18,6237526.75,30,50,169.0,249.0,264.0,270.0,48.0,7.84,8.5,5.48,9.5,0.51,0.005,10.2,0.74,0.187,202.0,,11.6
1,2199,11,2008-03-06,709006.77,6237392.05,0,30,236.0,163.0,210.0,318.0,73.0,11.3,8.4,8.88,15.4,0.8,0.005,13.5,0.7,0.311,151.0,,18.8
1,2199,11,2008-03-06,709006.77,6237392.05,30,50,240.0,175.0,208.0,298.0,79.0,11.3,8.5,6.01,10.4,0.56,0.005,13.9,0.68,0.19,168.0,,16.1
1,2204,13,2004-02-04,916767.09,6235624.25,0,30,213.0,174.0,193.0,275.0,145.0,15.1,8.53,6.16,10.7,0.58,0.0245,15.0,0.584,0.44,449.0,,22.7
1,2204,13,2004-02-04,916767.09,6235624.25,30,50,212.0,175.0,192.0,265.0,156.0,15.4,8.5,6.27,10.8,0.563,0.0133,15.4,0.575,0.343,446.0,,17.0
1,2205,83,2007-01-23,932748.48,6235487.01,0,30,354.0,183.0,181.0,193.0,89.0,33.0,8.1,43.8,75.8,2.58,0.011,34.3,1.43,0.464,134.0,,34.0
1,2205,83,2007-01-23,932748.48,6235487.01,30,50,278.0,188.0,193.0,228.0,113.0,23.9,8.3,21.3,36.8,1.26,0.005,25.9,0.83,0.239,233.0,,25.6
1,2205,83,2007-01-23,932748.48,6235487.01,-5,0,,,,,,94.3,7.2,267.0,463.0,10.3,0.073,93.5,6.56,1.2,20.4,,88.0
1,2206,83,2005-10-20,948729.78,6235349.62,0,30,404.0,218.0,145.0,95.0,138.0,21.8,8.1,25.7,44.4,2.73,0.088,21.9,2.33,0.65,147.0,,21.8
1,2206,83,2005-10-20,948729.78,6235349.62,30,50,385.0,215.0,142.0,101.0,157.0,18.8,8.2,18.9,32.8,1.84,0.062,18.0,2.51,0.351,160.0,,19.0
1,2207,83,2005-12-08,964711.09,6235212.0,0,30,56.0,76.0,71.0,300.0,497.0,5.08,6.3,9.07,15.7,0.67,0.025,4.53,0.81,0.384,0.5,,5.59
1,2207,83,2005-12-08,964711.09,6235212.0,30,50,45.0,80.0,75.0,274.0,526.0,4.98,5.7,7.46,12.9,0.57,0.011,3.77,0.71,0.298,0.5,,6.0
1,2210,2B,2009-06-04,1220411.98,6232984.5,0,30,67.0,75.0,53.0,192.0,613.0,11.7,6.91,27.3,47.2,2.1,0.012,8.75,3.16,0.408,1.06,,10.7
1,2211,64,2006-06-27,341297.33,6224462.67,0,30,223.0,318.0,142.0,137.0,180.0,3.74,4.5,25.4,44.0,2.53,0.019,0.7,0.33,0.224,0.5,,18.2
1,2211,64,2006-06-27,341297.33,6224462.67,30,50,222.0,324.0,143.0,146.0,165.0,2.42,4.7,6.86,11.9,0.84,0.007,0.19,0.1,0.094,0.5,,13.0
1,2212,64,2006-06-28,357278.76,6224331.93,0,20,503.0,351.0,66.0,25.0,55.0,9.66,5.2,56.9,98.4,5.1,0.009,6.06,0.59,0.258,0.5,,35.7
1,2213,64,2007-06-29,373260.21,6224200.97,0,30,302.0,334.0,120.0,115.0,129.0,6.72,4.2,56.4,97.7,2.94,0.005,0.21,0.2,0.227,0.5,,32.8
1,2213,64,2007-06-29,373260.21,6224200.97,30,50,289.0,363.0,127.0,113.0,108.0,4.01,4.5,25.3,43.8,1.53,0.005,0.05,0.07,0.11,0.5,,24.4
1,2214,64,2007-06-26,389241.67,6224069.81,0,30,311.0,253.0,60.0,71.0,305.0,5.23,4.3,38.5,66.6,2.92,0.005,0.7,0.26,0.172,0.5,,21.0
1,2214,64,2007-06-26,389241.67,6224069.81,30,50,328.0,287.0,58.0,60.0,267.0,3.84,4.5,26.4,45.6,2.14,0.005,0.36,0.17,0.101,0.5,,19.8
1,2215,64,2007-06-27,405223.14,6223938.45,0,30,239.0,308.0,123.0,151.0,179.0,12.0,6.0,26.2,45.3,2.22,0.012,11.1,2.67,0.364,0.5,,24.2
1,2215,64,2007-06-27,405223.14,6223938.45,30,50,237.0,299.0,134.0,162.0,168.0,7.88,5.9,12.5,21.5,1.18,0.005,7.43,2.53,0.173,0.5,,18.7
1,2216,64,2007-06-27,421204.66,6223806.94,0,30,147.0,239.0,173.0,276.0,165.0,9.92,8.0,19.5,33.8,2.14,0.015,13.9,0.33,0.042,87.1,,12.55
1,2216,64,2007-06-27,421204.66,6223806.94,30,50,98.0,176.0,144.0,350.0,232.0,6.37,8.3,8.2,14.2,0.94,0.005,8.33,0.14,0.028,108.0,,6.6
1,2217,64,2007-07-03,437186.24,6223675.31,0,25,399.0,345.0,174.0,71.0,11.0,50.6,7.6,110.0,191.0,8.37,0.027,37.5,14.4,0.171,179.0,,48.1
1,2218,65,2007-06-13,453167.85,6223543.52,0,30,347.0,364.0,94.0,45.0,150.0,15.5,5.6,77.8,135.0,7.75,0.021,13.3,1.68,0.461,2.1,,32.9
1,2219,65,2006-07-05,469149.49,6223411.53,0,30,353.0,310.0,99.0,85.0,153.0,8.14,5.8,23.0,39.8,2.33,0.018,7.37,0.57,0.126,0.5,,21.3
1,2219,65,2006-07-05,469149.49,6223411.53,30,50,375.0,319.0,94.0,83.0,129.0,6.3,6.3,12.8,22.1,1.22,0.006,5.97,0.32,0.072,0.5,,17.0
1,2220,65,2007-05-08,485131.19,6223279.31,0,30,396.0,231.0,93.0,140.0,140.0,6.19,4.2,54.5,94.2,3.1,0.005,0.37,0.14,0.071,0.5,,27.4
1,2220,65,2007-05-08,485131.19,6223279.31,30,50,369.0,251.0,102.0,135.0,143.0,3.76,4.3,30.0,51.9,1.73,0.005,0.06,0.05,0.032,0.5,,21.8
1,2221,31,2007-02-14,501112.88,6223146.94,0,30,320.0,278.0,141.0,114.0,147.0,8.99,7.0,16.8,29.0,1.64,0.013,8.82,0.66,0.164,1.5,,18.2
1,2222,31,2007-06-21,517094.44,6223014.42,0,30,269.0,263.0,146.0,102.0,220.0,5.46,4.5,14.5,25.2,1.65,0.011,2.41,0.3,0.347,28.3,,14.4
1,2222,31,2007-06-21,517094.44,6223014.42,30,50,290.0,291.0,135.0,85.0,199.0,5.18,4.5,9.9,17.1,1.07,0.005,1.36,0.21,0.26,1.4,,13.2
1,2223,31,2007-11-27,533075.97,6222881.74,0,30,174.0,281.0,261.0,184.0,100.0,6.13,5.9,14.8,25.7,1.63,0.014,5.96,0.72,0.139,0.5,,11.54
1,2223,31,2007-11-27,533075.97,6222881.74,30,50,169.0,280.0,266.0,192.0,93.0,5.98,6.3,6.02,10.4,0.75,0.005,5.03,0.41,0.081,0.5,,10.3
1,2224,09,2007-06-04,549057.6,6222748.94,0,30,503.0,189.0,135.0,95.0,78.0,40.0,7.3,51.7,89.5,3.67,0.005,37.2,1.45,0.4,2.3,,38.2
1,2225,09,2007-06-18,565039.19,6222615.95,0,25,446.0,196.0,140.0,158.0,60.0,31.3,7.0,42.7,73.8,3.46,0.005,29.9,1.11,0.191,1.5,,37.6
1,2226,09,2006-05-11,581020.7,6222482.78,0,30,248.0,256.0,178.0,174.0,144.0,8.52,6.1,9.46,16.4,0.97,0.049,8.12,0.69,0.375,1.0,,18.5
1,2226,09,2006-05-11,581020.7,6222482.78,40,50,295.0,250.0,152.0,145.0,158.0,8.58,5.6,2.38,4.1,0.37,0.003,7.43,0.64,0.178,0.5,,17.0
1,2227,09,2006-05-19,597002.21,6222349.47,0,25,125.0,260.0,327.0,159.0,129.0,5.06,6.6,7.63,13.2,0.81,0.078,3.79,0.49,0.849,1.2,,7.18
1,2227,09,2006-05-19,597002.21,6222349.47,35,50,135.0,285.0,326.0,164.0,90.0,4.7,7.0,3.64,6.3,0.41,0.026,3.18,0.32,0.675,0.5,,6.0
1,2228,09,2007-02-27,612983.72,6222215.95,0,30,207.0,343.0,210.0,171.0,69.0,13.5,8.4,18.0,31.1,1.5,0.005,15.7,0.23,0.142,482.0,,16.0
1,2228,09,2007-02-27,612983.72,6222215.95,30,50,249.0,392.0,164.0,142.0,53.0,11.1,8.7,3.23,5.6,0.61,0.005,13.4,0.14,0.103,528.0,,11.5
1,2229,11,2008-02-07,628965.23,6222082.21,0,30,259.0,168.0,140.0,190.0,243.0,23.0,8.3,6.18,10.7,0.67,0.017,24.6,0.83,0.353,12.3,,27.3
1,2229,11,2008-02-07,628965.23,6222082.21,38,50,239.0,181.0,146.0,187.0,247.0,22.7,8.4,3.07,5.3,0.43,0.005,23.7,0.64,0.199,16.7,,29.1
1,2230,11,2008-02-06,644946.62,6221948.27,0,30,256.0,169.0,152.0,209.0,214.0,16.2,8.5,8.56,14.8,0.87,0.005,16.6,0.84,0.304,106.0,,23.1
1,2230,11,2008-02-06,644946.62,6221948.27,30,50,261.0,168.0,160.0,211.0,200.0,15.8,8.5,4.35,7.5,0.49,0.005,16.7,0.81,0.199,85.4,,20.1
1,2231,11,2008-03-20,660927.88,6221814.06,0,25,171.0,397.0,306.0,92.0,34.0,10.7,8.4,12.2,21.1,1.14,0.015,12.8,0.61,0.421,233.0,,12.3
1,2231,11,2008-03-20,660927.88,6221814.06,30,50,336.0,371.0,206.0,68.0,19.0,18.4,8.5,7.35,12.7,0.88,0.005,19.2,1.09,0.309,116.0,,27.0
1,2232,11,2008-03-19,676909.2,6221679.76,0,21,161.0,136.0,147.0,306.0,250.0,9.32,8.5,7.17,12.4,0.63,0.019,10.9,0.33,0.387,231.0,,13.9
1,2232,11,2008-03-19,676909.2,6221679.76,31,50,169.0,160.0,152.0,302.0,217.0,8.28,8.6,4.24,7.3,0.41,0.028,10.4,0.26,0.249,288.0,,12.2
1,2233,11,2007-11-08,692890.55,6221545.37,0,30,216.0,89.0,109.0,471.0,115.0,9.84,8.4,3.41,5.9,0.4,0.005,11.8,0.42,0.322,68.1,,12.2
1,2234,11,2008-03-18,708871.91,6221410.67,0,30,77.0,1.0,1.0,233.0,688.0,0.5,9.2,2.58,4.5,0.08,0.005,2.87,1.64,0.23,286.0,2.23,2.93
1,2234,11,2008-03-18,708871.91,6221410.67,30,50,85.0,2.0,5.0,185.0,723.0,0.5,9.1,3.14,5.4,0.07,0.005,3.15,3.45,0.397,237.0,5.38,4.8
1,2237,83,2006-03-29,964573.34,6219230.79,0,30,90.0,66.0,87.0,243.0,514.0,3.36,6.4,7.37,12.7,0.6,0.025,2.32,0.56,0.379,0.5,0.011,5.49
1,2237,83,2006-03-29,964573.34,6219230.79,30,50,96.0,62.0,90.0,218.0,534.0,2.8,6.6,4.29,7.4,0.37,0.024,1.84,0.42,0.32,0.5,0.007,3.0
1,2238,83,2006-03-30,980554.54,6219092.96,0,28,109.0,78.0,62.0,233.0,518.0,7.04,6.4,22.6,39.1,1.17,0.005,5.36,2.16,0.324,0.5,,10.4
1,2238,83,2006-03-30,980554.54,6219092.96,28,48,109.0,89.0,74.0,228.0,500.0,4.86,6.3,7.21,12.5,0.37,0.001,2.34,1.5,0.261,0.5,,6.0
1,2238,83,2006-03-30,980554.54,6219092.96,-2,0,,,,,,51.4,5.8,282.0,488.0,9.51,0.096,34.4,11.9,1.29,0.5,,69.4
1,2239,2B,2007-05-31,1220271.32,6217003.44,0,30,191.0,387.0,148.0,121.0,153.0,15.2,6.3,28.9,50.0,1.6,0.005,5.64,8.25,0.239,0.5,,17.9
1,2239,2B,2007-05-31,1220271.32,6217003.44,30,50,174.0,375.0,144.0,108.0,199.0,12.0,6.8,14.0,24.3,0.85,0.005,3.96,6.98,0.182,0.5,,14.1
1,2243,64,2007-06-28,405091.76,6207957.0,0,30,253.0,249.0,128.0,158.0,212.0,5.73,4.3,58.3,101.0,3.85,0.013,0.9,0.34,0.173,1.2,,26.8
1,2243,64,2007-06-28,405091.76,6207957.0,30,45,165.0,275.0,134.0,181.0,245.0,3.19,4.6,30.1,52.1,2.05,0.005,0.17,0.1,0.057,0.5,,19.6
1,2244,64,2007-09-06,421073.1,6207825.49,0,30,258.0,248.0,105.0,150.0,239.0,4.81,4.5,45.1,78.0,4.14,0.014,1.0,0.47,0.145,0.5,,23.2
1,2244,64,2007-09-06,421073.1,6207825.49,30,50,245.0,263.0,110.0,150.0,232.0,2.93,4.7,23.4,40.4,2.2,0.014,0.44,0.24,0.068,0.5,,15.9
1,2246,65,2007-05-24,453035.92,6207562.04,0,30,305.0,335.0,179.0,113.0,68.0,63.9,7.8,131.0,227.0,11.3,0.031,66.2,1.85,0.197,141.0,,46.9
1,2246,65,2007-05-24,453035.92,6207562.04,30,46,216.0,403.0,166.0,126.0,89.0,43.2,7.9,83.3,144.0,7.83,0.017,46.2,1.08,0.119,226.0,,35.7
1,2247,65,2007-06-14,469017.4,6207430.06,0,20,266.0,242.0,119.0,100.0,273.0,10.4,4.8,125.0,216.0,9.64,0.024,4.85,0.99,0.21,1.6,,44.3
1,2248,65,2006-06-27,484998.93,6207297.88,0,30,368.0,359.0,118.0,81.0,74.0,17.0,5.5,43.9,76.0,4.86,0.02,14.9,1.76,0.098,0.5,,26.6
1,2249,65,2007-09-12,500980.44,6207165.54,0,30,168.0,184.0,127.0,245.0,276.0,18.5,5.5,90.0,156.0,7.99,0.014,18.2,0.79,0.102,0.5,,31.9
1,2249,65,2007-09-12,500980.44,6207165.54,30,50,104.0,157.0,144.0,258.0,337.0,13.5,5.8,47.6,82.4,3.67,0.005,13.2,0.5,0.049,0.5,,19.6
1,2250,31,2007-06-07,516961.86,6207033.0,0,30,425.0,423.0,106.0,31.0,15.0,44.5,7.4,89.7,155.0,9.76,0.037,47.6,1.23,0.199,9.4,,38.0
1,2251,09,2007-06-19,532943.27,6206900.33,0,30,183.0,488.0,182.0,94.0,53.0,6.62,5.5,59.0,102.0,3.73,0.011,3.65,0.8,0.389,1.7,,46.4
1,2251,09,2007-06-19,532943.27,6206900.33,30,50,153.0,498.0,189.0,100.0,60.0,3.22,5.5,32.8,56.7,2.05,0.005,1.06,0.23,0.176,2.4,,43.4
1,2253,09,2007-06-07,564906.11,6206634.55,0,30,269.0,384.0,113.0,43.0,191.0,6.96,4.2,62.4,108.0,3.93,0.013,0.4,0.24,0.191,1.4,,31.8
1,2253,09,2007-06-07,564906.11,6206634.55,30,50,229.0,434.0,120.0,52.0,165.0,3.79,4.5,34.0,58.9,2.2,0.005,0.2,0.12,0.096,1.1,,27.4
1,2254,09,2007-06-20,580887.47,6206501.44,0,30,228.0,208.0,94.0,108.0,362.0,10.8,5.1,23.0,39.8,2.18,0.015,7.81,1.88,0.333,1.1,,23.3
1,2254,09,2007-06-20,580887.47,6206501.44,30,50,176.0,175.0,95.0,121.0,433.0,10.8,5.3,8.55,14.8,0.95,0.005,8.0,1.97,0.158,1.6,,17.6
1,2255,09,2007-02-28,596868.76,6206368.13,0,30,142.0,79.0,60.0,602.0,117.0,9.4,6.8,16.3,28.1,1.18,0.005,9.52,0.34,0.089,0.5,,15.1
1,2255,09,2007-02-28,596868.76,6206368.13,30,50,157.0,79.0,69.0,585.0,110.0,7.59,7.8,5.7,9.9,0.53,0.005,7.75,0.16,0.074,0.5,,10.4
1,2256,09,2007-03-01,612850.05,6206234.62,0,30,314.0,236.0,270.0,156.0,24.0,17.2,5.6,27.1,46.9,1.5,0.005,15.9,1.02,0.336,0.5,,23.3
1,2256,09,2007-03-01,612850.05,6206234.62,30,50,345.0,234.0,261.0,136.0,24.0,17.9,6.5,10.9,18.9,0.82,0.005,18.4,0.66,0.278,0.5,,23.8
1,2257,11,2007-02-27,628831.37,6206100.93,0,30,315.0,201.0,201.0,221.0,62.0,18.2,7.8,17.7,30.7,1.33,0.005,18.9,0.44,0.24,5.8,,17.3
1,2257,11,2007-02-27,628831.37,6206100.93,30,50,335.0,198.0,198.0,221.0,48.0,16.2,8.1,6.87,11.9,0.66,0.005,16.7,0.26,0.203,2.6,,18.7
1,2259,11,2007-03-06,660793.73,6205832.93,0,30,163.0,119.0,136.0,489.0,93.0,7.46,5.4,16.5,28.6,1.24,0.005,6.19,1.07,0.094,0.5,,14.2
1,2259,11,2007-03-06,660793.73,6205832.93,30,50,154.0,138.0,122.0,493.0,93.0,5.52,6.2,4.8,8.3,0.56,0.005,5.22,0.71,0.059,0.5,,10.6
1,2260,11,2007-03-05,676774.83,6205698.64,0,30,164.0,207.0,110.0,181.0,338.0,8.42,6.0,30.5,52.8,1.53,0.005,6.19,1.81,0.549,0.5,,13.2
1,2261,11,2008-04-01,692755.95,6205564.19,0,20,193.0,197.0,150.0,150.0,310.0,12.2,8.3,15.7,27.2,1.23,0.016,12.6,1.18,0.408,244.0,,16.7
1,2264,2B,2009-06-11,1220130.68,6201022.57,0,30,167.0,107.0,96.0,248.0,382.0,11.8,8.4,6.91,11.9,0.535,0.013,11.9,0.894,0.559,7.22,,14.8
1,2264,2B,2009-06-11,1220130.68,6201022.57,30,50,172.0,112.0,97.0,234.0,385.0,10.9,8.45,4.59,7.95,0.369,0.012,11.5,0.82,0.412,4.91,,11.8
1,2269,65,2007-06-12,452904.02,6191580.77,0,20,135.0,137.0,67.0,168.0,493.0,14.5,6.0,54.3,94.0,4.84,0.017,13.9,1.41,0.191,0.5,,15.1
1,2270,65,2007-05-10,468885.32,6191448.8,0,30,207.0,308.0,84.0,93.0,308.0,5.09,4.7,49.6,85.8,3.25,0.011,1.27,0.29,0.121,0.5,,23.97
1,2270,65,2007-05-10,468885.32,6191448.8,30,50,167.0,375.0,162.0,98.0,198.0,2.86,4.9,30.2,52.2,2.09,0.005,0.59,0.13,0.051,0.5,,20.0
1,2270,65,2007-05-10,468885.32,6191448.8,-5,0,,,,,,63.8,5.8,364.0,630.0,17.5,0.141,49.6,6.3,1.63,2.2,,84.1
1,2271,65,2007-06-11,484866.66,6191316.64,0,30,178.0,289.0,75.0,90.0,368.0,4.25,5.0,39.3,67.9,3.98,0.011,2.11,0.38,0.092,0.5,,17.0
1,2272,31,2007-05-09,500848.0,6191184.31,0,30,185.0,283.0,171.0,138.0,223.0,14.7,6.0,43.9,75.9,3.06,0.016,13.2,1.45,0.282,0.5,,23.9
1,2272,31,2007-05-09,500848.0,6191184.31,30,50,180.0,278.0,180.0,143.0,219.0,7.26,5.9,21.3,36.8,1.55,0.005,6.27,0.65,0.117,0.5,,18.1
1,2276,09,2007-06-06,564773.05,6190653.37,0,30,233.0,356.0,229.0,149.0,33.0,41.4,7.2,81.3,141.0,5.53,0.014,39.6,3.84,0.19,5.1,,54.7
1,2276,09,2007-06-06,564773.05,6190653.37,30,50,229.0,163.0,400.0,171.0,37.0,32.8,7.5,45.9,79.4,3.18,0.012,31.4,2.48,0.1,10.4,,45.5
1,2277,09,2007-06-06,580754.24,6190520.28,0,30,217.0,177.0,61.0,93.0,452.0,5.47,4.9,59.9,104.0,3.97,0.005,1.51,0.66,0.39,0.5,,25.5
1,2277,09,2007-06-06,580754.24,6190520.28,30,50,192.0,203.0,82.0,113.0,410.0,3.28,4.9,37.2,64.3,2.65,0.005,0.34,0.14,0.07,1.4,,25.7
1,2278,09,2007-06-04,596735.34,6190386.96,0,30,175.0,162.0,87.0,194.0,382.0,5.66,4.9,74.4,129.0,4.58,0.005,2.21,0.44,0.247,1.1,,29.7
1,2278,09,2007-06-04,596735.34,6190386.96,30,50,92.0,146.0,91.0,176.0,495.0,2.61,5.0,37.4,64.7,2.04,0.005,0.32,0.09,0.082,1.3,,24.2
1,2279,11,2008-10-14,612716.4,6190253.46,0,30,204.0,209.0,100.0,172.0,315.0,25.3,7.86,42.7,73.8,4.21,0.018,27.2,0.688,0.254,401.0,,23.0
1,2280,11,2006-10-11,628697.53,6190119.84,0,30,364.0,232.0,146.0,113.0,145.0,22.7,8.0,36.5,63.1,3.09,0.01,18.6,5.29,0.174,334.0,,24.3
1,2280,11,2006-10-11,628697.53,6190119.84,30,50,368.0,270.0,140.0,104.0,118.0,18.4,8.2,26.3,45.4,2.21,0.005,15.6,4.33,0.118,196.0,,19.4
1,2281,11,2006-10-13,644678.61,6189986.0,0,30,208.0,164.0,108.0,477.0,43.0,9.89,5.4,27.0,46.8,1.46,0.005,8.97,0.8,0.176,0.5,,15.6
1,2281,11,2006-10-13,644678.61,6189986.0,30,50,213.0,162.0,101.0,458.0,66.0,9.12,5.7,10.6,18.3,0.61,0.001,8.49,0.46,0.126,0.5,,13.9
1,2282,66,2008-10-15,660659.56,6189851.91,0,30,212.0,277.0,212.0,207.0,92.0,10.7,8.6,9.01,15.6,0.89,0.006,12.4,0.85,0.387,166.0,,11.6
1,2283,66,2008-04-02,676640.44,6189717.63,0,20,318.0,91.0,103.0,227.0,261.0,12.1,8.4,3.94,6.8,0.57,0.021,13.5,0.71,0.3,16.4,,22.5
1,2283,66,2008-04-02,676640.44,6189717.63,30,50,306.0,95.0,102.0,218.0,279.0,11.9,8.3,2.89,5.0,0.49,0.005,13.2,0.61,0.263,20.2,,19.3
1,2284,66,2008-04-03,692621.34,6189583.16,0,30,242.0,179.0,136.0,206.0,237.0,10.2,8.4,8.04,13.9,0.75,0.014,10.7,0.46,0.647,13.6,,12.12
1,2287,2B,2009-06-08,1188028.71,6185322.71,0,21,106.0,97.0,72.0,218.0,507.0,4.32,5.73,9.31,16.1,0.843,0.009,2.88,1.22,0.116,0.5,,7.64
1,2287,2B,2009-06-08,1188028.71,6185322.71,27,50,108.0,96.0,40.0,145.0,611.0,3.96,5.85,3.86,6.68,0.359,0.008,2.25,1.29,0.0861,0.5,,5.79
1,2288,2B,2009-06-10,1204009.42,6185182.38,0,30,146.0,153.0,106.0,169.0,426.0,26.5,6.69,8.38,14.5,0.759,0.006,16.8,9.7,0.17,0.5,,29.3
1,2289,2B,2007-05-30,1219990.07,6185041.84,0,30,180.0,363.0,121.0,115.0,221.0,17.0,6.2,30.1,52.2,1.71,0.005,7.57,8.75,0.111,0.5,,19.6
1,2289,2B,2007-05-30,1219990.07,6185041.84,30,50,156.0,425.0,109.0,91.0,219.0,12.6,6.6,14.8,25.6,0.95,0.005,4.6,6.94,0.066,1.3,,12.9
1,2290,2B,2009-06-05,1235970.71,6184901.04,0,30,37.0,12.0,14.0,169.0,768.0,2.87,6.01,6.25,10.8,0.478,0.006,1.65,2.58,0.24,0.5,0.367,4.44
1,2290,2B,2009-06-05,1235970.71,6184901.04,30,50,30.0,14.0,15.0,177.0,764.0,2.78,6.36,3.99,6.9,0.286,0.0025,1.7,1.6,0.119,0.5,0.0994,3.89
1,2298,09,2007-06-05,596601.94,6174405.99,0,30,261.0,217.0,111.0,164.0,247.0,5.77,4.8,92.0,159.0,7.24,0.026,1.74,0.49,0.345,0.5,,34.4
1,2300,66,2006-10-10,628563.74,6174138.95,0,30,164.0,142.0,109.0,95.0,490.0,8.27,5.4,46.7,80.7,3.34,0.011,6.39,0.85,0.426,0.5,,28.2
1,2300,66,2006-10-10,628563.74,6174138.95,30,50,153.0,153.0,110.0,96.0,488.0,4.42,5.6,29.9,51.7,2.03,0.009,3.11,0.48,0.479,0.5,,27.5
1,2300,66,2006-10-10,628563.74,6174138.95,-1,0,,,,,,69.4,6.0,350.0,605.0,16.4,0.197,61.2,8.86,2.21,2.0,,88.5
1,2301,66,2006-10-04,644544.59,6174005.09,0,30,217.0,219.0,172.0,133.0,259.0,13.7,5.2,63.3,110.0,3.66,0.025,9.81,2.59,0.66,0.5,,27.3
1,2302,66,2006-10-03,660525.36,6173871.01,0,30,106.0,112.0,89.0,184.0,509.0,9.49,5.9,14.9,25.8,0.85,0.008,7.49,1.66,0.237,0.5,,15.6
1,2302,66,2006-10-03,660525.36,6173871.01,30,50,103.0,99.0,104.0,206.0,488.0,10.6,5.8,5.94,10.3,0.37,0.005,7.98,2.15,0.182,0.5,,15.3
1,2303,66,2008-10-16,676506.06,6173736.76,0,30,145.0,257.0,150.0,285.0,163.0,5.58,5.8,6.97,12.1,1.04,0.032,4.65,0.81,0.258,0.5,,10.1
1,2303,66,2008-10-16,676506.06,6173736.76,30,50,141.0,250.0,150.0,269.0,190.0,5.5,5.7,6.2,10.7,0.98,0.032,4.52,0.81,0.242,0.5,,8.2
1,2304,66,2008-09-11,692486.75,6173602.3,0,30,362.0,366.0,136.0,80.0,56.0,27.7,8.2,11.5,19.8,1.26,0.034,25.8,2.8,0.506,5.2,,36.4
1,2307,2B,2009-06-07,1171907.86,6169482.25,0,30,110.0,138.0,78.0,132.0,542.0,5.26,6.21,13.5,23.4,0.864,0.011,3.92,1.17,0.271,0.5,,9.73
1,2308,2B,2009-06-05,1187888.41,6169342.09,0,30,132.0,291.0,158.0,97.0,322.0,5.67,5.64,23.2,40.1,1.13,0.006,3.44,1.42,0.281,0.5,,13.0
1,2309,2B,2009-06-04,1203868.95,6169201.76,0,30,100.0,146.0,82.0,132.0,540.0,3.22,5.38,16.7,28.9,1.41,0.016,1.86,0.334,0.211,0.5,,10.83
1,2310,2B,2009-06-07,1219849.48,6169061.23,0,30,127.0,228.0,137.0,171.0,337.0,11.2,6.84,23.5,40.7,1.77,0.006,10.0,1.2,0.151,0.5,,12.5
1,2311,2B,2009-06-04,1235829.96,6168920.41,0,30,204.0,255.0,106.0,184.0,251.0,4.86,5.3,22.4,38.7,1.62,0.0025,1.44,1.06,0.551,0.5,,15.6
1,2312,66,2008-07-07,596468.54,6158425.26,0,30,195.0,207.0,89.0,149.0,360.0,4.74,4.6,65.9,114.0,4.48,0.009,0.61,0.15,0.148,0.5,,40.4
1,2312,66,2008-07-07,596468.54,6158425.26,-5,0,,,,,,11.5,4.75,139.0,241.0,9.65,0.04,7.14,1.4,0.803,0.5,,50.2
1,2313,66,2008-07-08,612449.28,6158291.85,0,30,187.0,149.0,57.0,88.0,519.0,9.0,4.8,66.6,115.0,5.81,0.052,4.74,1.23,0.495,0.5,,29.3
1,2314,66,2008-07-09,628429.97,6158158.27,0,30,119.0,98.0,83.0,185.0,515.0,7.81,5.7,22.1,38.3,1.96,0.015,6.39,1.12,0.315,0.5,,15.0
1,2314,66,2008-07-09,628429.97,6158158.27,30,50,98.0,79.0,73.0,151.0,599.0,5.21,5.9,7.98,13.8,0.84,0.006,3.77,0.54,0.246,0.5,,11.3
1,2315,66,2006-10-05,644410.59,6158024.4,0,30,165.0,263.0,110.0,118.0,344.0,12.4,5.3,54.7,94.6,3.65,0.017,9.55,1.91,0.284,0.5,,24.6
1,2315,66,2006-10-05,644410.59,6158024.4,30,50,132.0,269.0,131.0,138.0,330.0,8.33,5.1,30.0,51.9,1.96,0.013,5.64,1.26,0.352,0.5,,19.2
1,2316,66,2006-09-27,660391.17,6157890.32,-15,0,,,,,,48.5,4.7,358.0,620.0,12.6,0.175,38.3,4.3,1.85,0.5,,92.9
1,2317,66,2006-09-28,676371.69,6157756.07,0,30,216.0,270.0,87.0,95.0,332.0,6.76,5.3,32.1,55.5,2.36,0.012,4.78,1.31,0.187,0.5,,17.1
1,2318,66,2006-09-26,692352.21,6157621.6,0,30,90.0,114.0,90.0,151.0,555.0,9.7,5.1,13.4,23.2,0.71,0.008,5.69,2.94,0.226,0.5,,14.9
1,2318,66,2006-09-26,692352.21,6157621.6,30,50,90.0,118.0,85.0,145.0,562.0,13.3,5.4,5.18,9.0,0.29,0.009,7.68,4.29,0.165,0.5,,16.6
1,2318,66,2006-09-26,692352.21,6157621.6,-4,0,,,,,,52.7,6.0,218.0,377.0,10.7,0.115,42.1,8.43,1.37,2.6,,63.3
1,2319,66,2008-09-10,708332.83,6157486.89,0,30,107.0,243.0,125.0,160.0,365.0,7.6,5.8,10.7,18.5,1.22,0.042,5.57,1.6,0.323,0.5,,15.1
1,2321,2A,2009-06-07,1171767.76,6153501.79,0,30,234.0,191.0,82.0,124.0,369.0,17.1,5.83,70.2,121.0,3.72,0.018,12.4,3.43,0.846,0.5,,31.6
1,2322,2B,2007-05-28,1187748.12,6153361.63,0,30,187.0,125.0,57.0,96.0,535.0,15.2,5.4,117.0,202.0,4.38,0.014,11.8,1.96,0.352,0.5,,30.0
1,2322,2B,2007-05-28,1187748.12,6153361.63,30,45,120.0,93.0,51.0,98.0,638.0,5.8,5.3,54.6,94.4,1.91,0.005,2.91,0.73,0.164,0.5,,17.7
1,2324,2B,2009-06-08,1219708.84,6153080.73,0,25,232.0,234.0,98.0,114.0,322.0,18.1,6.56,56.4,97.6,3.33,0.014,8.52,9.0,0.407,0.5,,24.9
1,2325,2B,2009-06-06,1235689.15,6152939.91,0,25,200.0,146.0,111.0,166.0,377.0,29.4,6.71,12.7,22.1,1.05,0.009,18.8,10.2,0.405,0.5,,35.07
1,2329,66,2008-09-09,660256.99,6141909.83,0,30,191.0,179.0,81.0,89.0,460.0,6.67,5.4,14.7,25.5,1.5,0.013,4.47,0.77,0.281,0.5,,21.5
1,2329,66,2008-09-09,660256.99,6141909.83,-3,0,260.0,172.0,125.0,81.0,362.0,24.4,6.32,107.0,186.0,8.3,0.099,19.2,3.85,2.58,0.5,,30.5
1,2334,2A,2009-06-15,1171627.66,6137521.51,0,29,167.0,141.0,99.0,102.0,491.0,5.27,4.77,69.7,121.0,5.76,0.021,2.14,0.544,0.199,0.5,,25.5
1,2335,2A,2007-05-29,1187607.84,6137381.34,0,30,142.0,130.0,54.0,128.0,546.0,4.53,4.9,33.6,58.2,2.12,0.005,1.75,0.45,0.152,0.5,,14.8
1,2335,2A,2007-05-29,1187607.84,6137381.34,30,50,114.0,117.0,44.0,139.0,586.0,2.16,5.1,19.7,34.0,1.33,0.005,0.44,0.18,0.117,0.5,,13.0
1,2336,2B,2007-05-24,1203588.01,6137240.98,0,30,74.0,56.0,28.0,60.0,782.0,6.35,4.9,35.0,60.5,2.02,0.018,3.35,1.01,0.204,0.5,,11.35
1,2336,2B,2007-05-24,1203588.01,6137240.98,30,50,54.0,49.0,22.0,40.0,835.0,4.35,4.8,18.3,31.7,1.05,0.005,1.21,0.45,0.14,0.5,,6.4
1,2336,2B,2007-05-24,1203588.01,6137240.98,-10,0,,,,,,53.6,5.3,317.0,548.0,14.1,0.107,38.6,7.09,1.16,1.6,,63.2
1,2337,2B,2009-06-10,1219568.16,6137100.41,0,30,249.0,200.0,110.0,145.0,296.0,12.4,6.16,33.4,57.9,2.27,0.006,10.4,1.66,0.343,0.5,,18.8
1,2337,2B,2009-06-10,1219568.16,6137100.41,30,50,270.0,206.0,98.0,150.0,276.0,9.41,6.13,21.7,37.5,1.66,0.0025,7.9,1.15,0.242,0.5,,15.6
1,2338,2B,2009-06-11,1235548.29,6136959.62,0,30,80.0,106.0,75.0,269.0,470.0,4.23,6.23,10.7,18.5,0.837,0.013,3.02,0.722,0.346,0.5,,7.41
1,2341,2A,2009-06-10,1203447.54,6121260.85,0,30,108.0,103.0,69.0,177.0,543.0,3.26,4.95,43.0,74.4,3.31,0.018,1.1,0.29,0.163,0.5,,16.43
1,2342,2B,2009-06-10,1219427.49,6121120.28,0,30,179.0,146.0,66.0,113.0,496.0,6.26,5.12,63.3,110.0,3.25,0.016,3.03,0.83,0.301,0.5,,30.1
1,2342,2B,2009-06-10,1219427.49,6121120.28,30,50,145.0,176.0,75.0,138.0,466.0,3.67,5.3,41.5,71.8,2.17,0.011,1.32,0.45,0.157,0.5,,29.1
1,2343,2B,2009-06-12,1235407.44,6120979.52,0,30,202.0,285.0,199.0,254.0,60.0,16.6,6.73,17.6,30.5,1.53,0.006,7.59,8.89,0.15,0.5,,18.77
1,2343,2B,2009-06-12,1235407.44,6120979.52,30,50,259.0,348.0,189.0,174.0,30.0,21.7,7.54,12.3,21.3,1.08,0.0025,8.27,13.2,0.144,0.5,,21.9
1,2344,2A,2009-06-08,1171347.47,6105561.48,0,11,100.0,108.0,69.0,181.0,542.0,7.6,6.11,33.4,57.9,2.38,0.017,5.85,1.69,0.408,0.5,0.0284,12.3
1,2345,2A,2007-05-22,1187327.29,6105421.28,0,30,79.0,96.0,60.0,119.0,646.0,5.29,5.4,20.4,35.4,0.94,0.005,3.16,1.09,0.219,0.5,,8.63
1,2345,2A,2007-05-22,1187327.29,6105421.28,30,50,69.0,77.0,53.0,96.0,705.0,3.51,5.4,11.0,19.1,0.48,0.005,2.11,1.18,0.174,0.5,,6.3
1,2346,2A,2007-05-23,1203307.07,6105280.92,0,30,182.0,159.0,88.0,149.0,422.0,10.2,5.4,47.8,82.7,2.29,0.005,7.36,2.21,0.223,0.5,,26.6
1,2346,2A,2007-05-23,1203307.07,6105280.92,30,50,140.0,140.0,68.0,123.0,529.0,9.24,5.7,33.2,57.5,1.5,0.005,6.78,2.39,0.168,0.5,,23.2
1,2346,2A,2007-05-23,1203307.07,6105280.92,-7,0,,,,,,53.2,6.1,173.0,298.0,9.03,0.043,38.9,7.55,1.04,1.6,,54.9
1,2347,2B,2009-06-11,1219286.82,6105140.35,0,30,167.0,146.0,80.0,204.0,403.0,5.06,5.03,55.6,96.3,3.23,0.035,1.8,0.49,0.194,0.5,,24.5
1,2347,2B,2009-06-11,1219286.82,6105140.35,30,50,134.0,189.0,86.0,203.0,388.0,2.4,5.29,39.1,67.7,1.71,0.069,0.64,0.18,0.128,0.5,,23.9
1,2347,2B,2009-06-11,1219286.82,6105140.35,-3,0,,,,,,26.2,5.31,204.0,352.0,12.5,0.07,20.7,4.38,1.55,0.5,,54.2
1,2350,2A,2009-06-12,1187187.0,6089441.54,0,11,110.0,94.0,85.0,196.0,515.0,11.7,6.46,28.2,48.8,2.44,0.08,7.92,3.32,0.646,0.5,,14.33
1,2351,2A,2009-06-11,1203166.6,6089301.16,0,20,147.0,153.0,82.0,193.0,425.0,9.06,5.89,51.3,88.7,4.12,0.028,7.2,1.75,0.239,0.5,,27.4
1,2352,2A,2007-05-26,1219146.17,6089160.63,0,30,141.0,108.0,50.0,107.0,594.0,6.7,5.4,52.7,91.1,2.34,0.005,3.22,1.06,0.225,0.5,,21.6
1,2352,2A,2007-05-26,1219146.17,6089160.63,30,50,103.0,112.0,41.0,107.0,637.0,2.73,5.5,33.1,57.2,1.54,0.005,1.06,0.36,0.141,0.5,,17.2
1,2352,2A,2007-05-26,1219146.17,6089160.63,-4,0,,,,,,23.1,5.1,173.0,300.0,6.06,0.018,15.2,3.98,0.56,0.5,,44.7
1,2355,2A,2009-06-05,1203026.16,6073321.59,0,30,100.0,85.0,77.0,227.0,511.0,6.49,6.34,9.77,16.9,0.634,0.013,4.71,1.57,0.31,0.5,,10.58
1,2355,2A,2009-06-05,1203026.16,6073321.59,30,50,133.0,117.0,94.0,203.0,453.0,7.82,6.48,9.64,16.7,0.587,0.014,6.04,1.74,0.205,0.5,,10.2
1,2356,2A,2007-05-25,1219005.59,6073181.05,0,30,127.0,88.0,74.0,160.0,551.0,5.33,5.3,27.5,47.6,1.3,0.005,3.47,1.44,0.241,0.5,,12.25
1,2360,2A,2009-06-04,1218865.06,6057201.63,0,30,217.0,54.0,40.0,156.0,533.0,20.1,6.36,13.3,23.1,0.57,0.0025,7.99,10.5,0.497,0.5,,26.1
1,10289,51,2007-11-26,778498.45,6892255.31,0,30,243.0,272.0,323.0,106.0,56.0,13.0,5.6,21.2,36.7,2.04,0.019,11.8,1.1,0.193,0.5,,19.6
1,10289,51,2007-11-26,778498.45,6892255.31,30,50,313.0,277.0,299.0,78.0,33.0,14.5,6.0,7.77,13.4,0.83,0.005,13.4,0.96,0.21,0.5,,26.8
1,10304,57,2008-10-07,1018337.89,6890192.86,0,30,165.0,178.0,169.0,409.0,79.0,4.45,5.3,16.3,28.3,1.49,0.016,2.43,0.54,0.21,0.5,,11.3
1,10304,57,2008-10-07,1018337.89,6890192.86,30,50,199.0,162.0,139.0,427.0,73.0,4.75,5.6,3.41,5.9,0.46,0.012,2.74,0.69,0.2,0.5,,11.2
1,10355,67,2006-09-12,1002210.0,6874342.53,0,20,527.0,277.0,132.0,26.0,38.0,31.8,8.0,26.1,45.2,2.61,0.029,31.6,1.37,0.712,17.1,,37.0
1,10355,67,2006-09-12,1002210.0,6874342.53,25,50,601.0,240.0,81.0,16.0,62.0,34.5,8.3,7.61,13.2,0.99,0.008,34.1,1.73,0.524,99.6,,49.5
1,10467,55,2008-09-24,890012.19,6843330.71,0,30,482.0,282.0,148.0,52.0,36.0,37.6,7.9,50.1,86.6,5.09,0.164,40.9,0.87,1.58,45.6,,37.0
1,10534,88,2008-06-17,1001793.83,6826376.34,0,30,22.0,63.0,45.0,88.0,782.0,3.67,3.7,44.5,77.0,1.85,0.009,0.32,0.09,0.099,0.5,,11.59
1,10534,88,2008-06-17,1001793.83,6826376.34,30,45,,,,,,,,,,,,,,,,,
1,10534,88,2008-06-17,1001793.83,6826376.34,-21,0,,,,,,16.7,3.57,154.0,267.0,8.84,0.067,4.91,0.963,0.785,0.5,,56.7
1,10594,67,2006-11-09,1033631.7,6810110.48,0,30,127.0,178.0,123.0,102.0,470.0,10.2,6.5,13.5,23.4,1.19,0.115,8.23,1.99,0.571,0.5,,13.1
1,10594,67,2006-11-09,1033631.7,6810110.48,30,50,155.0,188.0,136.0,113.0,408.0,8.75,6.5,6.32,10.9,0.62,0.147,7.22,1.49,0.513,0.5,,12.1
1,10710,68,2006-10-27,1017365.86,6778273.23,0,30,344.0,213.0,137.0,228.0,78.0,15.1,6.1,17.5,30.3,1.76,0.005,13.4,1.29,0.368,0.5,,24.6
1,10710,68,2006-10-27,1017365.86,6778273.23,30,50,324.0,295.0,154.0,116.0,111.0,13.4,8.6,7.96,13.8,0.65,0.057,14.7,1.03,0.279,417.0,,15.2
1,10757,52,2007-05-23,857350.44,6763663.49,0,30,425.0,373.0,189.0,8.0,5.0,28.9,7.5,39.1,67.6,2.46,0.005,28.7,0.93,0.294,3.2,,33.5
1,10797,45,2004-12-21,617398.03,6749706.9,0,30,56.0,93.0,61.0,100.0,691.0,1.79,4.86,17.5,30.2,0.846,0.0093,0.608,0.142,0.105,0.5,,6.28
1,10797,45,2004-12-21,617398.03,6749706.9,30,50,60.0,102.0,71.0,95.0,673.0,0.59,5.0,5.78,10.01,0.358,0.0062,0.141,0.0494,0.0673,0.5,,3.71
1,10797,45,2004-12-21,617398.03,6749706.9,-3,0,,,,,,14.4,4.6,180.0,312.0,8.65,0.264,10.9,2.88,1.15,0.5,,24.7
1,10918,70,2004-09-08,888914.13,6715427.23,0,18,240.0,432.0,280.0,30.0,18.0,9.02,6.15,10.3,17.7,1.05,0.0635,7.95,0.528,0.359,0.5,,17.3
1,10918,70,2004-09-08,888914.13,6715427.23,19,50,283.0,409.0,264.0,29.0,15.0,10.5,6.2,8.4,14.5,0.904,0.0446,9.66,0.573,0.283,0.5,,15.0
1,10924,25,2007-05-16,984836.82,6714600.74,0,15,202.0,430.0,312.0,25.0,31.0,7.29,5.4,14.4,24.9,1.47,0.028,6.4,0.53,0.177,0.5,,18.1
1,10924,25,2007-05-16,984836.82,6714600.74,20,50,265.0,402.0,283.0,20.0,30.0,9.63,6.1,7.25,12.5,0.81,0.012,8.74,0.58,0.129,0.5,,18.0
1,10967,21,2008-12-01,856802.89,6699714.11,0,22,346.0,211.0,151.0,212.0,80.0,24.3,8.0,26.7,46.2,2.11,0.02,26.2,0.69,0.448,294.0,,21.2
1,10967,21,2008-12-01,856802.89,6699714.11,28,50,311.0,219.0,131.0,223.0,116.0,16.0,8.4,9.88,17.1,0.66,0.0025,18.6,0.4,0.265,455.0,,14.3
1,10987,49,2002-10-29,456993.25,6687085.62,0,30,130.0,64.0,102.0,494.0,210.0,7.99,6.11,8.599,,0.808,0.064,6.12,0.606,0.35,0.5,,12.8
1,10987,49,2002-10-29,456993.25,6687085.62,30,50,332.0,63.0,77.0,414.0,114.0,16.89,6.85,3.539,,0.442,0.014,14.36,1.203,0.52,1.0,,23.0
1,11006,58,2003-11-07,760744.94,6684544.43,0,30,157.0,143.0,68.0,125.0,507.0,7.6,5.26,19.8,34.3,2.05,0.0565,5.72,1.29,0.42,0.5,,11.7
1,11006,58,2003-11-07,760744.94,6684544.43,30,50,134.0,135.0,70.0,110.0,551.0,4.35,5.55,8.14,14.1,0.884,0.0398,3.7,0.652,0.305,0.5,,7.0
1,11011,21,2008-03-27,840679.29,6683863.84,0,30,334.0,258.0,169.0,84.0,155.0,20.0,8.3,11.6,20.0,1.0,0.095,20.2,0.8,0.802,378.0,,29.7
1,11011,21,2008-03-27,840679.29,6683863.84,30,50,332.0,272.0,168.0,78.0,150.0,19.7,8.3,8.88,15.4,0.73,0.018,20.7,0.58,0.479,405.0,,26.2
1,11016,25,2005-04-01,920613.2,6683178.63,0,30,187.0,320.0,262.0,61.0,170.0,4.85,4.69,16.8,29.1,0.984,0.006,1.03,0.165,0.135,0.5,,15.4
1,11016,25,2005-04-01,920613.2,6683178.63,30,50,270.0,281.0,236.0,60.0,153.0,6.82,4.65,7.49,13.0,0.524,0.003,1.27,0.194,0.107,0.5,,15.0
1,11052,58,2003-04-16,776596.06,6668421.98,0,17,222.0,203.0,116.0,191.0,268.0,8.62,5.44,25.149,,2.255,0.05,6.3,0.55,0.5,0.5,,19.9
1,11052,58,2003-04-16,776596.06,6668421.98,22,50,216.0,183.0,108.0,177.0,316.0,4.73,5.58,8.183,,0.757,0.006,3.71,0.121,0.07,0.5,,19.0
1,11099,21,2008-04-22,824419.68,6652027.09,0,30,345.0,288.0,136.0,78.0,153.0,17.8,8.2,12.2,21.2,1.12,0.076,19.2,0.58,0.65,409.0,,26.1
1,11099,21,2008-04-22,824419.68,6652027.09,30,50,353.0,290.0,137.0,63.0,157.0,18.7,8.3,12.1,21.0,1.06,0.062,20.2,0.65,0.633,399.0,,26.0
1,11104,39,2005-04-04,904351.82,6651343.03,0,17,430.0,212.0,189.0,93.0,76.0,18.5,8.21,11.9,20.5,1.11,0.036,21.3,0.471,0.648,63.1,,32.4
1,11104,39,2005-04-04,904351.82,6651343.03,20,50,431.0,225.0,176.0,96.0,72.0,19.3,8.2,10.5,18.2,1.06,0.017,21.7,0.387,0.473,66.1,,27.0
1,11106,25,2008-06-05,936324.66,6651067.97,0,30,358.0,396.0,226.0,18.0,2.0,24.4,6.6,37.6,65.1,3.61,0.027,24.5,0.86,0.323,0.5,,31.1
1,11136,58,2003-01-29,712378.69,6636990.54,25,50,,,,,,,,,,,,,,,,,
1,11151,25,2007-06-08,952173.25,6634943.9,0,30,358.0,417.0,176.0,47.0,2.0,23.9,6.31,67.3,116.0,6.3,0.021,24.0,0.96,0.316,1.92,,37.3
1,11190,39,2005-09-14,920063.43,6619233.22,0,30,259.0,231.0,252.0,230.0,28.0,31.7,7.8,61.7,107.0,6.46,0.027,30.8,0.29,0.142,96.2,,31.8
1,11225,71,2008-03-06,839996.43,6603932.32,0,20,299.0,144.0,137.0,274.0,146.0,8.57,5.6,15.8,27.4,1.44,0.073,7.12,0.46,0.35,0.5,,21.3
1,11225,71,2008-03-06,839996.43,6603932.32,25,50,431.0,119.0,109.0,231.0,110.0,17.2,6.7,9.5,16.4,0.92,0.029,16.3,0.64,0.277,3.2,,30.9
1,11245,86,2002-06-12,488173.02,6590902.88,0,25,157.0,167.0,150.0,265.0,261.0,6.11,5.6,14.16,,1.4,0.077,5.68,0.36,0.41,0.5,,14.6
1,11245,86,2002-06-12,488173.02,6590902.88,30,50,388.0,161.0,108.0,173.0,170.0,10.93,6.3,5.92,,0.71,0.019,9.28,0.71,0.39,0.5,,19.0
1,11312,01,2008-11-13,887680.19,6571550.52,0,30,384.0,377.0,162.0,52.0,25.0,21.8,6.4,27.9,48.2,2.6,0.008,20.6,1.05,0.32,0.5,,27.3
1,11312,01,2008-11-13,887680.19,6571550.52,30,50,426.0,356.0,158.0,39.0,21.0,21.4,7.0,15.3,26.6,1.43,0.0025,20.9,0.59,0.311,0.5,,23.7
1,11314,01,2009-05-06,919651.09,6571276.0,0,30,437.0,197.0,42.0,42.0,282.0,46.6,8.08,54.6,94.5,4.01,0.014,50.4,0.712,0.333,395.0,,45.2
1,11314,01,2009-05-06,919651.09,6571276.0,-11,0,,,,,,104.0,7.05,242.0,419.0,10.4,0.127,89.6,2.61,1.35,238.0,,85.9
1,11317,74,2008-10-09,967607.4,6570862.85,0,30,409.0,305.0,95.0,64.0,127.0,27.2,7.0,28.7,49.6,2.68,0.014,27.2,1.19,0.314,7.1,,32.4
1,11317,74,2008-10-09,967607.4,6570862.85,30,50,428.0,303.0,96.0,61.0,112.0,27.4,7.9,10.6,18.4,1.16,0.006,30.1,0.41,0.238,25.5,,34.3
1,11334,23,2007-11-27,583820.69,6558134.81,0,30,186.0,153.0,65.0,143.0,453.0,4.92,5.4,14.9,25.8,1.44,0.027,3.7,0.63,0.163,0.5,,14.65
1,11334,23,2007-11-27,583820.69,6558134.81,30,50,193.0,148.0,61.0,113.0,485.0,3.3,5.3,6.79,11.8,0.69,0.013,2.18,0.17,0.093,0.5,,12.3
1,11395,01,2008-11-26,887406.1,6539580.19,0,30,367.0,224.0,167.0,113.0,129.0,25.5,7.8,31.7,54.9,3.32,0.062,27.1,0.57,0.511,75.1,,23.8
1,11395,01,2008-11-26,887406.1,6539580.19,30,50,359.0,223.0,164.0,105.0,149.0,22.0,8.0,20.8,35.9,2.25,0.029,24.5,0.37,0.335,125.0,,18.2
1,11396,01,2009-05-07,903391.15,6539442.9,0,30,529.0,231.0,96.0,111.0,33.0,43.5,7.42,48.2,83.3,4.13,0.009,45.0,1.34,0.278,12.4,,43.3
1,11438,73,2008-11-20,919238.76,6523320.55,0,30,210.0,195.0,181.0,250.0,164.0,14.9,7.4,23.8,41.2,2.39,0.012,17.0,0.54,0.144,2.3,,14.6
1,11438,73,2008-11-20,919238.76,6523320.55,30,50,199.0,188.0,181.0,254.0,178.0,12.7,8.1,10.7,18.5,1.17,0.011,15.7,0.16,0.139,14.7,,10.7
1,11441,73,2009-06-19,967193.26,6522907.29,0,30,295.0,389.0,166.0,93.0,57.0,11.4,5.86,30.3,52.4,3.64,0.023,10.8,0.795,0.113,0.5,,15.8
1,11441,73,2009-06-19,967193.26,6522907.29,30,50,275.0,381.0,170.0,103.0,71.0,7.53,6.42,11.1,19.3,1.8,0.0025,7.8,0.153,0.0479,0.5,,10.1
1,11664,46,2006-11-02,582753.9,6430257.63,0,20,299.0,282.0,202.0,156.0,61.0,32.5,7.7,55.3,95.6,5.48,0.111,35.0,1.16,0.511,37.8,,31.7
1,11797,12,2007-10-16,678253.79,6381503.47,0,25,287.0,317.0,79.0,72.0,245.0,20.2,8.0,38.1,65.9,2.52,0.07,16.8,4.73,0.325,221.0,,17.7
1,11923,81,2007-11-07,597936.69,6334224.16,0,30,156.0,82.0,49.0,287.0,426.0,6.67,6.8,8.69,15.0,0.9,0.068,6.45,0.77,0.281,0.5,,12.0
1,11923,81,2007-11-07,597936.69,6334224.16,30,50,151.0,78.0,65.0,291.0,415.0,7.45,6.9,9.22,16.0,0.91,0.076,7.45,0.72,0.185,0.5,,11.5
1,12081,13,2004-02-03,901196.59,6283706.69,0,30,233.0,197.0,213.0,260.0,97.0,17.7,8.33,13.9,24.0,1.28,0.0171,17.2,0.789,0.267,427.0,,21.0
1,12081,13,2004-02-03,901196.59,6283706.69,30,50,253.0,214.0,204.0,230.0,99.0,16.6,8.42,12.0,20.8,0.929,0.0063,16.1,0.785,0.192,419.0,,16.0
1,12258,11,2008-08-07,644812.62,6205967.06,0,15,323.0,296.0,180.0,166.0,35.0,14.6,8.3,6.91,12.0,0.78,0.029,16.5,0.53,0.479,211.0,,22.6
1,12258,11,2008-08-07,644812.62,6205967.06,20,50,306.0,298.0,186.0,168.0,42.0,13.9,8.5,1.96,3.4,0.56,0.014,16.6,0.38,0.296,267.0,,19.9
1,12272,31,2007-06-08,500848.0,6191184.31,0,30,180.0,292.0,213.0,143.0,172.0,22.5,6.4,66.8,116.0,6.61,0.02,21.9,1.26,0.258,1.0,,30.7
1,20797,45,2006-01-20,617398.03,6749706.9,0,30,59.0,120.0,79.0,95.0,648.0,2.41,4.52,15.9,27.6,0.806,0.007,0.13,0.1,0.089,0.5,,6.23
1,20797,45,2006-01-20,617398.03,6749706.9,30,50,86.0,145.0,88.0,112.0,570.0,1.77,4.7,4.83,8.34,0.307,0.005,0.04,0.05,0.06,0.5,,3.98
1,20797,45,2006-01-20,617398.03,6749706.9,-4,-1,,,,,,21.2,4.4,248.0,429.0,11.2,0.095,7.99,2.48,1.33,0.5,,29.2
