NUM_POSTE;NOM_USUEL;LAT;LON;ALTI;AAAAMM;NUM_DECADE;RR;CRR;TN;CTN;TX;CTX;FFM;CFFM;TSVM;CTSVM;INST;CINST;GLOT;CGLOT;ETP
26002003;ALBON;45.252333;4.822333;153;202501;1;19.8;0;3.8;0;11.0;0;4.6;0;8.3;0;;;;;
26002003;ALBON;45.252333;4.822333;153;202501;2;0.4;0;-2.1;0;4.8;0;3.3;0;5.3;0;;;;;
26002003;ALBON;45.252333;4.822333;153;202501;3;30.6;0;5.2;0;13.2;0;4.0;0;8.9;0;;;;;
26002003;ALBON;45.252333;4.822333;153;202502;1;20.8;0;2.7;0;8.3;0;3.2;0;6.9;0;;;;;
26002003;ALBON;45.252333;4.822333;153;202502;2;2.8;0;2.8;0;12.7;0;2.9;0;8.1;0;;;;;
26002003;ALBON;45.252333;4.822333;153;202502;3;18.6;0;5.6;0;14.0;0;3.5;0;8.8;0;;;;;
26002003;ALBON;45.252333;4.822333;153;202503;1;16.4;0;1.7;0;16.4;0;2.7;0;7.6;0;;;;;
26002003;ALBON;45.252333;4.822333;153;202503;2;33.0;0;3.3;0;12.4;0;2.9;0;7.7;0;;;;;
26002003;ALBON;45.252333;4.822333;153;202503;3;40.4;0;7.3;0;16.6;0;4.4;0;9.1;0;;;;;
26002003;ALBON;45.252333;4.822333;153;202504;1;0.8;0;4.8;0;20.8;0;2.8;0;8.6;0;;;;;
26002003;ALBON;45.252333;4.822333;153;202504;2;77.8;0;8.1;0;18.1;0;3.4;0;11.0;0;;;;;
26002003;ALBON;45.252333;4.822333;153;202504;3;11.4;0;8.1;0;21.2;0;2.2;0;11.8;0;;;;;
26002003;ALBON;45.252333;4.822333;153;202505;1;26.2;0;10.3;0;20.6;0;3.4;0;11.5;0;;;;;
26002003;ALBON;45.252333;4.822333;153;202505;2;6.2;0;9.5;0;24.0;0;2.7;0;11.7;0;;;;;
26002003;ALBON;45.252333;4.822333;153;202505;3;11.6;0;10.2;0;25.0;0;2.6;0;12.5;0;;;;;
26002003;ALBON;45.252333;4.822333;153;202506;1;46.7;0;14.5;0;26.7;0;2.4;0;16.7;0;;;;;
26002003;ALBON;45.252333;4.822333;153;202506;2;14.2;0;15.2;0;31.1;0;3.0;0;16.5;0;;;;;
26002003;ALBON;45.252333;4.822333;153;202506;3;10.1;0;17.4;0;34.8;0;2.4;0;18.9;0;;;;;
26002003;ALBON;45.252333;4.822333;153;202507;1;1.4;0;15.1;0;30.8;0;3.0;0;14.5;0;;;;;
26002003;ALBON;45.252333;4.822333;153;202507;2;48.2;0;16.2;0;32.2;0;2.6;0;16.4;0;;;;;
26002003;ALBON;45.252333;4.822333;153;202507;3;7.8;0;14.3;0;27.3;0;2.8;0;14.8;0;;;;;
26002003;ALBON;45.252333;4.822333;153;202508;1;2.8;0;15.2;0;32.0;0;2.9;0;14.5;0;;;;;
26002003;ALBON;45.252333;4.822333;153;202508;2;20.7;0;17.6;0;34.7;0;2.3;0;16.4;0;;;;;
26002003;ALBON;45.252333;4.822333;153;202508;3;37.4;0;13.7;0;27.7;0;2.8;0;14.8;0;;;;;
26002003;ALBON;45.252333;4.822333;153;202509;1;100.3;0;14.1;0;25.6;0;2.4;0;15.6;0;;;;;
26002003;ALBON;45.252333;4.822333;153;202509;2;2.0;0;12.5;0;25.7;0;2.3;0;14.4;0;;;;;
26002003;ALBON;45.252333;4.822333;153;202509;3;44.4;0;9.4;0;18.3;0;2.0;0;12.4;0;;;;;
26002003;ALBON;45.252333;4.822333;153;202510;1;4.2;0;8.1;0;19.3;0;2.5;0;11.4;0;;;;;
26002003;ALBON;45.252333;4.822333;153;202510;2;24.0;0;8.9;0;18.3;0;2.5;0;12.3;0;;;;;
26002003;ALBON;45.252333;4.822333;153;202510;3;28.4;0;9.8;0;17.0;0;3.3;0;12.3;0;;;;;
26002003;ALBON;45.252333;4.822333;153;202511;1;43.4;0;8.2;0;17.3;0;2.6;0;10.9;0;;;;;
26002003;ALBON;45.252333;4.822333;153;202511;2;89.7;0;6.3;0;14.3;0;3.4;0;9.8;0;;;;;
26002003;ALBON;45.252333;4.822333;153;202511;3;9.4;0;1.5;0;8.6;0;3.6;0;6.9;0;;;;;
26002003;ALBON;45.252333;4.822333;153;202512;1;24.6;0;4.4;0;11.4;0;2.1;0;9.3;0;;;;;
26002003;ALBON;45.252333;4.822333;153;202512;2;8.6;0;5.0;0;13.3;0;2.2;0;10.0;0;;;;;
26002003;ALBON;45.252333;4.822333;153;202512;3;15.8;0;1.9;0;5.7;0;2.9;0;7.0;0;;;;;
26002003;ALBON;45.252333;4.822333;153;202601;1;4.4;0;-2.8;0;5.2;0;3.0;0;5.0;0;;;;;
26002003;ALBON;45.252333;4.822333;153;202601;2;3.6;0;5.3;0;10.6;0;3.2;0;8.6;0;;;;;
26002003;ALBON;45.252333;4.822333;153;202601;3;55.8;0;2.4;0;9.9;0;2.6;0;8.0;0;;;;;
26002003;ALBON;45.252333;4.822333;153;202602;1;23.0;0;3.9;0;12.7;0;3.3;0;9.0;0;;;;;
26002003;ALBON;45.252333;4.822333;153;202602;2;17.0;0;5.5;0;12.0;0;3.5;0;8.5;0;;;;;
26002003;ALBON;45.252333;4.822333;153;202602;3;0.8;0;4.9;0;16.6;0;2.7;0;10.0;0;;;;;
26002003;ALBON;45.252333;4.822333;153;202603;1;3.8;0;4.7;0;17.7;0;1.8;0;9.8;0;;;;;
26035001;BEAUFORT-S-GERV;44.778000;5.139000;379;202501;1;31.5;0;2.6;0;11.3;0;;;;;;;;;
26035001;BEAUFORT-S-GERV;44.778000;5.139000;379;202501;2;1.0;0;-3.7;0;6.0;0;;;;;;;;;
26035001;BEAUFORT-S-GERV;44.778000;5.139000;379;202501;3;46.9;0;4.6;0;13.4;0;;;;;;;;;
26035001;BEAUFORT-S-GERV;44.778000;5.139000;379;202502;1;9.8;0;0.6;0;9.2;0;;;;;;;;;
26035001;BEAUFORT-S-GERV;44.778000;5.139000;379;202502;2;13.4;0;2.8;0;12.3;0;;;;;;;;;
26035001;BEAUFORT-S-GERV;44.778000;5.139000;379;202502;3;12.0;0;4.6;0;12.7;0;;;;;;;;;
26035001;BEAUFORT-S-GERV;44.778000;5.139000;379;202503;1;23.3;0;2.4;0;16.1;0;;;;;;;;;
26035001;BEAUFORT-S-GERV;44.778000;5.139000;379;202503;2;19.1;0;1.8;0;11.4;0;;;;;;;;;
26035001;BEAUFORT-S-GERV;44.778000;5.139000;379;202503;3;21.7;0;7.1;0;15.6;0;;;;;;;;;
26035001;BEAUFORT-S-GERV;44.778000;5.139000;379;202504;1;0.0;0;5.6;0;19.5;0;;;;;;;;;
26035001;BEAUFORT-S-GERV;44.778000;5.139000;379;202504;2;85.6;0;8.1;0;17.2;0;;;;;;;;;
26035001;BEAUFORT-S-GERV;44.778000;5.139000;379;202504;3;10.8;0;8.7;0;21.0;0;;;;;;;;;
26035001;BEAUFORT-S-GERV;44.778000;5.139000;379;202505;1;26.7;0;9.5;0;19.2;0;;;;;;;;;
26035001;BEAUFORT-S-GERV;44.778000;5.139000;379;202505;2;29.2;0;9.1;0;22.8;0;;;;;;;;;
26035001;BEAUFORT-S-GERV;44.778000;5.139000;379;202505;3;12.6;0;11.4;0;23.8;0;;;;;;;;;
26035001;BEAUFORT-S-GERV;44.778000;5.139000;379;202506;1;37.4;0;14.7;0;26.3;0;;;;;;;;;
26035001;BEAUFORT-S-GERV;44.778000;5.139000;379;202506;2;0.0;0;15.9;0;30.6;0;;;;;;;;;
26035001;BEAUFORT-S-GERV;44.778000;5.139000;379;202506;3;3.0;0;19.3;0;34.0;0;;;;;;;;;
26035001;BEAUFORT-S-GERV;44.778000;5.139000;379;202507;1;0.4;0;16.4;0;30.4;0;;;;;;;;;
26035001;BEAUFORT-S-GERV;44.778000;5.139000;379;202507;2;21.3;0;17.4;0;31.4;0;;;;;;;;;
26035001;BEAUFORT-S-GERV;44.778000;5.139000;379;202507;3;5.8;0;15.0;0;26.5;0;;;;;;;;;
26035001;BEAUFORT-S-GERV;44.778000;5.139000;379;202508;1;0.0;0;16.7;0;31.8;0;;;;;;;;;
26035001;BEAUFORT-S-GERV;44.778000;5.139000;379;202508;2;3.2;0;18.9;0;34.2;0;;;;;;;;;
26035001;BEAUFORT-S-GERV;44.778000;5.139000;379;202508;3;37.9;0;14.2;0;27.8;0;;;;;;;;;
26035001;BEAUFORT-S-GERV;44.778000;5.139000;379;202509;1;26.2;0;13.5;0;25.5;0;;;;;;;;;
26035001;BEAUFORT-S-GERV;44.778000;5.139000;379;202509;2;21.4;0;13.4;0;25.2;0;;;;;;;;;
26035001;BEAUFORT-S-GERV;44.778000;5.139000;379;202509;3;54.7;0;8.4;0;19.0;0;;;;;;;;;
26035001;BEAUFORT-S-GERV;44.778000;5.139000;379;202510;1;2.2;0;8.0;0;19.9;0;;;;;;;;;
26035001;BEAUFORT-S-GERV;44.778000;5.139000;379;202510;2;34.2;0;7.9;0;18.7;0;;;;;;;;;
26035001;BEAUFORT-S-GERV;44.778000;5.139000;379;202510;3;98.1;0;8.7;0;16.6;0;;;;;;;;;
26035001;BEAUFORT-S-GERV;44.778000;5.139000;379;202511;1;39.8;0;7.6;0;17.2;0;;;;;;;;;
26035001;BEAUFORT-S-GERV;44.778000;5.139000;379;202511;2;29.8;0;5.0;0;14.9;0;;;;;;;;;
26035001;BEAUFORT-S-GERV;44.778000;5.139000;379;202511;3;34.4;0;0.4;0;7.5;0;;;;;;;;;
26035001;BEAUFORT-S-GERV;44.778000;5.139000;379;202512;1;21.9;0;3.0;0;12.1;0;;;;;;;;;
26035001;BEAUFORT-S-GERV;44.778000;5.139000;379;202512;2;17.8;0;5.9;0;14.0;0;;;;;;;;;
26035001;BEAUFORT-S-GERV;44.778000;5.139000;379;202512;3;18.7;0;0.3;0;4.9;0;;;;;;;;;
26035001;BEAUFORT-S-GERV;44.778000;5.139000;379;202601;1;16.1;0;-3.0;0;5.0;0;;;;;;;;;
26035001;BEAUFORT-S-GERV;44.778000;5.139000;379;202601;2;7.0;0;3.3;0;11.6;0;;;;;;;;;
26035001;BEAUFORT-S-GERV;44.778000;5.139000;379;202601;3;63.4;0;1.6;0;9.5;0;;;;;;;;;
26035001;BEAUFORT-S-GERV;44.778000;5.139000;379;202602;1;29.7;0;4.1;0;12.4;0;;;;;;;;;
26035001;BEAUFORT-S-GERV;44.778000;5.139000;379;202602;2;56.1;0;4.4;0;11.3;0;;;;;;;;;
26035001;BEAUFORT-S-GERV;44.778000;5.139000;379;202602;3;0.4;0;5.4;0;16.2;0;;;;;;;;;
26035001;BEAUFORT-S-GERV;44.778000;5.139000;379;202603;1;12.2;0;6.2;0;16.0;0;;;;;;;;;
26047001;BELLEGARDE-EN-D;44.535167;5.454333;1017;202501;1;45.4;0;0.4;0;7.8;0;;;;;;;;;
26047001;BELLEGARDE-EN-D;44.535167;5.454333;1017;202501;2;0.0;0;-2.6;0;7.3;0;;;;;;;;;
26047001;BELLEGARDE-EN-D;44.535167;5.454333;1017;202501;3;67.5;0;2.1;0;8.7;0;;;;;;;;;
26047001;BELLEGARDE-EN-D;44.535167;5.454333;1017;202502;1;6.0;0;-0.3;0;9.0;0;;;;;;;;;
26047001;BELLEGARDE-EN-D;44.535167;5.454333;1017;202502;2;8.0;0;1.2;0;9.9;0;;;;;;;;;
26047001;BELLEGARDE-EN-D;44.535167;5.454333;1017;202502;3;12.4;0;2.4;0;8.8;0;;;;;;;;;
26047001;BELLEGARDE-EN-D;44.535167;5.454333;1017;202503;1;49.7;0;0.7;0;12.5;0;;;;;;;;;
26047001;BELLEGARDE-EN-D;44.535167;5.454333;1017;202503;2;23.4;0;-0.2;0;7.8;0;;;;;;;;;
26047001;BELLEGARDE-EN-D;44.535167;5.454333;1017;202503;3;31.3;0;4.0;0;11.8;0;;;;;;;;;
26047001;BELLEGARDE-EN-D;44.535167;5.454333;1017;202504;1;3.8;0;4.3;0;16.0;0;;;;;;;;;
26047001;BELLEGARDE-EN-D;44.535167;5.454333;1017;202504;2;128.6;0;6.0;0;13.6;0;;;;;;;;;
26047001;BELLEGARDE-EN-D;44.535167;5.454333;1017;202504;3;36.6;0;5.4;0;16.5;0;;;;;;;;;
26047001;BELLEGARDE-EN-D;44.535167;5.454333;1017;202505;1;53.5;0;6.9;0;15.5;0;;;;;;;;;
26047001;BELLEGARDE-EN-D;44.535167;5.454333;1017;202505;2;28.7;0;6.6;0;18.3;0;;;;;;;;;
26047001;BELLEGARDE-EN-D;44.535167;5.454333;1017;202505;3;7.6;0;9.3;0;19.7;0;;;;;;;;;
26047001;BELLEGARDE-EN-D;44.535167;5.454333;1017;202506;1;34.9;0;11.7;0;22.6;0;;;;;;;;;
26047001;BELLEGARDE-EN-D;44.535167;5.454333;1017;202506;2;0.2;0;15.0;0;27.3;0;;;;;;;;;
26047001;BELLEGARDE-EN-D;44.535167;5.454333;1017;202506;3;26.2;0;16.6;0;30.0;0;;;;;;;;;
26047001;BELLEGARDE-EN-D;44.535167;5.454333;1017;202507;1;20.7;0;13.4;0;25.5;0;;;;;;;;;
26047001;BELLEGARDE-EN-D;44.535167;5.454333;1017;202507;2;34.6;0;14.1;0;27.0;0;;;;;;;;;
26047001;BELLEGARDE-EN-D;44.535167;5.454333;1017;202507;3;2.6;0;11.8;0;22.1;0;;;;;;;;;
26047001;BELLEGARDE-EN-D;44.535167;5.454333;1017;202508;1;0.0;0;14.5;0;27.7;0;;;;;;;;;
26047001;BELLEGARDE-EN-D;44.535167;5.454333;1017;202508;2;6.2;0;17.4;0;30.3;0;;;;;;;;;
26047001;BELLEGARDE-EN-D;44.535167;5.454333;1017;202508;3;65.2;0;11.6;0;23.5;0;;;;;;;;;
26047001;BELLEGARDE-EN-D;44.535167;5.454333;1017;202509;1;68.2;0;11.3;0;21.8;0;;;;;;;;;
26047001;BELLEGARDE-EN-D;44.535167;5.454333;1017;202509;2;7.2;0;11.1;0;21.9;0;;;;;;;;;
26047001;BELLEGARDE-EN-D;44.535167;5.454333;1017;202509;3;63.2;0;6.4;0;15.7;0;;;;;;;;;
26047001;BELLEGARDE-EN-D;44.535167;5.454333;1017;202510;1;5.8;0;6.2;0;16.9;0;;;;;;;;;
26047001;BELLEGARDE-EN-D;44.535167;5.454333;1017;202510;2;41.9;0;6.8;0;17.1;0;;;;;;;;;
26047001;BELLEGARDE-EN-D;44.535167;5.454333;1017;202510;3;103.5;0;6.2;0;12.8;0;;;;;;;;;
26047001;BELLEGARDE-EN-D;44.535167;5.454333;1017;202511;1;25.9;0;5.0;0;13.3;0;;;;;;;;;
26047001;BELLEGARDE-EN-D;44.535167;5.454333;1017;202511;2;32.2;0;3.9;0;11.9;0;;;;;;;;;
26047001;BELLEGARDE-EN-D;44.535167;5.454333;1017;202511;3;48.6;0;-1.8;0;5.1;0;;;;;;;;;
26047001;BELLEGARDE-EN-D;44.535167;5.454333;1017;202512;1;18.1;0;1.5;0;9.5;0;;;;;;;;;
26047001;BELLEGARDE-EN-D;44.535167;5.454333;1017;202512;2;23.5;0;3.2;0;10.6;0;;;;;;;;;
26047001;BELLEGARDE-EN-D;44.535167;5.454333;1017;202512;3;30.6;0;0.3;0;9.0;0;;;;;;;;;
26047001;BELLEGARDE-EN-D;44.535167;5.454333;1017;202601;1;28.9;0;-5.0;0;2.3;0;;;;;;;;;
26047001;BELLEGARDE-EN-D;44.535167;5.454333;1017;202601;2;19.3;0;1.6;0;9.2;0;;;;;;;;;
26047001;BELLEGARDE-EN-D;44.535167;5.454333;1017;202601;3;86.4;0;-1.2;0;5.4;0;;;;;;;;;
26047001;BELLEGARDE-EN-D;44.535167;5.454333;1017;202602;1;79.6;0;0.9;0;7.8;0;;;;;;;;;
26047001;BELLEGARDE-EN-D;44.535167;5.454333;1017;202602;2;115.1;0;0.7;0;6.6;0;;;;;;;;;
26047001;BELLEGARDE-EN-D;44.535167;5.454333;1017;202602;3;0.2;0;3.0;0;15.0;0;;;;;;;;;
26047001;BELLEGARDE-EN-D;44.535167;5.454333;1017;202603;1;23.2;0;3.1;0;12.6;0;;;;;;;;;
26050001;BESIGNAN;44.320500;5.317000;556;202501;1;21.0;0;2.1;0;9.3;0;;;7.3;0;;;;;
26050001;BESIGNAN;44.320500;5.317000;556;202501;2;0.4;0;-1.8;0;8.7;0;;;4.7;0;;;;;
26050001;BESIGNAN;44.320500;5.317000;556;202501;3;47.2;0;4.8;0;11.5;0;;;8.1;0;;;;;
26050001;BESIGNAN;44.320500;5.317000;556;202502;1;7.6;0;0.7;0;11.1;0;;;6.6;0;;;;;
26050001;BESIGNAN;44.320500;5.317000;556;202502;2;2.2;0;3.4;0;11.7;0;;;7.2;0;;;;;
26050001;BESIGNAN;44.320500;5.317000;556;202502;3;6.0;0;4.8;0;11.4;0;;;7.9;0;;;;;
26050001;BESIGNAN;44.320500;5.317000;556;202503;1;50.8;0;2.6;0;14.7;0;;;6.6;0;;;;;
26050001;BESIGNAN;44.320500;5.317000;556;202503;2;22.2;0;2.6;0;11.1;0;;;6.8;0;;;;;
26050001;BESIGNAN;44.320500;5.317000;556;202503;3;35.8;0;6.8;0;15.2;0;;;7.9;0;;;;;
26050001;BESIGNAN;44.320500;5.317000;556;202504;1;0.2;0;6.4;0;18.6;0;;;8.6;0;;;;;
26050001;BESIGNAN;44.320500;5.317000;556;202504;2;107.3;0;8.5;0;16.3;0;;;9.7;0;;;;;
26050001;BESIGNAN;44.320500;5.317000;556;202504;3;18.6;0;7.5;0;19.6;0;;;10.4;0;;;;;
26050001;BESIGNAN;44.320500;5.317000;556;202505;1;55.0;0;8.7;0;18.8;0;;;10.8;0;;;;;
26050001;BESIGNAN;44.320500;5.317000;556;202505;2;25.8;0;8.9;0;21.8;0;;;10.6;0;;;;;
26050001;BESIGNAN;44.320500;5.317000;556;202505;3;1.8;0;11.7;0;23.3;0;;;10.6;0;;;;;
26050001;BESIGNAN;44.320500;5.317000;556;202506;1;46.0;0;13.9;0;25.8;0;;;14.9;0;;;;;
26050001;BESIGNAN;44.320500;5.317000;556;202506;2;0.0;0;15.7;0;30.3;0;;;15.6;0;;;;;
26050001;BESIGNAN;44.320500;5.317000;556;202506;3;17.9;0;18.4;0;32.6;0;;;17.0;0;;;;;
26050001;BESIGNAN;44.320500;5.317000;556;202507;1;0.6;0;16.0;0;29.2;0;;;13.9;0;;;;;
26050001;BESIGNAN;44.320500;5.317000;556;202507;2;36.9;0;16.8;0;30.3;0;;;14.7;0;;;;;
26050001;BESIGNAN;44.320500;5.317000;556;202507;3;2.6;0;14.9;0;25.7;0;;;12.5;0;;;;;
26050001;BESIGNAN;44.320500;5.317000;556;202508;1;0.0;0;15.8;0;30.6;0;;;13.6;0;;;;;
26050001;BESIGNAN;44.320500;5.317000;556;202508;2;7.2;0;19.1;0;33.1;0;;;14.6;0;;;;;
26050001;BESIGNAN;44.320500;5.317000;556;202508;3;111.5;0;13.6;0;26.8;0;;;13.9;0;;;;;
26050001;BESIGNAN;44.320500;5.317000;556;202509;1;67.3;0;12.7;0;24.1;0;;;14.9;0;;;;;
26050001;BESIGNAN;44.320500;5.317000;556;202509;2;8.8;0;12.0;0;24.1;0;;;14.1;0;;;;;
26050001;BESIGNAN;44.320500;5.317000;556;202509;3;78.5;0;8.1;0;18.4;0;;;11.3;0;;;;;
26050001;BESIGNAN;44.320500;5.317000;556;202510;1;4.4;0;7.8;0;19.5;0;;;10.2;0;;;;;
26050001;BESIGNAN;44.320500;5.317000;556;202510;2;38.1;0;7.7;0;19.2;0;;;11.7;0;;;;;
26050001;BESIGNAN;44.320500;5.317000;556;202510;3;89.9;0;8.4;0;15.8;0;;;10.9;0;;;;;
26050001;BESIGNAN;44.320500;5.317000;556;202511;1;29.7;0;7.2;0;15.8;0;;;8.8;0;;;;;
26050001;BESIGNAN;44.320500;5.317000;556;202511;2;26.8;0;6.1;0;14.5;0;;;8.0;0;;;;;
26050001;BESIGNAN;44.320500;5.317000;556;202511;3;38.8;0;0.4;0;8.1;0;;;5.5;0;;;;;
26050001;BESIGNAN;44.320500;5.317000;556;202512;1;13.2;0;2.9;0;10.4;0;;;7.9;0;;;;;
26050001;BESIGNAN;44.320500;5.317000;556;202512;2;14.4;0;4.5;0;11.9;0;;;8.6;0;;;;;
26050001;BESIGNAN;44.320500;5.317000;556;202512;3;24.6;0;1.6;0;9.6;0;;;6.3;0;;;;;
26050001;BESIGNAN;44.320500;5.317000;556;202601;1;13.4;0;-2.8;0;5.0;0;;;4.3;0;;;;;
26050001;BESIGNAN;44.320500;5.317000;556;202601;2;9.0;0;4.2;0;11.3;0;;;6.9;0;;;;;
26050001;BESIGNAN;44.320500;5.317000;556;202601;3;65.2;0;0.8;0;8.5;0;;;6.7;0;;;;;
26050001;BESIGNAN;44.320500;5.317000;556;202602;1;48.8;0;3.0;0;10.3;0;;;7.6;0;;;;;
26050001;BESIGNAN;44.320500;5.317000;556;202602;2;70.4;0;3.9;0;10.0;0;;;7.2;0;;;;;
26050001;BESIGNAN;44.320500;5.317000;556;202602;3;0.6;0;5.0;0;16.5;0;;;8.6;0;;;;;
26050001;BESIGNAN;44.320500;5.317000;556;202603;1;10.2;0;5.8;0;14.8;0;;;8.9;0;;;;;
26056001;BOURDEAUX;44.580167;5.142833;432;202501;1;28.7;0;0.8;0;11.1;0;;;;;;;;;
26056001;BOURDEAUX;44.580167;5.142833;432;202501;2;1.0;0;-5.2;0;6.0;0;;;;;;;;;
26056001;BOURDEAUX;44.580167;5.142833;432;202501;3;48.8;0;3.0;0;13.4;0;;;;;;;;;
26056001;BOURDEAUX;44.580167;5.142833;432;202502;1;12.8;0;-0.9;0;8.7;0;;;;;;;;;
26056001;BOURDEAUX;44.580167;5.142833;432;202502;2;7.8;0;1.4;0;12.2;0;;;;;;;;;
26056001;BOURDEAUX;44.580167;5.142833;432;202502;3;12.0;0;2.7;0;12.7;0;;;;;;;;;
26056001;BOURDEAUX;44.580167;5.142833;432;202503;1;34.5;0;-0.9;0;15.4;0;;;;;;;;;
26056001;BOURDEAUX;44.580167;5.142833;432;202503;2;22.2;0;0.2;0;11.7;0;;;;;;;;;
26056001;BOURDEAUX;44.580167;5.142833;432;202503;3;35.3;0;5.6;0;15.7;0;;;;;;;;;
26056001;BOURDEAUX;44.580167;5.142833;432;202504;1;0.4;0;2.5;0;19.2;0;;;;;;;;;
26056001;BOURDEAUX;44.580167;5.142833;432;202504;2;88.9;0;7.2;0;17.0;0;;;;;;;;;
26056001;BOURDEAUX;44.580167;5.142833;432;202504;3;17.5;0;5.9;0;20.1;0;;;;;;;;;
26056001;BOURDEAUX;44.580167;5.142833;432;202505;1;40.3;0;7.4;0;18.7;0;;;;;;;;;
26056001;BOURDEAUX;44.580167;5.142833;432;202505;2;34.7;0;6.6;0;22.4;0;;;;;;;;;
26056001;BOURDEAUX;44.580167;5.142833;432;202505;3;12.6;0;10.4;0;23.6;0;;;;;;;;;
26056001;BOURDEAUX;44.580167;5.142833;432;202506;1;17.1;0;12.4;0;26.1;0;;;;;;;;;
26056001;BOURDEAUX;44.580167;5.142833;432;202506;2;1.0;0;12.6;0;30.2;0;;;;;;;;;
26056001;BOURDEAUX;44.580167;5.142833;432;202506;3;2.6;0;15.3;0;33.7;0;;;;;;;;;
26056001;BOURDEAUX;44.580167;5.142833;432;202507;1;9.6;0;13.4;0;30.1;0;;;;;;;;;
26056001;BOURDEAUX;44.580167;5.142833;432;202507;2;23.3;0;14.7;0;31.0;0;;;;;;;;;
26056001;BOURDEAUX;44.580167;5.142833;432;202507;3;6.2;0;13.9;0;26.6;0;;;;;;;;;
26056001;BOURDEAUX;44.580167;5.142833;432;202508;1;0.0;0;12.9;0;31.6;0;;;;;;;;;
26056001;BOURDEAUX;44.580167;5.142833;432;202508;2;6.1;0;15.5;0;34.2;0;;;;;;;;;
26056001;BOURDEAUX;44.580167;5.142833;432;202508;3;41.6;0;11.6;0;27.9;0;;;;;;;;;
26056001;BOURDEAUX;44.580167;5.142833;432;202509;1;61.5;0;11.3;0;25.2;0;;;;;;;;;
26056001;BOURDEAUX;44.580167;5.142833;432;202509;2;8.4;0;10.2;0;24.8;0;;;;;;;;;
26056001;BOURDEAUX;44.580167;5.142833;432;202509;3;85.3;0;6.0;0;18.2;0;;;;;;;;;
26056001;BOURDEAUX;44.580167;5.142833;432;202510;1;4.0;0;6.3;0;19.0;0;;;;;;;;;
26056001;BOURDEAUX;44.580167;5.142833;432;202510;2;44.3;0;6.3;0;18.3;0;;;;;;;;;
26056001;BOURDEAUX;44.580167;5.142833;432;202510;3;102.9;0;7.4;0;16.8;0;;;;;;;;;
26056001;BOURDEAUX;44.580167;5.142833;432;202511;1;36.0;0;4.7;0;17.2;0;;;;;;;;;
26056001;BOURDEAUX;44.580167;5.142833;432;202511;2;45.3;0;2.2;0;14.8;0;;;;;;;;;
26056001;BOURDEAUX;44.580167;5.142833;432;202511;3;42.0;0;-0.6;0;8.0;0;;;;;;;;;
26056001;BOURDEAUX;44.580167;5.142833;432;202512;1;24.7;0;0.7;0;11.6;0;;;;;;;;;
26056001;BOURDEAUX;44.580167;5.142833;432;202512;2;22.9;0;2.9;0;13.9;0;;;;;;;;;
26056001;BOURDEAUX;44.580167;5.142833;432;202512;3;39.3;0;-0.4;0;5.2;0;;;;;;;;;
26056001;BOURDEAUX;44.580167;5.142833;432;202601;1;12.6;0;-4.7;0;5.1;0;;;;;;;;;
26056001;BOURDEAUX;44.580167;5.142833;432;202601;2;14.1;0;1.6;0;11.4;0;;;;;;;;;
26056001;BOURDEAUX;44.580167;5.142833;432;202601;3;62.3;0;-0.4;0;9.3;0;;;;;;;;;
26056001;BOURDEAUX;44.580167;5.142833;432;202602;1;41.8;0;1.6;0;12.5;0;;;;;;;;;
26056001;BOURDEAUX;44.580167;5.142833;432;202602;2;55.4;0;3.4;0;10.8;0;;;;;;;;;
26056001;BOURDEAUX;44.580167;5.142833;432;202602;3;1.0;0;2.4;0;16.1;0;;;;;;;;;
26056001;BOURDEAUX;44.580167;5.142833;432;202603;1;19.3;0;3.2;0;15.5;0;;;;;;;;;
26059001;BOUVANTE;44.955000;5.326667;1071;202501;1;56.9;0;-1.1;0;6.4;0;;;;;;;;;
26059001;BOUVANTE;44.955000;5.326667;1071;202501;2;3.2;0;-7.0;0;3.0;0;;;;;;;;;
26059001;BOUVANTE;44.955000;5.326667;1071;202501;3;90.5;0;0.7;0;7.2;0;;;;;;;;;
26059001;BOUVANTE;44.955000;5.326667;1071;202502;1;7.8;0;-3.6;0;6.1;0;;;;;;;;;
26059001;BOUVANTE;44.955000;5.326667;1071;202502;2;9.8;0;-1.6;0;8.7;0;;;;;;;;;
26059001;BOUVANTE;44.955000;5.326667;1071;202502;3;14.6;0;0.2;0;7.6;0;;;;;;;;;
26059001;BOUVANTE;44.955000;5.326667;1071;202503;1;22.2;0;-2.1;0;10.8;0;;;;;;;;;
26059001;BOUVANTE;44.955000;5.326667;1071;202503;2;38.5;0;-1.8;0;5.5;0;;;;;;;;;
26059001;BOUVANTE;44.955000;5.326667;1071;202503;3;31.5;0;2.9;0;8.9;0;;;;;;;;;
26059001;BOUVANTE;44.955000;5.326667;1071;202504;1;0.2;0;-0.1;0;14.3;0;;;;;;;;;
26059001;BOUVANTE;44.955000;5.326667;1071;202504;2;128.8;0;3.9;0;12.2;0;;;;;;;;;
26059001;BOUVANTE;44.955000;5.326667;1071;202504;3;29.1;0;3.5;0;14.2;0;;;;;;;;;
26059001;BOUVANTE;44.955000;5.326667;1071;202505;1;54.5;0;5.4;0;12.7;0;;;;;;;;;
26059001;BOUVANTE;44.955000;5.326667;1071;202505;2;17.0;0;3.1;0;16.7;0;;;;;;;;;
26059001;BOUVANTE;44.955000;5.326667;1071;202505;3;31.5;0;5.7;0;17.6;0;;;;;;;;;
26059001;BOUVANTE;44.955000;5.326667;1071;202506;1;42.4;0;9.4;0;21.0;0;;;;;;;;;
26059001;BOUVANTE;44.955000;5.326667;1071;202506;2;0.5;0;10.6;0;25.3;0;;;;;;;;;
26059001;BOUVANTE;44.955000;5.326667;1071;202506;3;7.8;0;12.6;0;29.6;0;;;;;;;;;
26059001;BOUVANTE;44.955000;5.326667;1071;202507;1;13.3;0;9.8;0;25.2;0;;;;;;;;;
26059001;BOUVANTE;44.955000;5.326667;1071;202507;2;40.7;0;10.9;0;27.0;0;;;;;;;;;
26059001;BOUVANTE;44.955000;5.326667;1071;202507;3;17.1;0;9.1;0;20.0;0;;;;;;;;;
26059001;BOUVANTE;44.955000;5.326667;1071;202508;1;2.4;0;9.9;0;25.5;0;;;;;;;;;
26059001;BOUVANTE;44.955000;5.326667;1071;202508;2;10.7;0;12.3;0;28.5;0;;;;;;;;;
26059001;BOUVANTE;44.955000;5.326667;1071;202508;3;47.5;0;8.9;0;22.0;0;;;;;;;;;
26059001;BOUVANTE;44.955000;5.326667;1071;202509;1;28.5;0;9.5;0;20.3;0;;;;;;;;;
26059001;BOUVANTE;44.955000;5.326667;1071;202509;2;14.0;0;8.4;0;20.3;0;;;;;;;;;
26059001;BOUVANTE;44.955000;5.326667;1071;202509;3;76.2;0;4.0;0;11.7;0;;;;;;;;;
26059001;BOUVANTE;44.955000;5.326667;1071;202510;1;19.0;0;3.0;0;13.4;0;;;;;;;;;
26059001;BOUVANTE;44.955000;5.326667;1071;202510;2;30.2;0;2.9;0;14.7;0;;;;;;;;;
26059001;BOUVANTE;44.955000;5.326667;1071;202510;3;100.7;0;4.3;0;11.2;0;;;;;;;;;
26059001;BOUVANTE;44.955000;5.326667;1071;202511;1;39.7;0;4.0;0;12.0;0;;;;;;;;;
26059001;BOUVANTE;44.955000;5.326667;1071;202511;2;89.3;0;3.1;0;9.7;0;;;;;;;;;
26059001;BOUVANTE;44.955000;5.326667;1071;202511;3;133.4;0;-4.4;0;1.6;0;;;;;;;;;
26059001;BOUVANTE;44.955000;5.326667;1071;202512;1;24.8;0;-0.8;0;6.0;0;;;;;;;;;
26059001;BOUVANTE;44.955000;5.326667;1071;202512;2;10.7;0;0.1;0;10.0;0;;;;;;;;;
26059001;BOUVANTE;44.955000;5.326667;1071;202512;3;23.7;0;-3.4;0;4.2;0;;;;;;;;;
26059001;BOUVANTE;44.955000;5.326667;1071;202601;1;38.4;0;-8.8;0;-0.8;0;;;;;;;;;
26059001;BOUVANTE;44.955000;5.326667;1071;202601;2;6.0;0;-0.2;0;7.3;0;;;;;;;;;
26059001;BOUVANTE;44.955000;5.326667;1071;202601;3;71.0;1;-2.8;0;4.5;0;;;;;;;;;
26059001;BOUVANTE;44.955000;5.326667;1071;202602;1;;;-0.1;0;7.1;0;;;;;;;;;
26059001;BOUVANTE;44.955000;5.326667;1071;202602;2;;;-0.1;0;4.6;0;;;;;;;;;
26059001;BOUVANTE;44.955000;5.326667;1071;202602;3;0.0;0;-0.3;0;13.1;0;;;;;;;;;
26064001;VALENCE-CHABEUI;44.914833;4.971833;163;202501;1;24.5;0;3.9;0;10.8;0;5.8;0;8.4;0;;;;;
26064001;VALENCE-CHABEUI;44.914833;4.971833;163;202501;2;0.0;0;-1.6;0;4.7;0;5.7;0;5.5;0;;;;;
26064001;VALENCE-CHABEUI;44.914833;4.971833;163;202501;3;47.2;0;4.9;0;12.6;0;5.3;0;9.4;0;;;;;
26064001;VALENCE-CHABEUI;44.914833;4.971833;163;202502;1;25.6;0;2.0;0;8.6;0;5.6;0;7.2;0;;;;;
26064001;VALENCE-CHABEUI;44.914833;4.971833;163;202502;2;8.2;0;3.8;0;12.6;0;4.0;0;8.7;0;;;;;
26064001;VALENCE-CHABEUI;44.914833;4.971833;163;202502;3;18.1;0;6.3;0;13.6;0;5.4;0;9.4;0;;;;;
26064001;VALENCE-CHABEUI;44.914833;4.971833;163;202503;1;27.4;0;1.8;0;16.4;0;3.5;0;7.8;0;;;;;
26064001;VALENCE-CHABEUI;44.914833;4.971833;163;202503;2;31.7;0;3.3;0;11.7;0;4.2;0;8.2;0;;;;;
26064001;VALENCE-CHABEUI;44.914833;4.971833;163;202503;3;24.8;0;8.1;0;16.6;0;6.9;0;9.7;0;;;;;
26064001;VALENCE-CHABEUI;44.914833;4.971833;163;202504;1;0.8;0;6.0;0;20.8;0;3.9;0;9.0;0;;;;;
26064001;VALENCE-CHABEUI;44.914833;4.971833;163;202504;2;88.4;0;9.0;0;18.2;0;5.0;0;11.6;0;;;;;
26064001;VALENCE-CHABEUI;44.914833;4.971833;163;202504;3;10.0;0;9.1;0;21.6;0;4.0;0;12.1;0;;;;;
26064001;VALENCE-CHABEUI;44.914833;4.971833;163;202505;1;26.2;0;10.4;0;19.7;0;4.6;0;12.1;0;;;;;
26064001;VALENCE-CHABEUI;44.914833;4.971833;163;202505;2;20.1;0;10.6;0;24.1;0;4.2;0;12.2;0;;;;;
26064001;VALENCE-CHABEUI;44.914833;4.971833;163;202505;3;14.0;0;12.6;0;25.1;0;5.1;0;12.6;0;;;;;
26064001;VALENCE-CHABEUI;44.914833;4.971833;163;202506;1;25.2;0;15.4;0;27.2;0;4.2;0;17.0;0;;;;;
26064001;VALENCE-CHABEUI;44.914833;4.971833;163;202506;2;0.0;0;17.2;0;31.8;0;4.7;0;16.7;0;;;;;
26064001;VALENCE-CHABEUI;44.914833;4.971833;163;202506;3;9.2;0;19.6;0;35.3;0;4.2;0;19.0;0;;;;;
26064001;VALENCE-CHABEUI;44.914833;4.971833;163;202507;1;1.2;0;16.7;0;30.5;0;4.7;0;15.6;0;;;;;
26064001;VALENCE-CHABEUI;44.914833;4.971833;163;202507;2;37.6;0;17.6;0;31.7;0;4.1;0;17.0;0;;;;;
26064001;VALENCE-CHABEUI;44.914833;4.971833;163;202507;3;9.7;0;15.5;0;26.7;0;4.9;0;15.6;0;;;;;
26064001;VALENCE-CHABEUI;44.914833;4.971833;163;202508;1;0.0;0;15.7;0;31.6;0;4.6;0;15.4;0;;;;;
26064001;VALENCE-CHABEUI;44.914833;4.971833;163;202508;2;17.8;0;18.8;0;34.4;0;3.6;0;18.0;0;;;;;
26064001;VALENCE-CHABEUI;44.914833;4.971833;163;202508;3;31.2;0;14.7;0;28.2;0;4.6;0;15.6;0;;;;;
26064001;VALENCE-CHABEUI;44.914833;4.971833;163;202509;1;18.5;0;14.8;0;26.2;0;3.9;0;16.2;0;;;;;
26064001;VALENCE-CHABEUI;44.914833;4.971833;163;202509;2;9.9;0;13.5;0;25.7;0;3.6;0;15.1;0;;;;;
26064001;VALENCE-CHABEUI;44.914833;4.971833;163;202509;3;56.6;0;10.2;0;18.9;0;3.9;0;12.7;0;;;;;
26064001;VALENCE-CHABEUI;44.914833;4.971833;163;202510;1;2.4;0;8.7;0;19.7;0;4.6;0;11.7;0;;;;;
26064001;VALENCE-CHABEUI;44.914833;4.971833;163;202510;2;22.4;0;10.0;0;18.4;0;3.6;0;12.5;0;;;;;
26064001;VALENCE-CHABEUI;44.914833;4.971833;163;202510;3;86.6;0;9.9;0;16.9;0;3.9;0;12.7;0;;;;;
26064001;VALENCE-CHABEUI;44.914833;4.971833;163;202511;1;46.0;0;8.2;0;16.8;0;4.2;0;11.2;0;;;;;
26064001;VALENCE-CHABEUI;44.914833;4.971833;163;202511;2;68.1;0;6.0;0;14.7;0;5.4;0;10.0;0;;;;;
26064001;VALENCE-CHABEUI;44.914833;4.971833;163;202511;3;18.1;0;1.7;0;8.2;0;6.4;0;7.1;0;;;;;
26064001;VALENCE-CHABEUI;44.914833;4.971833;163;202512;1;25.6;0;4.2;0;11.4;0;3.3;0;9.4;0;;;;;
26064001;VALENCE-CHABEUI;44.914833;4.971833;163;202512;2;18.5;0;4.7;0;12.7;0;2.6;0;10.2;0;;;;;
26064001;VALENCE-CHABEUI;44.914833;4.971833;163;202512;3;29.7;0;2.1;0;5.5;0;5.1;0;7.2;0;;;;;
26064001;VALENCE-CHABEUI;44.914833;4.971833;163;202601;1;9.1;0;-2.4;0;4.9;0;5.5;0;5.2;0;;;;;
26064001;VALENCE-CHABEUI;44.914833;4.971833;163;202601;2;9.9;0;4.8;0;11.1;0;4.0;0;8.5;0;;;;;
26064001;VALENCE-CHABEUI;44.914833;4.971833;163;202601;3;65.5;0;2.1;0;9.2;0;3.4;0;8.0;0;;;;;
26064001;VALENCE-CHABEUI;44.914833;4.971833;163;202602;1;19.7;0;4.0;0;12.7;0;3.9;0;9.3;0;;;;;
26064001;VALENCE-CHABEUI;44.914833;4.971833;163;202602;2;19.1;0;5.1;0;11.7;0;4.9;0;8.6;0;;;;;
26064001;VALENCE-CHABEUI;44.914833;4.971833;163;202602;3;0.4;0;6.4;0;16.5;0;5.1;0;10.4;0;;;;;
26064001;VALENCE-CHABEUI;44.914833;4.971833;163;202603;1;10.9;0;5.9;0;17.4;0;2.5;0;10.1;0;;;;;
26074001;CHAPELLE-EN-VERCORS_SAPC;44.961500;5.422167;879;202501;1;52.3;0;0.7;0;8.5;0;;;;;;;;;
26074001;CHAPELLE-EN-VERCORS_SAPC;44.961500;5.422167;879;202501;2;1.1;0;-5.1;0;5.0;0;;;;;;;;;
26074001;CHAPELLE-EN-VERCORS_SAPC;44.961500;5.422167;879;202501;3;69.2;0;1.9;0;9.7;0;;;;;;;;;
26074001;CHAPELLE-EN-VERCORS_SAPC;44.961500;5.422167;879;202502;1;8.0;0;-2.3;0;7.8;0;;;;;;;;;
26074001;CHAPELLE-EN-VERCORS_SAPC;44.961500;5.422167;879;202502;2;12.2;0;0.0;0;10.9;0;;;;;;;;;
26074001;CHAPELLE-EN-VERCORS_SAPC;44.961500;5.422167;879;202502;3;15.5;0;1.8;0;10.1;0;;;;;;;;;
26074001;CHAPELLE-EN-VERCORS_SAPC;44.961500;5.422167;879;202503;1;17.9;0;-0.1;0;13.2;0;;;;;;;;;
26074001;CHAPELLE-EN-VERCORS_SAPC;44.961500;5.422167;879;202503;2;31.8;0;0.0;0;8.4;0;;;;;;;;;
26074001;CHAPELLE-EN-VERCORS_SAPC;44.961500;5.422167;879;202503;3;24.5;0;4.2;0;11.7;0;;;;;;;;;
26074001;CHAPELLE-EN-VERCORS_SAPC;44.961500;5.422167;879;202504;1;2.7;0;2.9;0;17.2;0;;;;;;;;;
26074001;CHAPELLE-EN-VERCORS_SAPC;44.961500;5.422167;879;202504;2;108.4;0;5.7;0;14.7;0;;;;;;;;;
26074001;CHAPELLE-EN-VERCORS_SAPC;44.961500;5.422167;879;202504;3;21.8;0;5.3;0;17.2;0;;;;;;;;;
26074001;CHAPELLE-EN-VERCORS_SAPC;44.961500;5.422167;879;202505;1;41.7;0;6.8;0;15.3;0;;;;;;;;;
26074001;CHAPELLE-EN-VERCORS_SAPC;44.961500;5.422167;879;202505;2;19.9;0;5.5;0;19.8;0;;;;;;;;;
26074001;CHAPELLE-EN-VERCORS_SAPC;44.961500;5.422167;879;202505;3;27.8;0;8.1;0;20.5;0;;;;;;;;;
26074001;CHAPELLE-EN-VERCORS_SAPC;44.961500;5.422167;879;202506;1;40.7;0;11.4;0;23.5;0;;;;;;;;;
26074001;CHAPELLE-EN-VERCORS_SAPC;44.961500;5.422167;879;202506;2;0.2;0;13.1;0;27.6;0;;;;;;;;;
26074001;CHAPELLE-EN-VERCORS_SAPC;44.961500;5.422167;879;202506;3;11.1;0;15.1;0;32.2;0;;;;;;;;;
26074001;CHAPELLE-EN-VERCORS_SAPC;44.961500;5.422167;879;202507;1;13.4;0;12.0;0;27.2;0;;;;;;;;;
26074001;CHAPELLE-EN-VERCORS_SAPC;44.961500;5.422167;879;202507;2;38.3;0;13.4;0;29.0;0;;;;;;;;;
26074001;CHAPELLE-EN-VERCORS_SAPC;44.961500;5.422167;879;202507;3;18.9;0;10.9;0;22.9;0;;;;;;;;;
26074001;CHAPELLE-EN-VERCORS_SAPC;44.961500;5.422167;879;202508;1;0.5;0;12.5;0;28.6;0;;;;;;;;;
26074001;CHAPELLE-EN-VERCORS_SAPC;44.961500;5.422167;879;202508;2;8.7;0;15.4;0;31.5;0;;;;;;;;;
26074001;CHAPELLE-EN-VERCORS_SAPC;44.961500;5.422167;879;202508;3;41.1;0;10.8;0;25.0;0;;;;;;;;;
26074001;CHAPELLE-EN-VERCORS_SAPC;44.961500;5.422167;879;202509;1;23.5;0;11.2;0;23.2;0;;;;;;;;;
26074001;CHAPELLE-EN-VERCORS_SAPC;44.961500;5.422167;879;202509;2;13.3;0;10.5;0;23.0;0;;;;;;;;;
26074001;CHAPELLE-EN-VERCORS_SAPC;44.961500;5.422167;879;202509;3;80.0;0;5.8;0;14.9;0;;;;;;;;;
26074001;CHAPELLE-EN-VERCORS_SAPC;44.961500;5.422167;879;202510;1;15.8;0;5.0;0;16.1;0;;;;;;;;;
26074001;CHAPELLE-EN-VERCORS_SAPC;44.961500;5.422167;879;202510;2;17.6;0;5.0;0;17.0;0;;;;;;;;;
26074001;CHAPELLE-EN-VERCORS_SAPC;44.961500;5.422167;879;202510;3;89.5;0;6.2;0;13.1;0;;;;;;;;;
26074001;CHAPELLE-EN-VERCORS_SAPC;44.961500;5.422167;879;202511;1;44.8;0;5.4;0;14.6;0;;;;;;;;;
26074001;CHAPELLE-EN-VERCORS_SAPC;44.961500;5.422167;879;202511;2;58.8;0;4.3;0;12.1;0;;;;;;;;;
26074001;CHAPELLE-EN-VERCORS_SAPC;44.961500;5.422167;879;202511;3;115.0;0;-3.2;0;4.1;0;;;;;;;;;
26074001;CHAPELLE-EN-VERCORS_SAPC;44.961500;5.422167;879;202512;1;21.5;0;1.0;0;9.3;0;;;;;;;;;
26074001;CHAPELLE-EN-VERCORS_SAPC;44.961500;5.422167;879;202512;2;3.5;0;2.9;0;12.1;0;;;;;;;;;
26074001;CHAPELLE-EN-VERCORS_SAPC;44.961500;5.422167;879;202512;3;12.6;0;-1.5;0;6.3;0;;;;;;;;;
26074001;CHAPELLE-EN-VERCORS_SAPC;44.961500;5.422167;879;202601;1;51.1;0;-6.8;0;1.8;0;;;;;;;;;
26074001;CHAPELLE-EN-VERCORS_SAPC;44.961500;5.422167;879;202601;2;4.0;0;1.4;0;9.5;0;;;;;;;;;
26074001;CHAPELLE-EN-VERCORS_SAPC;44.961500;5.422167;879;202601;3;86.7;0;-1.2;0;6.3;0;;;;;;;;;
26074001;CHAPELLE-EN-VERCORS_SAPC;44.961500;5.422167;879;202602;1;39.4;0;1.6;0;9.7;0;;;;;;;;;
26074001;CHAPELLE-EN-VERCORS_SAPC;44.961500;5.422167;879;202602;2;156.8;0;0.8;0;6.2;0;;;;;;;;;
26074001;CHAPELLE-EN-VERCORS_SAPC;44.961500;5.422167;879;202602;3;0.3;0;2.2;0;15.9;0;;;;;;;;;
26074001;CHAPELLE-EN-VERCORS_SAPC;44.961500;5.422167;879;202603;1;11.1;0;2.5;0;14.3;0;;;;;;;;;
26113003;DIE;44.767667;5.343500;384;202501;1;57.5;0;0.5;0;9.1;0;;;;;;;;;
26113003;DIE;44.767667;5.343500;384;202501;2;0.6;0;-4.9;0;7.0;0;;;;;;;;;
26113003;DIE;44.767667;5.343500;384;202501;3;65.2;0;3.1;0;13.3;0;;;;;;;;;
26113003;DIE;44.767667;5.343500;384;202502;1;7.2;0;0.4;0;9.6;0;;;;;;;;;
26113003;DIE;44.767667;5.343500;384;202502;2;12.2;0;0.9;0;13.2;0;;;;;;;;;
26113003;DIE;44.767667;5.343500;384;202502;3;11.2;0;3.7;0;13.2;0;;;;;;;;;
26113003;DIE;44.767667;5.343500;384;202503;1;28.9;0;-2.4;0;16.3;0;;;;;;;;;
26113003;DIE;44.767667;5.343500;384;202503;2;19.4;0;0.7;0;11.9;0;;;;;;;;;
26113003;DIE;44.767667;5.343500;384;202503;3;22.4;0;6.0;0;16.0;0;;;;;;;;;
26113003;DIE;44.767667;5.343500;384;202504;1;5.0;0;2.5;0;20.5;0;;;;;;;;;
26113003;DIE;44.767667;5.343500;384;202504;2;103.3;0;6.9;0;17.8;0;;;;;;;;;
26113003;DIE;44.767667;5.343500;384;202504;3;26.9;0;5.8;0;21.1;0;;;;;;;;;
26113003;DIE;44.767667;5.343500;384;202505;1;42.6;0;8.2;0;20.2;0;;;;;;;;;
26113003;DIE;44.767667;5.343500;384;202505;2;24.2;0;6.8;0;23.5;0;;;;;;;;;
26113003;DIE;44.767667;5.343500;384;202505;3;7.2;0;10.5;0;24.5;0;;;;;;;;;
26113003;DIE;44.767667;5.343500;384;202506;1;33.0;0;13.6;0;27.4;0;;;;;;;;;
26113003;DIE;44.767667;5.343500;384;202506;2;0.2;0;13.3;0;32.1;0;;;;;;;;;
26113003;DIE;44.767667;5.343500;384;202506;3;27.4;0;16.1;0;35.7;0;;;;;;;;;
26113003;DIE;44.767667;5.343500;384;202507;1;1.0;0;13.9;0;31.1;0;;;;;;;;;
26113003;DIE;44.767667;5.343500;384;202507;2;30.5;0;15.4;0;32.1;0;;;;;;;;;
26113003;DIE;44.767667;5.343500;384;202507;3;4.6;0;14.8;0;26.8;0;;;;;;;;;
26113003;DIE;44.767667;5.343500;384;202508;1;0.0;0;13.3;0;32.5;0;;;;;;;;;
26113003;DIE;44.767667;5.343500;384;202508;2;4.8;0;15.5;0;34.6;0;;;;;;;;;
26113003;DIE;44.767667;5.343500;384;202508;3;29.5;0;12.7;0;28.8;0;;;;;;;;;
26113003;DIE;44.767667;5.343500;384;202509;1;40.9;0;12.4;0;26.6;0;;;;;;;;;
26113003;DIE;44.767667;5.343500;384;202509;2;19.9;0;10.7;0;26.1;0;;;;;;;;;
26113003;DIE;44.767667;5.343500;384;202509;3;75.4;0;6.8;0;19.7;0;;;;;;;;;
26113003;DIE;44.767667;5.343500;384;202510;1;5.8;0;5.1;0;20.4;0;;;;;;;;;
26113003;DIE;44.767667;5.343500;384;202510;2;27.3;0;6.5;0;19.4;0;;;;;;;;;
26113003;DIE;44.767667;5.343500;384;202510;3;100.4;0;7.5;0;16.7;0;;;;;;;;;
26113003;DIE;44.767667;5.343500;384;202511;1;30.4;0;3.4;0;17.5;0;;;;;;;;;
26113003;DIE;44.767667;5.343500;384;202511;2;28.6;0;2.4;0;15.3;0;;;;;;;;;
26113003;DIE;44.767667;5.343500;384;202511;3;86.2;0;-0.5;0;7.6;0;;;;;;;;;
26113003;DIE;44.767667;5.343500;384;202512;1;22.9;0;1.2;0;10.7;0;;;;;;;;;
26113003;DIE;44.767667;5.343500;384;202512;2;7.4;0;1.2;0;13.1;0;;;;;;;;;
26113003;DIE;44.767667;5.343500;384;202512;3;23.9;0;-0.6;0;6.6;0;;;;;;;;;
26113003;DIE;44.767667;5.343500;384;202601;1;32.2;0;-6.7;0;4.5;0;;;;;;;;;
26113003;DIE;44.767667;5.343500;384;202601;2;11.6;0;0.9;0;11.3;0;;;;;;;;;
26113003;DIE;44.767667;5.343500;384;202601;3;69.3;0;-0.4;0;9.4;0;;;;;;;;;
26113003;DIE;44.767667;5.343500;384;202602;1;52.1;0;1.7;0;12.3;0;;;;;;;;;
26113003;DIE;44.767667;5.343500;384;202602;2;94.0;0;3.7;0;10.7;0;;;;;;;;;
26113003;DIE;44.767667;5.343500;384;202602;3;0.8;0;2.6;0;17.6;0;;;;;;;;;
26113003;DIE;44.767667;5.343500;384;202603;1;11.8;0;2.7;0;16.7;0;;;;;;;;;
26116002;DONZERE;44.429167;4.725333;66;202501;1;16.1;0;4.0;0;11.8;0;;;;;;;;;
26116002;DONZERE;44.429167;4.725333;66;202501;2;0.4;0;0.7;0;7.2;0;;;;;;;;;
26116002;DONZERE;44.429167;4.725333;66;202501;3;49.4;0;5.6;0;13.4;0;;;;;;;;;
26116002;DONZERE;44.429167;4.725333;66;202502;1;21.8;0;3.2;0;10.3;0;;;;;;;;;
26116002;DONZERE;44.429167;4.725333;66;202502;2;18.8;0;5.0;0;13.3;0;;;;;;;;;
26116002;DONZERE;44.429167;4.725333;66;202502;3;28.1;0;6.9;0;13.8;0;;;;;;;;;
26116002;DONZERE;44.429167;4.725333;66;202503;1;38.8;0;3.7;0;17.2;0;;;;;;;;;
26116002;DONZERE;44.429167;4.725333;66;202503;2;33.1;0;3.8;0;12.9;0;;;;;;;;;
26116002;DONZERE;44.429167;4.725333;66;202503;3;50.7;0;9.4;0;17.8;0;;;;;;;;;
26116002;DONZERE;44.429167;4.725333;66;202504;1;0.2;0;6.7;0;21.7;0;;;;;;;;;
26116002;DONZERE;44.429167;4.725333;66;202504;2;38.9;0;9.6;0;19.2;0;;;;;;;;;
26116002;DONZERE;44.429167;4.725333;66;202504;3;13.5;0;10.3;0;23.4;0;;;;;;;;;
26116002;DONZERE;44.429167;4.725333;66;202505;1;42.5;0;10.2;0;21.9;0;;;;;;;;;
26116002;DONZERE;44.429167;4.725333;66;202505;2;15.6;0;11.1;0;25.4;0;;;;;;;;;
26116002;DONZERE;44.429167;4.725333;66;202505;3;5.4;0;13.6;0;26.8;0;;;;;;;;;
26116002;DONZERE;44.429167;4.725333;66;202506;1;28.7;0;16.0;0;28.7;0;;;;;;;;;
26116002;DONZERE;44.429167;4.725333;66;202506;2;0.0;0;17.0;0;33.5;0;;;;;;;;;
26116002;DONZERE;44.429167;4.725333;66;202506;3;15.2;0;21.4;0;36.8;0;;;;;;;;;
26116002;DONZERE;44.429167;4.725333;66;202507;1;0.8;0;18.7;0;33.1;0;;;;;;;;;
26116002;DONZERE;44.429167;4.725333;66;202507;2;48.1;0;19.5;0;34.2;0;;;;;;;;;
26116002;DONZERE;44.429167;4.725333;66;202507;3;6.2;0;17.8;0;28.9;0;;;;;;;;;
26116002;DONZERE;44.429167;4.725333;66;202508;1;0.0;0;17.8;0;33.7;0;;;;;;;;;
26116002;DONZERE;44.429167;4.725333;66;202508;2;4.8;0;21.0;0;36.3;0;;;;;;;;;
26116002;DONZERE;44.429167;4.725333;66;202508;3;43.4;0;16.5;0;29.7;0;;;;;;;;;
26116002;DONZERE;44.429167;4.725333;66;202509;1;68.3;0;15.2;0;27.1;0;;;;;;;;;
26116002;DONZERE;44.429167;4.725333;66;202509;2;6.8;0;13.6;0;27.0;0;;;;;;;;;
26116002;DONZERE;44.429167;4.725333;66;202509;3;34.8;0;10.8;0;20.9;0;;;;;;;;;
26116002;DONZERE;44.429167;4.725333;66;202510;1;1.0;0;11.0;0;21.6;0;;;;;;;;;
26116002;DONZERE;44.429167;4.725333;66;202510;2;96.8;0;11.3;0;20.8;0;;;;;;;;;
26116002;DONZERE;44.429167;4.725333;66;202510;3;116.5;0;9.8;0;18.9;0;;;;;;;;;
26116002;DONZERE;44.429167;4.725333;66;202511;1;43.3;0;8.4;0;18.2;0;;;;;;;;;
26116002;DONZERE;44.429167;4.725333;66;202511;2;19.8;0;6.1;0;16.3;0;;;;;;;;;
26116002;DONZERE;44.429167;4.725333;66;202511;3;5.2;0;2.3;0;9.9;0;;;;;;;;;
26116002;DONZERE;44.429167;4.725333;66;202512;1;25.3;0;4.2;0;12.0;0;;;;;;;;;
26116002;DONZERE;44.429167;4.725333;66;202512;2;31.6;0;6.8;0;13.9;0;;;;;;;;;
26116002;DONZERE;44.429167;4.725333;66;202512;3;39.4;0;3.4;0;7.5;0;;;;;;;;;
26116002;DONZERE;44.429167;4.725333;66;202601;1;0.4;0;-1.9;0;6.9;0;;;;;;;;;
26116002;DONZERE;44.429167;4.725333;66;202601;2;15.1;0;5.8;0;11.7;0;;;;;;;;;
26116002;DONZERE;44.429167;4.725333;66;202601;3;59.4;0;1.9;0;10.5;0;;;;;;;;;
26116002;DONZERE;44.429167;4.725333;66;202602;1;44.8;0;3.7;0;13.2;0;;;;;;;;;
26116002;DONZERE;44.429167;4.725333;66;202602;2;26.3;0;4.9;0;13.3;0;;;;;;;;;
26116002;DONZERE;44.429167;4.725333;66;202602;3;0.2;0;7.8;0;17.7;0;;;;;;;;;
26116002;DONZERE;44.429167;4.725333;66;202603;1;27.3;0;7.3;0;17.4;0;;;;;;;;;
26124001;ETOILE;44.819000;4.889500;145;202501;1;28.6;0;3.9;0;11.2;0;4.5;0;8.5;1;1144;0;3960;0;7.3
26124001;ETOILE;44.819000;4.889500;145;202501;2;0.2;0;-1.3;0;5.5;0;;;;;3128;0;6352;0;
26124001;ETOILE;44.819000;4.889500;145;202501;3;52.7;0;5.9;0;12.7;0;3.8;0;9.4;1;1904;0;5789;0;9.2
26124001;ETOILE;44.819000;4.889500;145;202502;1;22.8;0;2.8;0;8.5;0;4.6;0;7.2;0;2314;0;6866;0;9.3
26124001;ETOILE;44.819000;4.889500;145;202502;2;12.0;0;4.5;0;12.3;0;3.2;0;8.7;0;3182;0;8929;0;10.3
26124001;ETOILE;44.819000;4.889500;145;202502;3;20.4;0;6.6;0;13.3;0;3.8;0;9.3;0;2005;0;7063;0;11.8
26124001;ETOILE;44.819000;4.889500;145;202503;1;29.8;0;3.4;0;16.3;0;3.1;0;7.9;0;4115;0;12322;0;18.6
26124001;ETOILE;44.819000;4.889500;145;202503;2;30.4;0;3.6;0;11.5;0;3.3;0;8.1;0;1887;0;10017;0;16.5
26124001;ETOILE;44.819000;4.889500;145;202503;3;30.8;0;8.5;0;16.5;0;5.8;0;9.6;0;3377;0;14997;0;35.7
26124001;ETOILE;44.819000;4.889500;145;202504;1;0.8;0;7.0;0;20.3;0;3.1;0;9.2;0;5567;0;19659;0;35.1
26124001;ETOILE;44.819000;4.889500;145;202504;2;88.1;0;9.5;0;17.9;0;3.7;0;11.6;0;2773;0;14010;0;28.8
26124001;ETOILE;44.819000;4.889500;145;202504;3;6.2;0;9.7;0;21.3;0;3.5;0;12.2;0;5466;0;21863;0;41.3
26124001;ETOILE;44.819000;4.889500;145;202505;1;29.2;0;10.6;0;20.0;0;3.8;0;11.8;0;3573;0;18157;0;39.4
26124001;ETOILE;44.819000;4.889500;145;202505;2;13.8;0;10.6;0;23.7;0;3.4;0;12.4;0;6545;0;25654;0;50.9
26124001;ETOILE;44.819000;4.889500;145;202505;3;16.1;0;12.8;0;24.9;0;4.2;0;13.0;0;7393;0;28851;0;63.9
26124001;ETOILE;44.819000;4.889500;145;202506;1;29.0;0;15.1;0;27.1;0;3.0;0;16.7;0;4914;0;21803;0;50.4
26124001;ETOILE;44.819000;4.889500;145;202506;2;0.0;0;16.8;0;32.2;0;3.9;0;16.1;0;7399;0;26759;0;68.1
26124001;ETOILE;44.819000;4.889500;145;202506;3;11.1;0;20.1;0;35.5;0;3.4;0;18.5;0;7478;0;26606;0;71.9
26124001;ETOILE;44.819000;4.889500;145;202507;1;0.6;0;17.3;0;31.4;0;4.2;0;14.6;0;7050;0;26287;0;69.8
26124001;ETOILE;44.819000;4.889500;145;202507;2;34.9;0;18.4;0;32.2;0;3.5;0;16.3;0;6729;0;25306;0;66.2
26124001;ETOILE;44.819000;4.889500;145;202507;3;11.1;0;16.4;0;27.3;0;4.3;0;14.9;0;6595;0;26115;0;66.1
26124001;ETOILE;44.819000;4.889500;145;202508;1;0.0;0;17.0;0;32.2;0;4.0;0;14.4;0;7358;0;24915;0;64.3
26124001;ETOILE;44.819000;4.889500;145;202508;2;1.6;0;20.7;0;35.1;0;3.2;0;16.4;0;5910;0;20688;0;59.9
26124001;ETOILE;44.819000;4.889500;145;202508;3;26.9;0;15.3;0;28.4;0;3.7;0;14.9;0;5646;0;21546;0;54.2
26124001;ETOILE;44.819000;4.889500;145;202509;1;19.6;0;15.2;0;26.1;0;3.1;0;15.8;0;4881;0;17288;0;38.4
26124001;ETOILE;44.819000;4.889500;145;202509;2;9.8;0;14.2;0;25.8;0;2.6;0;14.8;0;4902;0;15935;0;33.1
26124001;ETOILE;44.819000;4.889500;145;202509;3;55.6;0;10.8;0;18.9;0;3.3;0;12.7;0;2965;0;12064;0;23.4
26124001;ETOILE;44.819000;4.889500;145;202510;1;2.2;0;9.9;0;19.9;0;4.3;0;11.5;0;4328;0;13020;0;25.2
26124001;ETOILE;44.819000;4.889500;145;202510;2;32.0;0;9.3;0;18.6;0;3.1;0;12.2;0;3509;0;10261;0;15.9
26124001;ETOILE;44.819000;4.889500;145;202510;3;85.0;0;10.5;0;17.0;0;2.7;0;12.7;0;1598;0;7043;0;13.6
26124001;ETOILE;44.819000;4.889500;145;202511;1;37.8;0;9.2;0;17.0;0;3.0;0;11.1;0;2682;0;7036;0;11.2
26124001;ETOILE;44.819000;4.889500;145;202511;2;64.6;0;7.3;0;15.2;0;3.9;0;10.0;0;2459;0;6099;0;10.1
26124001;ETOILE;44.819000;4.889500;145;202511;3;11.8;0;2.3;0;8.4;0;4.9;0;7.0;0;2098;0;5045;0;7.7
26124001;ETOILE;44.819000;4.889500;145;202512;1;25.4;0;4.5;0;11.4;0;2.3;0;9.3;0;1700;0;4131;0;3.2
26124001;ETOILE;44.819000;4.889500;145;202512;2;18.4;0;6.2;0;12.9;0;2.0;0;10.3;0;1984;0;4012;0;3.3
26124001;ETOILE;44.819000;4.889500;145;202512;3;20.0;0;2.7;0;5.9;0;4.7;0;7.2;0;1326;0;3600;0;4.8
26124001;ETOILE;44.819000;4.889500;145;202601;1;5.6;0;-1.9;0;5.2;0;4.5;0;5.2;0;2614;0;5428;0;7.2
26124001;ETOILE;44.819000;4.889500;145;202601;2;14.0;0;5.3;0;11.1;0;2.7;0;8.6;0;1595;0;4513;0;6.0
26124001;ETOILE;44.819000;4.889500;145;202601;3;70.5;0;2.7;0;9.3;0;2.4;0;8.0;0;1670;0;5208;0;5.1
26124001;ETOILE;44.819000;4.889500;145;202602;1;32.0;0;4.5;0;12.7;0;2.3;0;9.2;0;1446;0;5675;0;7.8
26124001;ETOILE;44.819000;4.889500;145;202602;2;22.5;0;5.1;0;11.8;0;3.6;0;8.5;0;1165;0;5956;0;12.2
26124001;ETOILE;44.819000;4.889500;145;202602;3;0.2;0;7.6;0;16.3;0;4.0;0;10.3;0;3349;0;9198;0;13.4
26124001;ETOILE;44.819000;4.889500;145;202603;1;10.2;0;6.7;0;17.1;0;1.9;0;10.2;0;2163;0;10319;0;18.0
26142001;GLANDAGE_SAPC;44.674667;5.615167;1007;202501;1;65.4;0;-0.1;0;7.3;0;;;;;;;;;
26142001;GLANDAGE_SAPC;44.674667;5.615167;1007;202501;2;0.0;0;-3.2;0;7.5;0;;;;;;;;;
26142001;GLANDAGE_SAPC;44.674667;5.615167;1007;202501;3;76.3;0;1.5;0;8.7;0;;;;;;;;;
26142001;GLANDAGE_SAPC;44.674667;5.615167;1007;202502;1;7.6;0;-0.9;0;9.7;0;;;;;;;;;
26142001;GLANDAGE_SAPC;44.674667;5.615167;1007;202502;2;10.4;0;0.7;0;10.1;0;;;;;;;;;
26142001;GLANDAGE_SAPC;44.674667;5.615167;1007;202502;3;11.4;0;1.6;0;9.6;0;;;;;;;;;
26142001;GLANDAGE_SAPC;44.674667;5.615167;1007;202503;1;37.2;0;0.1;0;13.0;0;;;;;;;;;
26142001;GLANDAGE_SAPC;44.674667;5.615167;1007;202503;2;16.6;0;-0.2;0;8.3;0;;;;;;;;;
26142001;GLANDAGE_SAPC;44.674667;5.615167;1007;202503;3;54.8;0;4.3;0;12.0;0;;;;;;;;;
26142001;GLANDAGE_SAPC;44.674667;5.615167;1007;202504;1;5.4;0;3.3;0;16.3;0;;;;;;;;;
26142001;GLANDAGE_SAPC;44.674667;5.615167;1007;202504;2;158.8;0;5.7;0;13.9;0;;;;;;;;;
26142001;GLANDAGE_SAPC;44.674667;5.615167;1007;202504;3;28.0;0;5.1;0;16.9;0;;;;;;;;;
26142001;GLANDAGE_SAPC;44.674667;5.615167;1007;202505;1;37.4;0;7.1;0;16.0;0;;;;;;;;;
26142001;GLANDAGE_SAPC;44.674667;5.615167;1007;202505;2;25.6;0;5.9;0;18.9;0;;;;;;;;;
26142001;GLANDAGE_SAPC;44.674667;5.615167;1007;202505;3;7.0;0;8.7;0;20.5;0;;;;;;;;;
26142001;GLANDAGE_SAPC;44.674667;5.615167;1007;202506;1;55.9;0;11.3;0;23.0;0;;;;;;;;;
26142001;GLANDAGE_SAPC;44.674667;5.615167;1007;202506;2;17.0;0;14.0;0;28.3;0;;;;;;;;;
26142001;GLANDAGE_SAPC;44.674667;5.615167;1007;202506;3;20.4;0;15.3;0;30.1;0;;;;;;;;;
26142001;GLANDAGE_SAPC;44.674667;5.615167;1007;202507;1;8.8;0;12.2;0;25.9;0;;;;;;;;;
26142001;GLANDAGE_SAPC;44.674667;5.615167;1007;202507;2;31.3;0;13.7;0;27.7;0;;;;;;;;;
26142001;GLANDAGE_SAPC;44.674667;5.615167;1007;202507;3;5.8;0;11.1;0;22.5;0;;;;;;;;;
26142001;GLANDAGE_SAPC;44.674667;5.615167;1007;202508;1;0.0;0;13.3;0;27.9;0;;;;;;;;;
26142001;GLANDAGE_SAPC;44.674667;5.615167;1007;202508;2;46.2;0;15.6;0;29.9;0;;;;;;;;;
26142001;GLANDAGE_SAPC;44.674667;5.615167;1007;202508;3;62.5;0;11.0;0;23.5;0;;;;;;;;;
26142001;GLANDAGE_SAPC;44.674667;5.615167;1007;202509;1;43.7;0;10.5;0;22.6;0;;;;;;;;;
26142001;GLANDAGE_SAPC;44.674667;5.615167;1007;202509;2;9.6;0;10.0;0;22.9;0;;;;;;;;;
26142001;GLANDAGE_SAPC;44.674667;5.615167;1007;202509;3;62.6;0;6.0;0;16.6;0;;;;;;;;;
26142001;GLANDAGE_SAPC;44.674667;5.615167;1007;202510;1;8.2;0;5.9;0;17.4;0;;;;;;;;;
26142001;GLANDAGE_SAPC;44.674667;5.615167;1007;202510;2;26.8;0;6.2;0;17.9;0;;;;;;;;;
26142001;GLANDAGE_SAPC;44.674667;5.615167;1007;202510;3;95.3;0;5.2;0;13.0;0;;;;;;;;;
26142001;GLANDAGE_SAPC;44.674667;5.615167;1007;202511;1;19.6;0;4.7;0;14.2;0;;;;;;;;;
26142001;GLANDAGE_SAPC;44.674667;5.615167;1007;202511;2;31.4;0;3.9;0;11.9;0;;;;;;;;;
26142001;GLANDAGE_SAPC;44.674667;5.615167;1007;202511;3;68.0;0;-2.0;0;4.5;0;;;;;;;;;
26142001;GLANDAGE_SAPC;44.674667;5.615167;1007;202512;1;14.2;0;0.8;0;9.4;0;;;;;;;;;
26142001;GLANDAGE_SAPC;44.674667;5.615167;1007;202512;2;16.2;0;2.7;0;11.1;0;;;;;;;;;
26142001;GLANDAGE_SAPC;44.674667;5.615167;1007;202512;3;41.4;0;-0.2;0;8.3;0;;;;;;;;;
26142001;GLANDAGE_SAPC;44.674667;5.615167;1007;202601;1;37.2;0;-6.0;0;2.0;0;;;;;;;;;
26142001;GLANDAGE_SAPC;44.674667;5.615167;1007;202601;2;16.8;0;0.5;0;8.8;0;;;;;;;;;
26142001;GLANDAGE_SAPC;44.674667;5.615167;1007;202601;3;78.0;0;-1.7;0;5.3;0;;;;;;;;;
26142001;GLANDAGE_SAPC;44.674667;5.615167;1007;202602;1;85.4;0;0.3;0;7.8;0;;;;;;;;;
26142001;GLANDAGE_SAPC;44.674667;5.615167;1007;202602;2;132.6;0;0.2;0;5.8;0;;;;;;;;;
26142001;GLANDAGE_SAPC;44.674667;5.615167;1007;202602;3;0.0;0;2.9;0;15.7;0;;;;;;;;;
26142001;GLANDAGE_SAPC;44.674667;5.615167;1007;202603;1;14.0;0;3.0;0;13.4;0;;;;;;;;;
26168001;LUS L CROIX HTE;44.672833;5.710833;1059;202501;1;58.8;0;-1.9;0;6.2;0;2.1;0;6.1;0;;;;;
26168001;LUS L CROIX HTE;44.672833;5.710833;1059;202501;2;0.2;0;-5.8;0;6.2;0;1.6;0;4.2;0;;;;;
26168001;LUS L CROIX HTE;44.672833;5.710833;1059;202501;3;72.4;0;0.8;0;8.0;0;3.5;0;6.8;0;;;;;
26168001;LUS L CROIX HTE;44.672833;5.710833;1059;202502;1;4.6;0;-2.1;0;9.8;0;2.1;0;5.3;0;;;;;
26168001;LUS L CROIX HTE;44.672833;5.710833;1059;202502;2;6.6;0;-1.1;0;10.8;0;2.0;0;5.7;0;;;;;
26168001;LUS L CROIX HTE;44.672833;5.710833;1059;202502;3;12.0;0;1.4;0;8.5;0;2.7;0;6.8;0;;;;;
26168001;LUS L CROIX HTE;44.672833;5.710833;1059;202503;1;29.4;0;-2.3;0;13.3;0;2.1;0;5.2;0;;;;;
26168001;LUS L CROIX HTE;44.672833;5.710833;1059;202503;2;24.8;0;-1.1;0;8.6;0;1.9;0;6.1;0;;;;;
26168001;LUS L CROIX HTE;44.672833;5.710833;1059;202503;3;45.0;0;4.2;0;11.1;0;3.8;0;7.3;0;;;;;
26168001;LUS L CROIX HTE;44.672833;5.710833;1059;202504;1;4.8;0;1.6;0;17.1;0;1.9;0;7.3;0;;;;;
26168001;LUS L CROIX HTE;44.672833;5.710833;1059;202504;2;133.5;0;4.8;0;14.3;0;3.3;0;8.2;0;;;;;
26168001;LUS L CROIX HTE;44.672833;5.710833;1059;202504;3;31.6;0;4.0;0;17.5;0;2.1;0;9.1;0;;;;;
26168001;LUS L CROIX HTE;44.672833;5.710833;1059;202505;1;50.8;0;5.9;0;15.9;0;2.3;0;9.3;0;;;;;
26168001;LUS L CROIX HTE;44.672833;5.710833;1059;202505;2;37.8;0;4.7;0;18.9;0;2.1;0;9.3;0;;;;;
26168001;LUS L CROIX HTE;44.672833;5.710833;1059;202505;3;6.2;0;8.1;0;20.4;0;3.3;0;10.0;0;;;;;
26168001;LUS L CROIX HTE;44.672833;5.710833;1059;202506;1;45.7;0;10.9;0;23.3;0;2.1;0;13.2;0;;;;;
26168001;LUS L CROIX HTE;44.672833;5.710833;1059;202506;2;20.9;0;12.1;0;27.9;0;2.1;0;14.3;0;;;;;
26168001;LUS L CROIX HTE;44.672833;5.710833;1059;202506;3;39.7;0;13.8;0;30.4;0;1.7;0;15.8;0;;;;;
26168001;LUS L CROIX HTE;44.672833;5.710833;1059;202507;1;7.2;0;11.4;0;25.5;0;2.6;0;13.4;0;;;;;
26168001;LUS L CROIX HTE;44.672833;5.710833;1059;202507;2;63.8;0;11.8;0;27.0;0;2.0;0;13.7;0;;;;;
26168001;LUS L CROIX HTE;44.672833;5.710833;1059;202507;3;6.8;0;11.1;0;21.9;0;3.0;0;12.2;0;;;;;
26168001;LUS L CROIX HTE;44.672833;5.710833;1059;202508;1;0.4;0;11.6;0;27.3;0;2.3;0;12.9;0;;;;;
26168001;LUS L CROIX HTE;44.672833;5.710833;1059;202508;2;9.6;0;13.7;0;30.5;0;1.8;0;14.1;0;;;;;
26168001;LUS L CROIX HTE;44.672833;5.710833;1059;202508;3;65.1;0;10.2;0;23.6;0;2.4;0;12.4;0;;;;;
26168001;LUS L CROIX HTE;44.672833;5.710833;1059;202509;1;32.3;0;9.3;0;22.1;0;2.0;0;12.7;0;;;;;
26168001;LUS L CROIX HTE;44.672833;5.710833;1059;202509;2;9.4;0;8.3;0;22.5;0;1.9;0;12.2;0;;;;;
26168001;LUS L CROIX HTE;44.672833;5.710833;1059;202509;3;80.5;0;6.0;0;16.5;0;2.1;0;9.9;0;;;;;
26168001;LUS L CROIX HTE;44.672833;5.710833;1059;202510;1;7.8;0;4.8;0;16.7;0;2.2;0;9.1;0;;;;;
26168001;LUS L CROIX HTE;44.672833;5.710833;1059;202510;2;35.2;0;5.1;0;18.3;0;1.6;0;10.1;0;;;;;
26168001;LUS L CROIX HTE;44.672833;5.710833;1059;202510;3;110.8;0;4.5;0;12.4;0;2.5;0;9.4;0;;;;;
26168001;LUS L CROIX HTE;44.672833;5.710833;1059;202511;1;26.2;0;3.0;0;13.5;0;2.2;0;7.2;0;;;;;
26168001;LUS L CROIX HTE;44.672833;5.710833;1059;202511;2;43.4;0;1.6;0;11.3;0;3.3;0;6.6;0;;;;;
26168001;LUS L CROIX HTE;44.672833;5.710833;1059;202511;3;72.4;0;-3.3;0;3.4;0;2.7;0;4.9;0;;;;;
26168001;LUS L CROIX HTE;44.672833;5.710833;1059;202512;1;16.4;0;-0.8;0;8.6;0;1.5;0;6.8;0;;;;;
26168001;LUS L CROIX HTE;44.672833;5.710833;1059;202512;2;22.6;0;-0.2;0;11.0;0;1.4;0;6.8;0;;;;;
26168001;LUS L CROIX HTE;44.672833;5.710833;1059;202512;3;11.8;0;-2.7;0;6.8;0;1.6;0;5.2;0;;;;;
26168001;LUS L CROIX HTE;44.672833;5.710833;1059;202601;1;43.2;0;-6.7;0;1.1;0;2.6;0;3.8;0;;;;;
26168001;LUS L CROIX HTE;44.672833;5.710833;1059;202601;2;14.4;0;-2.3;0;7.5;0;1.9;0;5.8;0;;;;;
26168001;LUS L CROIX HTE;44.672833;5.710833;1059;202601;3;76.4;0;-3.2;0;4.7;0;2.0;0;5.7;0;;;;;
26168001;LUS L CROIX HTE;44.672833;5.710833;1059;202602;1;67.6;0;-0.5;0;7.6;0;2.2;0;6.4;0;;;;;
26168001;LUS L CROIX HTE;44.672833;5.710833;1059;202602;2;136.8;0;-0.1;0;5.3;0;2.8;0;6.4;0;;;;;
26168001;LUS L CROIX HTE;44.672833;5.710833;1059;202602;3;0.0;0;0.1;0;16.0;0;1.9;0;6.7;0;;;;;
26168001;LUS L CROIX HTE;44.672833;5.710833;1059;202603;1;11.4;0;0.4;0;13.7;0;1.2;0;6.8;0;;;;;
26179001;MERCUROL;45.058500;4.883500;153;202501;1;25.7;0;4.0;0;10.9;0;;;;;;;;;
26179001;MERCUROL;45.058500;4.883500;153;202501;2;0.4;0;-1.1;0;5.2;0;;;;;;;;;
26179001;MERCUROL;45.058500;4.883500;153;202501;3;45.2;0;4.9;0;13.1;0;;;;;;;;;
26179001;MERCUROL;45.058500;4.883500;153;202502;1;26.3;0;2.5;0;8.7;0;;;;;;;;;
26179001;MERCUROL;45.058500;4.883500;153;202502;2;5.0;0;4.1;0;12.7;0;;;;;;;;;
26179001;MERCUROL;45.058500;4.883500;153;202502;3;19.5;0;6.8;0;14.0;0;;;;;;;;;
26179001;MERCUROL;45.058500;4.883500;153;202503;1;19.9;0;2.9;0;16.2;0;;;;;;;;;
26179001;MERCUROL;45.058500;4.883500;153;202503;2;32.1;0;3.3;0;11.8;0;;;;;;;;;
26179001;MERCUROL;45.058500;4.883500;153;202503;3;42.1;0;8.5;0;16.8;0;;;;;;;;;
26179001;MERCUROL;45.058500;4.883500;153;202504;1;0.2;0;7.2;0;21.1;0;;;;;;;;;
26179001;MERCUROL;45.058500;4.883500;153;202504;2;105.3;0;9.1;0;18.3;0;;;;;;;;;
26179001;MERCUROL;45.058500;4.883500;153;202504;3;11.2;0;9.5;0;21.7;0;;;;;;;;;
26179001;MERCUROL;45.058500;4.883500;153;202505;1;28.7;0;11.0;0;20.7;0;;;;;;;;;
26179001;MERCUROL;45.058500;4.883500;153;202505;2;10.0;0;10.7;0;24.1;0;;;;;;;;;
26179001;MERCUROL;45.058500;4.883500;153;202505;3;10.6;0;12.4;0;25.4;0;;;;;;;;;
26179001;MERCUROL;45.058500;4.883500;153;202506;1;40.6;0;15.1;0;27.5;0;;;;;;;;;
26179001;MERCUROL;45.058500;4.883500;153;202506;2;0.0;0;17.0;0;31.7;0;;;;;;;;;
26179001;MERCUROL;45.058500;4.883500;153;202506;3;11.3;0;19.6;0;35.5;0;;;;;;;;;
26179001;MERCUROL;45.058500;4.883500;153;202507;1;0.8;0;17.0;0;31.3;0;;;;;;;;;
26179001;MERCUROL;45.058500;4.883500;153;202507;2;25.1;0;17.9;0;32.4;0;;;;;;;;;
26179001;MERCUROL;45.058500;4.883500;153;202507;3;7.6;0;15.5;0;27.7;0;;;;;;;;;
26179001;MERCUROL;45.058500;4.883500;153;202508;1;0.0;0;17.2;0;33.0;0;;;;;;;;;
26179001;MERCUROL;45.058500;4.883500;153;202508;2;13.9;0;20.1;0;35.6;0;;;;;;;;;
26179001;MERCUROL;45.058500;4.883500;153;202508;3;32.1;0;15.1;0;28.4;0;;;;;;;;;
26179001;MERCUROL;45.058500;4.883500;153;202509;1;64.8;0;15.0;0;26.2;0;;;;;;;;;
26179001;MERCUROL;45.058500;4.883500;153;202509;2;8.1;0;13.1;0;26.1;0;;;;;;;;;
26179001;MERCUROL;45.058500;4.883500;153;202509;3;53.3;0;10.5;0;19.1;0;;;;;;;;;
26179001;MERCUROL;45.058500;4.883500;153;202510;1;3.2;0;9.4;0;19.8;0;;;;;;;;;
26179001;MERCUROL;45.058500;4.883500;153;202510;2;18.3;0;10.4;0;18.7;0;;;;;;;;;
26179001;MERCUROL;45.058500;4.883500;153;202510;3;43.2;0;9.8;0;17.0;0;;;;;;;;;
26179001;MERCUROL;45.058500;4.883500;153;202511;1;41.8;0;8.5;0;17.4;0;;;;;;;;;
26179001;MERCUROL;45.058500;4.883500;153;202511;2;71.8;0;6.3;0;15.1;0;;;;;;;;;
26179001;MERCUROL;45.058500;4.883500;153;202511;3;12.2;0;2.0;0;8.7;0;;;;;;;;;
26179001;MERCUROL;45.058500;4.883500;153;202512;1;27.5;0;4.3;0;11.1;0;;;;;;;;;
26179001;MERCUROL;45.058500;4.883500;153;202512;2;11.4;0;4.7;0;13.0;0;;;;;;;;;
26179001;MERCUROL;45.058500;4.883500;153;202512;3;20.5;0;2.2;0;6.0;0;;;;;;;;;
26179001;MERCUROL;45.058500;4.883500;153;202601;1;9.0;0;-2.2;0;5.0;0;;;;;;;;;
26179001;MERCUROL;45.058500;4.883500;153;202601;2;7.8;0;5.0;0;11.0;0;;;;;;;;;
26179001;MERCUROL;45.058500;4.883500;153;202601;3;61.9;0;2.4;0;9.7;0;;;;;;;;;
26179001;MERCUROL;45.058500;4.883500;153;202602;1;20.6;0;4.2;0;12.8;0;;;;;;;;;
26179001;MERCUROL;45.058500;4.883500;153;202602;2;16.4;0;5.2;0;12.0;0;;;;;;;;;
26179001;MERCUROL;45.058500;4.883500;153;202602;3;0.8;0;6.4;0;16.7;0;;;;;;;;;
26179001;MERCUROL;45.058500;4.883500;153;202603;1;6.2;0;5.9;0;17.5;0;;;;;;;;;
26182001;MIRABEL-AUX-BAR;44.328667;5.100833;238;202501;1;16.7;0;2.8;0;12.3;0;;;;;;;;;
26182001;MIRABEL-AUX-BAR;44.328667;5.100833;238;202501;2;1.2;0;-2.3;0;10.6;0;;;;;;;;;
26182001;MIRABEL-AUX-BAR;44.328667;5.100833;238;202501;3;44.8;0;4.4;0;14.6;0;;;;;;;;;
26182001;MIRABEL-AUX-BAR;44.328667;5.100833;238;202502;1;11.4;0;0.8;0;13.0;0;;;;;;;;;
26182001;MIRABEL-AUX-BAR;44.328667;5.100833;238;202502;2;11.8;0;3.4;0;13.5;0;;;;;;;;;
26182001;MIRABEL-AUX-BAR;44.328667;5.100833;238;202502;3;11.2;0;4.7;0;13.8;0;;;;;;;;;
26182001;MIRABEL-AUX-BAR;44.328667;5.100833;238;202503;1;38.9;0;2.9;0;17.3;0;;;;;;;;;
26182001;MIRABEL-AUX-BAR;44.328667;5.100833;238;202503;2;24.2;0;2.8;0;13.1;0;;;;;;;;;
26182001;MIRABEL-AUX-BAR;44.328667;5.100833;238;202503;3;35.4;0;7.5;0;17.8;0;;;;;;;;;
26182001;MIRABEL-AUX-BAR;44.328667;5.100833;238;202504;1;0.2;0;6.3;0;21.0;0;;;;;;;;;
26182001;MIRABEL-AUX-BAR;44.328667;5.100833;238;202504;2;83.1;0;8.8;0;18.5;0;;;;;;;;;
26182001;MIRABEL-AUX-BAR;44.328667;5.100833;238;202504;3;12.2;0;7.8;0;22.4;0;;;;;;;;;
26182001;MIRABEL-AUX-BAR;44.328667;5.100833;238;202505;1;40.4;0;9.3;0;21.6;0;;;;;;;;;
26182001;MIRABEL-AUX-BAR;44.328667;5.100833;238;202505;2;28.5;0;8.9;0;24.0;0;;;;;;;;;
26182001;MIRABEL-AUX-BAR;44.328667;5.100833;238;202505;3;2.6;0;11.6;0;25.2;0;;;;;;;;;
26182001;MIRABEL-AUX-BAR;44.328667;5.100833;238;202506;1;18.6;0;14.3;0;27.7;0;;;;;;;;;
26182001;MIRABEL-AUX-BAR;44.328667;5.100833;238;202506;2;0.0;0;15.3;0;32.2;0;;;;;;;;;
26182001;MIRABEL-AUX-BAR;44.328667;5.100833;238;202506;3;13.0;0;18.0;0;34.8;0;;;;;;;;;
26182001;MIRABEL-AUX-BAR;44.328667;5.100833;238;202507;1;40.6;0;15.5;0;30.9;0;;;;;;;;;
26182001;MIRABEL-AUX-BAR;44.328667;5.100833;238;202507;2;43.1;0;17.0;0;31.7;0;;;;;;;;;
26182001;MIRABEL-AUX-BAR;44.328667;5.100833;238;202507;3;1.8;0;14.9;0;27.4;0;;;;;;;;;
26182001;MIRABEL-AUX-BAR;44.328667;5.100833;238;202508;1;0.0;0;15.1;0;32.1;0;;;;;;;;;
26182001;MIRABEL-AUX-BAR;44.328667;5.100833;238;202508;2;3.4;0;18.0;0;34.9;0;;;;;;;;;
26182001;MIRABEL-AUX-BAR;44.328667;5.100833;238;202508;3;83.1;0;14.2;0;28.6;0;;;;;;;;;
26182001;MIRABEL-AUX-BAR;44.328667;5.100833;238;202509;1;70.7;0;13.0;0;25.8;0;;;;;;;;;
26182001;MIRABEL-AUX-BAR;44.328667;5.100833;238;202509;2;9.8;0;12.1;0;25.9;0;;;;;;;;;
26182001;MIRABEL-AUX-BAR;44.328667;5.100833;238;202509;3;60.4;0;8.2;0;20.2;0;;;;;;;;;
26182001;MIRABEL-AUX-BAR;44.328667;5.100833;238;202510;1;2.6;0;7.8;0;21.2;0;;;;;;;;;
26182001;MIRABEL-AUX-BAR;44.328667;5.100833;238;202510;2;41.1;0;7.0;0;21.5;0;;;;;;;;;
26182001;MIRABEL-AUX-BAR;44.328667;5.100833;238;202510;3;95.3;0;8.6;0;18.1;0;;;;;;;;;
26182001;MIRABEL-AUX-BAR;44.328667;5.100833;238;202511;1;32.0;0;6.0;0;18.3;0;;;;;;;;;
26182001;MIRABEL-AUX-BAR;44.328667;5.100833;238;202511;2;27.2;0;4.8;0;16.8;0;;;;;;;;;
26182001;MIRABEL-AUX-BAR;44.328667;5.100833;238;202511;3;25.0;0;1.0;0;10.3;0;;;;;;;;;
26182001;MIRABEL-AUX-BAR;44.328667;5.100833;238;202512;1;25.3;0;2.3;0;12.6;0;;;;;;;;;
26182001;MIRABEL-AUX-BAR;44.328667;5.100833;238;202512;2;33.5;0;5.4;0;15.3;0;;;;;;;;;
26182001;MIRABEL-AUX-BAR;44.328667;5.100833;238;202512;3;21.2;0;1.3;0;11.1;0;;;;;;;;;
26182001;MIRABEL-AUX-BAR;44.328667;5.100833;238;202601;1;2.4;0;-3.5;0;7.5;0;;;;;;;;;
26182001;MIRABEL-AUX-BAR;44.328667;5.100833;238;202601;2;20.5;0;3.9;0;13.1;0;;;;;;;;;
26182001;MIRABEL-AUX-BAR;44.328667;5.100833;238;202601;3;50.9;0;1.3;0;11.4;0;;;;;;;;;
26182001;MIRABEL-AUX-BAR;44.328667;5.100833;238;202602;1;52.9;0;3.0;0;12.9;0;;;;;;;;;
26182001;MIRABEL-AUX-BAR;44.328667;5.100833;238;202602;2;46.3;0;4.5;0;12.5;0;;;;;;;;;
26182001;MIRABEL-AUX-BAR;44.328667;5.100833;238;202602;3;0.6;0;4.3;0;17.9;0;;;;;;;;;
26182001;MIRABEL-AUX-BAR;44.328667;5.100833;238;202603;1;27.3;0;6.1;0;16.9;0;;;;;;;;;
26189001;MONTAUBAN-S-OUV;44.276000;5.478333;689;202501;1;21.3;0;-0.1;0;8.9;0;;;;;;;;;
26189001;MONTAUBAN-S-OUV;44.276000;5.478333;689;202501;2;0.4;0;-3.9;0;8.6;0;;;;;;;;;
26189001;MONTAUBAN-S-OUV;44.276000;5.478333;689;202501;3;68.3;0;2.7;0;10.6;0;;;;;;;;;
26189001;MONTAUBAN-S-OUV;44.276000;5.478333;689;202502;1;11.2;0;-0.3;0;10.7;0;;;;;;;;;
26189001;MONTAUBAN-S-OUV;44.276000;5.478333;689;202502;2;8.8;0;0.9;0;10.9;0;;;;;;;;;
26189001;MONTAUBAN-S-OUV;44.276000;5.478333;689;202502;3;9.6;0;1.8;0;11.2;0;;;;;;;;;
26189001;MONTAUBAN-S-OUV;44.276000;5.478333;689;202503;1;70.9;0;0.2;0;14.2;0;;;;;;;;;
26189001;MONTAUBAN-S-OUV;44.276000;5.478333;689;202503;2;29.3;0;0.0;0;10.4;0;;;;;;;;;
26189001;MONTAUBAN-S-OUV;44.276000;5.478333;689;202503;3;44.0;0;3.5;0;15.1;0;;;;;;;;;
26189001;MONTAUBAN-S-OUV;44.276000;5.478333;689;202504;1;3.6;0;2.9;0;17.7;0;;;;;;;;;
26189001;MONTAUBAN-S-OUV;44.276000;5.478333;689;202504;2;111.8;0;6.3;0;15.6;0;;;;;;;;;
26189001;MONTAUBAN-S-OUV;44.276000;5.478333;689;202504;3;23.3;0;4.5;0;19.3;0;;;;;;;;;
26189001;MONTAUBAN-S-OUV;44.276000;5.478333;689;202505;1;58.8;0;6.9;0;18.6;0;;;;;;;;;
26189001;MONTAUBAN-S-OUV;44.276000;5.478333;689;202505;2;25.3;0;5.7;0;20.7;0;;;;;;;;;
26189001;MONTAUBAN-S-OUV;44.276000;5.478333;689;202505;3;3.4;0;7.5;0;22.7;0;;;;;;;;;
26189001;MONTAUBAN-S-OUV;44.276000;5.478333;689;202506;1;41.0;0;11.3;0;24.9;0;;;;;;;;;
26189001;MONTAUBAN-S-OUV;44.276000;5.478333;689;202506;2;0.6;0;12.3;0;29.8;0;;;;;;;;;
26189001;MONTAUBAN-S-OUV;44.276000;5.478333;689;202506;3;12.2;0;14.4;0;32.1;0;;;;;;;;;
26189001;MONTAUBAN-S-OUV;44.276000;5.478333;689;202507;1;23.3;0;12.2;0;28.9;0;;;;;;;;;
26189001;MONTAUBAN-S-OUV;44.276000;5.478333;689;202507;2;18.7;0;14.0;0;29.8;0;;;;;;;;;
26189001;MONTAUBAN-S-OUV;44.276000;5.478333;689;202507;3;1.8;0;10.8;0;25.4;0;;;;;;;;;
26189001;MONTAUBAN-S-OUV;44.276000;5.478333;689;202508;1;0.0;0;11.5;0;30.4;0;;;;;;;;;
26189001;MONTAUBAN-S-OUV;44.276000;5.478333;689;202508;2;36.2;0;14.7;0;32.5;0;;;;;;;;;
26189001;MONTAUBAN-S-OUV;44.276000;5.478333;689;202508;3;88.3;0;10.4;0;25.7;0;;;;;;;;;
26189001;MONTAUBAN-S-OUV;44.276000;5.478333;689;202509;1;43.8;0;10.5;0;23.7;0;;;;;;;;;
26189001;MONTAUBAN-S-OUV;44.276000;5.478333;689;202509;2;11.0;0;9.4;0;23.8;0;;;;;;;;;
26189001;MONTAUBAN-S-OUV;44.276000;5.478333;689;202509;3;63.8;0;5.7;0;17.7;0;;;;;;;;;
26189001;MONTAUBAN-S-OUV;44.276000;5.478333;689;202510;1;7.2;0;4.8;0;18.6;0;;;;;;;;;
26189001;MONTAUBAN-S-OUV;44.276000;5.478333;689;202510;2;36.2;0;6.1;0;18.5;0;;;;;;;;;
26189001;MONTAUBAN-S-OUV;44.276000;5.478333;689;202510;3;88.7;0;5.7;0;15.0;0;;;;;;;;;
26189001;MONTAUBAN-S-OUV;44.276000;5.478333;689;202511;1;27.4;0;3.9;0;14.8;0;;;;;;;;;
26189001;MONTAUBAN-S-OUV;44.276000;5.478333;689;202511;2;27.7;0;3.2;0;13.5;0;;;;;;;;;
26189001;MONTAUBAN-S-OUV;44.276000;5.478333;689;202511;3;36.4;0;-2.3;0;7.2;0;;;;;;;;;
26189001;MONTAUBAN-S-OUV;44.276000;5.478333;689;202512;1;11.2;0;0.4;0;10.4;0;;;;;;;;;
26189001;MONTAUBAN-S-OUV;44.276000;5.478333;689;202512;2;20.3;0;2.0;0;11.5;0;;;;;;;;;
26189001;MONTAUBAN-S-OUV;44.276000;5.478333;689;202512;3;36.8;0;-0.2;0;10.0;0;;;;;;;;;
26189001;MONTAUBAN-S-OUV;44.276000;5.478333;689;202601;1;19.1;0;-6.2;0;4.1;0;;;;;;;;;
26189001;MONTAUBAN-S-OUV;44.276000;5.478333;689;202601;2;21.3;0;1.0;0;10.3;0;;;;;;;;;
26189001;MONTAUBAN-S-OUV;44.276000;5.478333;689;202601;3;74.3;0;-0.9;0;6.6;0;;;;;;;;;
26189001;MONTAUBAN-S-OUV;44.276000;5.478333;689;202602;1;76.9;0;1.1;0;9.4;0;;;;;;;;;
26189001;MONTAUBAN-S-OUV;44.276000;5.478333;689;202602;2;81.9;0;1.8;0;9.2;0;;;;;;;;;
26189001;MONTAUBAN-S-OUV;44.276000;5.478333;689;202602;3;0.8;0;0.9;0;16.1;0;;;;;;;;;
26189001;MONTAUBAN-S-OUV;44.276000;5.478333;689;202603;1;28.6;0;3.1;0;14.6;0;;;;;;;;;
26198001;MONTELIMAR;44.581167;4.733000;73;202501;1;24.0;0;4.3;0;10.9;0;2.8;0;8.6;0;746;0;3251;0;5.9
26198001;MONTELIMAR;44.581167;4.733000;73;202501;2;0.4;0;0.5;0;5.5;0;6.6;0;5.6;0;3581;0;6872;0;10.4
26198001;MONTELIMAR;44.581167;4.733000;73;202501;3;60.7;0;5.9;0;12.6;0;2.7;0;9.6;0;1477;0;4651;0;6.6
26198001;MONTELIMAR;44.581167;4.733000;73;202502;1;26.1;0;3.1;0;8.8;0;5.1;0;7.3;0;2814;0;7364;0;9.4
26198001;MONTELIMAR;44.581167;4.733000;73;202502;2;17.2;0;4.8;0;12.7;0;2.6;0;8.8;0;2883;0;8832;0;10.8
26198001;MONTELIMAR;44.581167;4.733000;73;202502;3;30.3;0;7.1;0;13.3;0;3.6;0;9.4;0;1823;0;6646;0;11.7
26198001;MONTELIMAR;44.581167;4.733000;73;202503;1;32.1;0;3.7;0;16.2;0;2.9;0;8.0;0;3968;0;12068;0;18.1
26198001;MONTELIMAR;44.581167;4.733000;73;202503;2;27.9;0;3.8;0;11.8;0;3.3;0;8.2;0;2164;0;10483;0;17.1
26198001;MONTELIMAR;44.581167;4.733000;73;202503;3;59.5;0;9.2;0;16.7;0;5.4;0;9.5;0;4142;0;16632;0;37.4
26198001;MONTELIMAR;44.581167;4.733000;73;202504;1;0.4;0;7.1;0;20.4;0;2.9;0;9.2;0;4970;0;18436;0;34.0
26198001;MONTELIMAR;44.581167;4.733000;73;202504;2;58.0;0;10.1;0;18.1;0;3.5;0;11.7;0;2604;0;14204;0;30.0
26198001;MONTELIMAR;44.581167;4.733000;73;202504;3;3.4;0;10.7;0;21.7;0;3.6;0;11.8;0;5018;0;21473;0;44.3
26198001;MONTELIMAR;44.581167;4.733000;73;202505;1;25.7;0;10.4;0;20.5;0;3.3;0;11.9;0;3589;0;19011;0;40.4
26198001;MONTELIMAR;44.581167;4.733000;73;202505;2;16.5;0;11.8;0;23.8;0;3.3;0;12.1;0;6337;0;25388;0;52.6
26198001;MONTELIMAR;44.581167;4.733000;73;202505;3;7.4;0;13.7;0;24.8;0;4.3;0;12.5;0;7489;0;29002;0;66.3
26198001;MONTELIMAR;44.581167;4.733000;73;202506;1;28.5;0;16.2;0;27.4;0;2.8;0;16.6;0;5185;0;22491;0;52.7
26198001;MONTELIMAR;44.581167;4.733000;73;202506;2;0.0;0;17.6;0;31.7;0;3.8;0;16.2;0;7925;0;28411;0;70.7
26198001;MONTELIMAR;44.581167;4.733000;73;202506;3;8.6;0;21.6;0;35.4;0;3.6;0;18.9;0;7569;0;27674;0;76.5
26198001;MONTELIMAR;44.581167;4.733000;73;202507;1;1.6;0;18.6;0;31.5;0;4.6;0;14.8;0;7108;0;26375;0;73.3
26198001;MONTELIMAR;44.581167;4.733000;73;202507;2;38.6;0;19.4;0;32.3;0;3.6;0;16.8;0;6757;0;25485;0;67.7
26198001;MONTELIMAR;44.581167;4.733000;73;202507;3;6.3;0;17.2;0;27.5;0;4.5;0;14.5;0;7383;0;28081;0;71.2
26198001;MONTELIMAR;44.581167;4.733000;73;202508;1;0.0;0;17.8;0;32.2;0;4.2;0;14.5;0;7153;0;25037;0;67.1
26198001;MONTELIMAR;44.581167;4.733000;73;202508;2;23.9;0;21.4;0;34.9;0;3.4;0;17.1;0;5727;0;20988;0;62.1
26198001;MONTELIMAR;44.581167;4.733000;73;202508;3;31.2;0;16.4;0;28.2;0;3.8;0;15.6;0;5683;0;21886;0;55.3
26198001;MONTELIMAR;44.581167;4.733000;73;202509;1;55.2;0;15.3;0;25.9;0;2.9;0;16.3;0;4784;0;17933;0;38.9
26198001;MONTELIMAR;44.581167;4.733000;73;202509;2;9.5;0;14.1;0;25.5;0;2.4;0;15.2;0;4965;0;16453;0;32.6
26198001;MONTELIMAR;44.581167;4.733000;73;202509;3;53.5;0;11.7;0;18.7;0;3.8;0;12.8;0;3510;0;13388;0;26.1
26198001;MONTELIMAR;44.581167;4.733000;73;202510;1;1.0;0;10.9;0;19.9;0;4.7;0;11.6;0;4718;0;14036;0;27.7
26198001;MONTELIMAR;44.581167;4.733000;73;202510;2;63.7;0;11.1;0;18.8;0;3.7;0;12.5;0;4160;0;11070;0;18.0
26198001;MONTELIMAR;44.581167;4.733000;73;202510;3;90.2;0;9.8;0;17.3;0;2.1;0;12.8;0;2050;0;7971;0;12.7
26198001;MONTELIMAR;44.581167;4.733000;73;202511;1;38.0;0;8.6;0;17.3;0;2.6;0;11.3;0;2761;0;7543;0;10.8
26198001;MONTELIMAR;44.581167;4.733000;73;202511;2;47.1;0;7.0;0;15.0;0;3.6;0;10.3;0;2556;0;6538;0;9.0
26198001;MONTELIMAR;44.581167;4.733000;73;202511;3;8.4;0;2.6;0;8.9;0;4.5;0;6.9;0;2420;0;5516;0;8.4
26198001;MONTELIMAR;44.581167;4.733000;73;202512;1;29.4;0;4.3;0;11.5;0;1.9;0;9.3;0;1673;0;4162;0;2.9
26198001;MONTELIMAR;44.581167;4.733000;73;202512;2;28.4;0;6.4;0;12.6;0;1.5;0;10.5;0;1436;0;3606;0;2.5
26198001;MONTELIMAR;44.581167;4.733000;73;202512;3;33.8;0;3.4;0;6.6;0;5.7;0;7.3;0;2149;0;4810;0;6.9
26198001;MONTELIMAR;44.581167;4.733000;73;202601;1;1.5;0;-1.5;0;5.9;0;4.8;0;5.0;0;3292;0;6365;0;9.3
26198001;MONTELIMAR;44.581167;4.733000;73;202601;2;13.7;0;5.8;0;10.7;0;2.7;0;8.8;0;1197;0;3913;0;6.1
26198001;MONTELIMAR;44.581167;4.733000;73;202601;3;67.1;0;2.7;0;9.5;0;2.1;0;8.0;0;1798;0;5337;0;4.7
26198001;MONTELIMAR;44.581167;4.733000;73;202602;1;51.4;0;3.4;0;12.5;0;1.7;0;9.3;0;1205;0;5301;0;6.3
26198001;MONTELIMAR;44.581167;4.733000;73;202602;2;21.7;0;4.7;0;12.3;0;3.0;0;8.7;0;1580;0;6915;0;11.6
26198001;MONTELIMAR;44.581167;4.733000;73;202602;3;0.0;0;7.8;0;16.5;0;3.4;0;10.3;0;2975;0;8804;0;13.6
26198001;MONTELIMAR;44.581167;4.733000;73;202603;1;31.8;0;7.0;0;17.0;0;1.5;0;10.5;0;1752;0;9173;0;16.1
26211001;MONTSEGUR-S-LAU;44.361500;4.860833;146;202501;1;16.1;0;3.9;0;11.4;0;;;;;;;;;
26211001;MONTSEGUR-S-LAU;44.361500;4.860833;146;202501;2;0.2;0;0.4;0;7.5;0;;;;;;;;;
26211001;MONTSEGUR-S-LAU;44.361500;4.860833;146;202501;3;52.4;0;5.7;0;13.6;0;;;;;;;;;
26211001;MONTSEGUR-S-LAU;44.361500;4.860833;146;202502;1;17.7;0;3.0;0;10.3;0;;;;;;;;;
26211001;MONTSEGUR-S-LAU;44.361500;4.860833;146;202502;2;12.4;0;4.9;0;13.2;0;;;;;;;;;
26211001;MONTSEGUR-S-LAU;44.361500;4.860833;146;202502;3;21.4;0;6.7;0;13.3;0;;;;;;;;;
26211001;MONTSEGUR-S-LAU;44.361500;4.860833;146;202503;1;40.9;0;3.6;0;16.8;0;;;;;;;;;
26211001;MONTSEGUR-S-LAU;44.361500;4.860833;146;202503;2;30.5;0;3.4;0;12.8;0;;;;;;;;;
26211001;MONTSEGUR-S-LAU;44.361500;4.860833;146;202503;3;51.0;0;8.7;0;16.9;0;;;;;;;;;
26234002;PIEGROS;44.690333;5.109000;260;202501;1;36.6;0;;;;;;;;;;;;;
26234002;PIEGROS;44.690333;5.109000;260;202501;2;0.0;0;;;;;;;;;;;;;
26234002;PIEGROS;44.690333;5.109000;260;202501;3;49.9;0;;;;;;;;;;;;;
26234002;PIEGROS;44.690333;5.109000;260;202502;1;11.9;0;;;;;;;;;;;;;
26234002;PIEGROS;44.690333;5.109000;260;202502;2;15.7;0;;;;;;;;;;;;;
26234002;PIEGROS;44.690333;5.109000;260;202502;3;17.4;0;;;;;;;;;;;;;
26234002;PIEGROS;44.690333;5.109000;260;202503;1;30.0;0;;;;;;;;;;;;;
26234002;PIEGROS;44.690333;5.109000;260;202503;2;27.6;0;;;;;;;;;;;;;
26234002;PIEGROS;44.690333;5.109000;260;202503;3;25.1;0;;;;;;;;;;;;;
26234002;PIEGROS;44.690333;5.109000;260;202504;1;0.0;0;;;;;;;;;;;;;
26234002;PIEGROS;44.690333;5.109000;260;202504;2;88.4;0;;;;;;;;;;;;;
26234002;PIEGROS;44.690333;5.109000;260;202504;3;7.2;0;;;;;;;;;;;;;
26234002;PIEGROS;44.690333;5.109000;260;202505;1;51.3;0;;;;;;;;;;;;;
26234002;PIEGROS;44.690333;5.109000;260;202505;2;25.4;0;;;;;;;;;;;;;
26234002;PIEGROS;44.690333;5.109000;260;202505;3;8.2;0;;;;;;;;;;;;;
26234002;PIEGROS;44.690333;5.109000;260;202506;1;27.5;0;;;;;;;;;;;;;
26234002;PIEGROS;44.690333;5.109000;260;202506;2;0.0;0;;;;;;;;;;;;;
26234002;PIEGROS;44.690333;5.109000;260;202506;3;11.7;0;;;;;;;;;;;;;
26234002;PIEGROS;44.690333;5.109000;260;202507;1;0.6;0;;;;;;;;;;;;;
26234002;PIEGROS;44.690333;5.109000;260;202507;2;33.2;0;;;;;;;;;;;;;
26234002;PIEGROS;44.690333;5.109000;260;202507;3;3.3;0;;;;;;;;;;;;;
26234002;PIEGROS;44.690333;5.109000;260;202508;1;0.0;0;;;;;;;;;;;;;
26234002;PIEGROS;44.690333;5.109000;260;202508;2;5.6;0;;;;;;;;;;;;;
26234002;PIEGROS;44.690333;5.109000;260;202508;3;35.1;0;;;;;;;;;;;;;
26234002;PIEGROS;44.690333;5.109000;260;202509;1;43.0;0;;;;;;;;;;;;;
26234002;PIEGROS;44.690333;5.109000;260;202509;2;11.5;0;;;;;;;;;;;;;
26234002;PIEGROS;44.690333;5.109000;260;202509;3;60.7;0;;;;;;;;;;;;;
26234002;PIEGROS;44.690333;5.109000;260;202510;1;2.5;0;;;;;;;;;;;;;
26234002;PIEGROS;44.690333;5.109000;260;202510;2;42.8;0;;;;;;;;;;;;;
26234002;PIEGROS;44.690333;5.109000;260;202510;3;98.8;0;;;;;;;;;;;;;
26234002;PIEGROS;44.690333;5.109000;260;202511;1;29.7;0;;;;;;;;;;;;;
26234002;PIEGROS;44.690333;5.109000;260;202511;2;49.6;0;;;;;;;;;;;;;
26234002;PIEGROS;44.690333;5.109000;260;202511;3;24.0;0;;;;;;;;;;;;;
26234002;PIEGROS;44.690333;5.109000;260;202512;1;26.2;0;;;;;;;;;;;;;
26234002;PIEGROS;44.690333;5.109000;260;202512;2;20.6;0;;;;;;;;;;;;;
26234002;PIEGROS;44.690333;5.109000;260;202512;3;29.1;0;;;;;;;;;;;;;
26234002;PIEGROS;44.690333;5.109000;260;202601;1;11.5;0;;;;;;;;;;;;;
26234002;PIEGROS;44.690333;5.109000;260;202601;2;9.5;0;;;;;;;;;;;;;
26234002;PIEGROS;44.690333;5.109000;260;202601;3;66.9;0;;;;;;;;;;;;;
26234002;PIEGROS;44.690333;5.109000;260;202602;1;40.2;0;;;;;;;;;;;;;
26234002;PIEGROS;44.690333;5.109000;260;202602;2;40.8;0;;;;;;;;;;;;;
26234002;PIEGROS;44.690333;5.109000;260;202602;3;0.0;0;;;;;;;;;;;;;
26258001;PUY-ST-MARTIN;44.618167;4.976833;211;202501;1;26.7;0;3.5;0;10.8;0;;;;;;;;;
26258001;PUY-ST-MARTIN;44.618167;4.976833;211;202501;2;0.2;0;-1.0;0;6.3;0;;;;;;;;;
26258001;PUY-ST-MARTIN;44.618167;4.976833;211;202501;3;47.5;0;5.1;0;13.0;0;;;;;;;;;
26258001;PUY-ST-MARTIN;44.618167;4.976833;211;202502;1;24.3;0;2.3;0;9.6;0;;;;;;;;;
26258001;PUY-ST-MARTIN;44.618167;4.976833;211;202502;2;13.0;0;4.3;0;12.4;0;;;;;;;;;
26258001;PUY-ST-MARTIN;44.618167;4.976833;211;202502;3;19.5;0;6.4;0;13.5;0;;;;;;;;;
26258001;PUY-ST-MARTIN;44.618167;4.976833;211;202503;1;32.7;0;3.8;0;16.0;0;;;;;;;;;
26258001;PUY-ST-MARTIN;44.618167;4.976833;211;202503;2;33.1;0;3.2;0;11.9;0;;;;;;;;;
26258001;PUY-ST-MARTIN;44.618167;4.976833;211;202503;3;35.1;0;7.9;0;16.7;0;;;;;;;;;
26258001;PUY-ST-MARTIN;44.618167;4.976833;211;202504;1;0.0;0;7.4;0;20.1;0;;;;;;;;;
26258001;PUY-ST-MARTIN;44.618167;4.976833;211;202504;2;94.4;0;9.1;0;17.7;0;;;;;;;;;
26258001;PUY-ST-MARTIN;44.618167;4.976833;211;202504;3;6.2;0;9.7;0;22.2;0;;;;;;;;;
26258001;PUY-ST-MARTIN;44.618167;4.976833;211;202505;1;28.9;0;10.3;0;20.3;0;;;;;;;;;
26258001;PUY-ST-MARTIN;44.618167;4.976833;211;202505;2;48.2;0;10.6;0;24.5;0;;;;;;;;;
26258001;PUY-ST-MARTIN;44.618167;4.976833;211;202505;3;10.6;0;13.0;0;25.6;0;;;;;;;;;
26258001;PUY-ST-MARTIN;44.618167;4.976833;211;202506;1;23.8;0;15.2;0;28.0;0;;;;;;;;;
26258001;PUY-ST-MARTIN;44.618167;4.976833;211;202506;2;0.0;0;17.4;0;32.6;0;;;;;;;;;
26258001;PUY-ST-MARTIN;44.618167;4.976833;211;202506;3;0.0;0;20.3;0;36.1;0;;;;;;;;;
26258001;PUY-ST-MARTIN;44.618167;4.976833;211;202507;1;1.0;0;17.8;0;32.4;0;;;;;;;;;
26258001;PUY-ST-MARTIN;44.618167;4.976833;211;202507;2;32.5;0;18.3;0;33.4;0;;;;;;;;;
26258001;PUY-ST-MARTIN;44.618167;4.976833;211;202507;3;6.4;0;16.5;0;28.8;0;;;;;;;;;
26258001;PUY-ST-MARTIN;44.618167;4.976833;211;202508;1;0.0;0;17.4;0;33.7;0;;;;;;;;;
26258001;PUY-ST-MARTIN;44.618167;4.976833;211;202508;2;3.6;0;21.1;0;36.3;0;;;;;;;;;
26258001;PUY-ST-MARTIN;44.618167;4.976833;211;202508;3;33.3;0;15.8;0;29.3;0;;;;;;;;;
26258001;PUY-ST-MARTIN;44.618167;4.976833;211;202509;1;44.3;0;14.9;0;26.3;0;;;;;;;;;
26258001;PUY-ST-MARTIN;44.618167;4.976833;211;202509;2;7.8;0;14.5;0;26.2;0;;;;;;;;;
26258001;PUY-ST-MARTIN;44.618167;4.976833;211;202509;3;44.8;0;10.5;0;20.1;0;;;;;;;;;
26258001;PUY-ST-MARTIN;44.618167;4.976833;211;202510;1;1.2;0;10.2;0;20.1;0;;;;;;;;;
26258001;PUY-ST-MARTIN;44.618167;4.976833;211;202510;2;37.6;0;10.1;0;19.9;0;;;;;;;;;
26258001;PUY-ST-MARTIN;44.618167;4.976833;211;202510;3;101.1;0;9.8;0;17.4;0;;;;;;;;;
26258001;PUY-ST-MARTIN;44.618167;4.976833;211;202511;1;27.3;0;8.6;0;17.3;0;;;;;;;;;
26258001;PUY-ST-MARTIN;44.618167;4.976833;211;202511;2;20.6;0;6.3;0;15.5;0;;;;;;;;;
26258001;PUY-ST-MARTIN;44.618167;4.976833;211;202511;3;17.0;0;1.8;0;8.8;0;;;;;;;;;
26258001;PUY-ST-MARTIN;44.618167;4.976833;211;202512;1;22.9;0;4.8;0;11.6;0;;;;;;;;;
26258001;PUY-ST-MARTIN;44.618167;4.976833;211;202512;2;19.3;0;6.8;0;14.2;0;;;;;;;;;
26258001;PUY-ST-MARTIN;44.618167;4.976833;211;202512;3;35.3;0;2.1;0;6.5;0;;;;;;;;;
26258001;PUY-ST-MARTIN;44.618167;4.976833;211;202601;1;4.4;0;-1.7;0;5.5;0;;;;;;;;;
26258001;PUY-ST-MARTIN;44.618167;4.976833;211;202601;2;11.9;0;4.9;0;12.0;0;;;;;;;;;
26258001;PUY-ST-MARTIN;44.618167;4.976833;211;202601;3;63.5;0;2.5;0;10.3;0;;;;;;;;;
26258001;PUY-ST-MARTIN;44.618167;4.976833;211;202602;1;40.5;0;4.6;0;12.8;0;;;;;;;;;
26258001;PUY-ST-MARTIN;44.618167;4.976833;211;202602;2;41.5;0;4.8;0;11.9;0;;;;;;;;;
26258001;PUY-ST-MARTIN;44.618167;4.976833;211;202602;3;0.4;0;6.7;0;16.9;0;;;;;;;;;
26258001;PUY-ST-MARTIN;44.618167;4.976833;211;202603;1;12.2;0;7.3;0;16.6;0;;;;;;;;;
26273002;ROCHEFORT-SAMSON_SAPC;44.990667;5.165167;368;202501;1;38.8;0;2.5;0;10.4;0;;;;;;;;;
26273002;ROCHEFORT-SAMSON_SAPC;44.990667;5.165167;368;202501;2;5.0;0;-3.1;0;4.1;0;;;;;;;;;
26273002;ROCHEFORT-SAMSON_SAPC;44.990667;5.165167;368;202501;3;77.9;0;4.1;0;12.8;0;;;;;;;;;
26273002;ROCHEFORT-SAMSON_SAPC;44.990667;5.165167;368;202502;1;13.2;0;1.1;0;7.6;0;;;;;;;;;
26273002;ROCHEFORT-SAMSON_SAPC;44.990667;5.165167;368;202502;2;11.0;0;2.4;0;11.3;0;;;;;;;;;
26273002;ROCHEFORT-SAMSON_SAPC;44.990667;5.165167;368;202502;3;17.2;0;5.0;0;12.7;0;;;;;;;;;
26273002;ROCHEFORT-SAMSON_SAPC;44.990667;5.165167;368;202503;1;27.4;0;1.5;0;14.9;0;;;;;;;;;
26273002;ROCHEFORT-SAMSON_SAPC;44.990667;5.165167;368;202503;2;35.8;0;2.0;0;9.9;0;;;;;;;;;
26273002;ROCHEFORT-SAMSON_SAPC;44.990667;5.165167;368;202503;3;20.4;0;6.8;0;15.1;0;;;;;;;;;
26273002;ROCHEFORT-SAMSON_SAPC;44.990667;5.165167;368;202504;1;0.4;0;4.7;0;19.1;0;;;;;;;;;
26273002;ROCHEFORT-SAMSON_SAPC;44.990667;5.165167;368;202504;2;108.0;0;7.6;0;16.6;0;;;;;;;;;
26273002;ROCHEFORT-SAMSON_SAPC;44.990667;5.165167;368;202504;3;16.4;0;8.1;0;19.8;0;;;;;;;;;
26273002;ROCHEFORT-SAMSON_SAPC;44.990667;5.165167;368;202505;1;48.4;0;8.8;0;17.6;0;;;;;;;;;
26273002;ROCHEFORT-SAMSON_SAPC;44.990667;5.165167;368;202505;2;11.0;0;8.6;0;22.5;0;;;;;;;;;
26273002;ROCHEFORT-SAMSON_SAPC;44.990667;5.165167;368;202505;3;14.0;0;11.2;0;23.2;0;;;;;;;;;
26273002;ROCHEFORT-SAMSON_SAPC;44.990667;5.165167;368;202506;1;37.9;0;14.0;0;25.6;0;;;;;;;;;
26273002;ROCHEFORT-SAMSON_SAPC;44.990667;5.165167;368;202506;2;0.2;0;15.1;0;29.3;0;;;;;;;;;
26273002;ROCHEFORT-SAMSON_SAPC;44.990667;5.165167;368;202506;3;24.7;0;18.0;0;33.4;0;;;;;;;;;
26273002;ROCHEFORT-SAMSON_SAPC;44.990667;5.165167;368;202507;1;2.2;0;16.0;0;29.4;0;;;;;;;;;
26273002;ROCHEFORT-SAMSON_SAPC;44.990667;5.165167;368;202507;2;36.8;0;16.7;0;30.6;0;;;;;;;;;
26273002;ROCHEFORT-SAMSON_SAPC;44.990667;5.165167;368;202507;3;19.8;0;15.0;0;25.3;0;;;;;;;;;
26273002;ROCHEFORT-SAMSON_SAPC;44.990667;5.165167;368;202508;1;0.2;0;15.6;0;30.5;0;;;;;;;;;
26273002;ROCHEFORT-SAMSON_SAPC;44.990667;5.165167;368;202508;2;26.0;0;18.3;0;32.9;0;;;;;;;;;
26273002;ROCHEFORT-SAMSON_SAPC;44.990667;5.165167;368;202508;3;33.2;0;14.2;0;26.8;0;;;;;;;;;
26273002;ROCHEFORT-SAMSON_SAPC;44.990667;5.165167;368;202509;1;16.6;0;14.2;0;24.5;0;;;;;;;;;
26273002;ROCHEFORT-SAMSON_SAPC;44.990667;5.165167;368;202509;2;9.6;0;13.4;0;24.7;0;;;;;;;;;
26273002;ROCHEFORT-SAMSON_SAPC;44.990667;5.165167;368;202509;3;71.2;0;9.0;0;17.4;0;;;;;;;;;
26273002;ROCHEFORT-SAMSON_SAPC;44.990667;5.165167;368;202510;1;7.2;0;8.6;0;18.4;0;;;;;;;;;
26273002;ROCHEFORT-SAMSON_SAPC;44.990667;5.165167;368;202510;2;13.8;0;9.0;0;17.1;0;;;;;;;;;
26273002;ROCHEFORT-SAMSON_SAPC;44.990667;5.165167;368;202510;3;68.4;0;8.7;0;16.4;0;;;;;;;;;
26273002;ROCHEFORT-SAMSON_SAPC;44.990667;5.165167;368;202511;1;39.2;0;7.4;0;16.4;0;;;;;;;;;
26273002;ROCHEFORT-SAMSON_SAPC;44.990667;5.165167;368;202511;2;38.2;0;5.3;0;14.3;0;;;;;;;;;
26273002;ROCHEFORT-SAMSON_SAPC;44.990667;5.165167;368;202511;3;26.6;0;0.5;0;7.7;0;;;;;;;;;
26273002;ROCHEFORT-SAMSON_SAPC;44.990667;5.165167;368;202512;1;25.2;0;3.6;0;10.4;0;;;;;;;;;
26273002;ROCHEFORT-SAMSON_SAPC;44.990667;5.165167;368;202512;2;7.8;0;4.3;0;13.0;0;;;;;;;;;
26273002;ROCHEFORT-SAMSON_SAPC;44.990667;5.165167;368;202512;3;31.4;0;0.6;0;4.1;0;;;;;;;;;
26273002;ROCHEFORT-SAMSON_SAPC;44.990667;5.165167;368;202601;1;9.0;0;-3.0;0;4.3;0;;;;;;;;;
26273002;ROCHEFORT-SAMSON_SAPC;44.990667;5.165167;368;202601;2;8.6;0;2.8;0;10.8;0;;;;;;;;;
26273002;ROCHEFORT-SAMSON_SAPC;44.990667;5.165167;368;202601;3;78.4;0;1.2;0;8.6;0;;;;;;;;;
26273002;ROCHEFORT-SAMSON_SAPC;44.990667;5.165167;368;202602;1;22.6;0;3.1;0;12.9;0;;;;;;;;;
26273002;ROCHEFORT-SAMSON_SAPC;44.990667;5.165167;368;202602;2;33.0;0;4.1;0;10.7;0;;;;;;;;;
26273002;ROCHEFORT-SAMSON_SAPC;44.990667;5.165167;368;202602;3;0.8;0;5.4;0;15.5;0;;;;;;;;;
26273002;ROCHEFORT-SAMSON_SAPC;44.990667;5.165167;368;202603;1;6.8;0;5.5;0;16.2;0;;;;;;;;;
26281001;ROMANS_SAPC;45.050167;4.998667;156;202501;1;26.8;0;3.6;0;10.9;0;;;;;;;;;
26281001;ROMANS_SAPC;45.050167;4.998667;156;202501;2;0.2;0;-1.6;0;5.2;0;;;;;;;;;
26281001;ROMANS_SAPC;45.050167;4.998667;156;202501;3;36.2;0;4.2;0;13.1;0;;;;;;;;;
26281001;ROMANS_SAPC;45.050167;4.998667;156;202502;1;21.8;0;1.9;0;8.8;0;;;;;;;;;
26281001;ROMANS_SAPC;45.050167;4.998667;156;202502;2;2.2;0;2.7;0;13.1;0;;;;;;;;;
26281001;ROMANS_SAPC;45.050167;4.998667;156;202502;3;15.0;0;5.7;0;14.1;0;;;;;;;;;
26281001;ROMANS_SAPC;45.050167;4.998667;156;202503;1;24.0;0;1.0;0;16.6;0;;;;;;;;;
26281001;ROMANS_SAPC;45.050167;4.998667;156;202503;2;22.2;0;2.7;0;11.9;0;;;;;;;;;
26281001;ROMANS_SAPC;45.050167;4.998667;156;202503;3;21.0;0;7.5;0;16.9;0;;;;;;;;;
26281001;ROMANS_SAPC;45.050167;4.998667;156;202504;1;0.2;0;5.2;0;21.0;0;;;;;;;;;
26281001;ROMANS_SAPC;45.050167;4.998667;156;202504;2;99.8;0;8.6;0;18.8;0;;;;;;;;;
26281001;ROMANS_SAPC;45.050167;4.998667;156;202504;3;9.0;0;8.0;0;22.1;0;;;;;;;;;
26281001;ROMANS_SAPC;45.050167;4.998667;156;202505;1;22.2;0;9.9;0;20.4;0;;;;;;;;;
26281001;ROMANS_SAPC;45.050167;4.998667;156;202505;2;9.2;0;8.7;0;24.5;0;;;;;;;;;
26281001;ROMANS_SAPC;45.050167;4.998667;156;202505;3;8.6;0;11.3;0;26.0;0;;;;;;;;;
26281001;ROMANS_SAPC;45.050167;4.998667;156;202506;1;49.1;0;14.5;0;28.2;0;;;;;;;;;
26281001;ROMANS_SAPC;45.050167;4.998667;156;202506;2;0.2;0;15.5;0;32.0;0;;;;;;;;;
26281001;ROMANS_SAPC;45.050167;4.998667;156;202506;3;10.2;0;17.8;0;36.2;0;;;;;;;;;
26281001;ROMANS_SAPC;45.050167;4.998667;156;202507;1;1.2;0;15.1;0;32.1;0;;;;;;;;;
26281001;ROMANS_SAPC;45.050167;4.998667;156;202507;2;19.6;0;16.9;0;33.3;0;;;;;;;;;
26281001;ROMANS_SAPC;45.050167;4.998667;156;202507;3;6.4;0;15.1;0;28.7;0;;;;;;;;;
26281001;ROMANS_SAPC;45.050167;4.998667;156;202508;1;0.4;0;15.1;0;33.6;0;;;;;;;;;
26281001;ROMANS_SAPC;45.050167;4.998667;156;202508;2;9.8;0;18.6;0;36.1;0;;;;;;;;;
26281001;ROMANS_SAPC;45.050167;4.998667;156;202508;3;32.6;0;13.8;0;29.3;0;;;;;;;;;
26281001;ROMANS_SAPC;45.050167;4.998667;156;202509;1;57.8;0;14.3;0;26.9;0;;;;;;;;;
26281001;ROMANS_SAPC;45.050167;4.998667;156;202509;2;9.2;0;12.6;0;26.3;0;;;;;;;;;
26281001;ROMANS_SAPC;45.050167;4.998667;156;202509;3;45.6;0;9.6;0;19.4;0;;;;;;;;;
26281001;ROMANS_SAPC;45.050167;4.998667;156;202510;1;3.4;0;7.9;0;20.0;0;;;;;;;;;
26281001;ROMANS_SAPC;45.050167;4.998667;156;202510;2;14.0;0;9.4;0;18.9;0;;;;;;;;;
26281001;ROMANS_SAPC;45.050167;4.998667;156;202510;3;53.7;0;9.5;0;17.1;0;;;;;;;;;
26281001;ROMANS_SAPC;45.050167;4.998667;156;202511;1;47.8;0;7.8;0;17.4;0;;;;;;;;;
26281001;ROMANS_SAPC;45.050167;4.998667;156;202511;2;66.4;0;5.6;0;15.2;0;;;;;;;;;
26281001;ROMANS_SAPC;45.050167;4.998667;156;202511;3;15.4;0;1.5;0;8.7;0;;;;;;;;;
26281001;ROMANS_SAPC;45.050167;4.998667;156;202512;1;25.8;0;2.9;0;11.1;0;;;;;;;;;
26281001;ROMANS_SAPC;45.050167;4.998667;156;202512;2;9.4;0;3.3;0;13.1;0;;;;;;;;;
26281001;ROMANS_SAPC;45.050167;4.998667;156;202512;3;25.8;0;1.8;0;5.9;0;;;;;;;;;
26281001;ROMANS_SAPC;45.050167;4.998667;156;202601;1;7.8;0;-3.1;0;5.0;0;;;;;;;;;
26281001;ROMANS_SAPC;45.050167;4.998667;156;202601;2;9.4;0;3.8;0;11.2;0;;;;;;;;;
26281001;ROMANS_SAPC;45.050167;4.998667;156;202601;3;67.4;0;1.4;0;9.5;0;;;;;;;;;
26281001;ROMANS_SAPC;45.050167;4.998667;156;202602;1;26.6;0;3.0;0;13.6;0;;;;;;;;;
26281001;ROMANS_SAPC;45.050167;4.998667;156;202602;2;20.4;0;4.6;0;12.1;0;;;;;;;;;
26281001;ROMANS_SAPC;45.050167;4.998667;156;202602;3;1.0;0;4.2;0;17.1;0;;;;;;;;;
26281001;ROMANS_SAPC;45.050167;4.998667;156;202603;1;6.2;0;4.7;0;18.0;0;;;;;;;;;
26290002;COL DE ROUSSET_SAPC;44.841667;5.421667;1400;202501;1;56.4;0;-1.5;0;4.4;0;;;;;;;;;
26290002;COL DE ROUSSET_SAPC;44.841667;5.421667;1400;202501;2;0.0;0;-4.8;0;2.8;0;;;;;;;;;
26290002;COL DE ROUSSET_SAPC;44.841667;5.421667;1400;202501;3;78.0;0;-0.8;0;4.9;0;;;;;;;;;
26290002;COL DE ROUSSET_SAPC;44.841667;5.421667;1400;202502;1;4.8;0;-2.1;0;4.9;0;;;;;;;;;
26290002;COL DE ROUSSET_SAPC;44.841667;5.421667;1400;202502;2;13.4;0;-0.7;0;5.8;0;;;;;;;;;
26290002;COL DE ROUSSET_SAPC;44.841667;5.421667;1400;202502;3;16.4;0;0.1;0;4.4;0;;;;;;;;;
26290002;COL DE ROUSSET_SAPC;44.841667;5.421667;1400;202503;1;34.0;0;-0.1;0;8.1;0;;;;;;;;;
26290002;COL DE ROUSSET_SAPC;44.841667;5.421667;1400;202503;2;24.0;0;-2.5;0;3.4;0;;;;;;;;;
26290002;COL DE ROUSSET_SAPC;44.841667;5.421667;1400;202503;3;27.2;0;1.3;0;6.1;0;;;;;;;;;
26290002;COL DE ROUSSET_SAPC;44.841667;5.421667;1400;202504;1;4.2;0;3.1;0;11.6;0;;;;;;;;;
26290002;COL DE ROUSSET_SAPC;44.841667;5.421667;1400;202504;2;147.3;0;3.5;0;9.7;0;;;;;;;;;
26290002;COL DE ROUSSET_SAPC;44.841667;5.421667;1400;202504;3;21.4;0;3.3;0;11.6;0;;;;;;;;;
26290002;COL DE ROUSSET_SAPC;44.841667;5.421667;1400;202505;1;52.8;0;4.8;0;10.4;0;;;;;;;;;
26290002;COL DE ROUSSET_SAPC;44.841667;5.421667;1400;202505;2;28.8;0;4.9;0;13.8;0;;;;;;;;;
26290002;COL DE ROUSSET_SAPC;44.841667;5.421667;1400;202505;3;25.0;0;6.1;0;14.6;0;;;;;;;;;
26290002;COL DE ROUSSET_SAPC;44.841667;5.421667;1400;202506;1;48.0;0;9.8;0;18.2;0;;;;;;;;;
26290002;COL DE ROUSSET_SAPC;44.841667;5.421667;1400;202506;2;1.2;0;13.3;0;23.0;0;;;;;;;;;
26290002;COL DE ROUSSET_SAPC;44.841667;5.421667;1400;202506;3;36.4;0;14.9;0;26.0;0;;;;;;;;;
26290002;COL DE ROUSSET_SAPC;44.841667;5.421667;1400;202507;1;9.8;0;11.1;0;20.6;0;;;;;;;;;
26290002;COL DE ROUSSET_SAPC;44.841667;5.421667;1400;202507;2;50.4;0;12.2;0;22.2;0;;;;;;;;;
26290002;COL DE ROUSSET_SAPC;44.841667;5.421667;1400;202507;3;18.8;0;8.8;0;16.6;0;;;;;;;;;
26290002;COL DE ROUSSET_SAPC;44.841667;5.421667;1400;202508;1;0.8;0;12.2;0;22.2;0;;;;;;;;;
26290002;COL DE ROUSSET_SAPC;44.841667;5.421667;1400;202508;2;6.4;0;15.6;0;25.3;0;;;;;;;;;
26290002;COL DE ROUSSET_SAPC;44.841667;5.421667;1400;202508;3;56.6;0;9.7;0;18.6;0;;;;;;;;;
26290002;COL DE ROUSSET_SAPC;44.841667;5.421667;1400;202509;1;62.7;0;9.4;0;17.2;0;;;;;;;;;
26290002;COL DE ROUSSET_SAPC;44.841667;5.421667;1400;202509;2;20.4;0;9.6;0;18.1;0;;;;;;;;;
26290002;COL DE ROUSSET_SAPC;44.841667;5.421667;1400;202509;3;77.0;0;4.4;0;10.2;0;;;;;;;;;
26290002;COL DE ROUSSET_SAPC;44.841667;5.421667;1400;202510;1;13.6;0;4.2;0;11.6;0;;;;;;;;;
26290002;COL DE ROUSSET_SAPC;44.841667;5.421667;1400;202510;2;38.6;0;5.3;0;13.2;0;;;;;;;;;
26290002;COL DE ROUSSET_SAPC;44.841667;5.421667;1400;202510;3;133.3;0;4.1;0;8.7;0;;;;;;;;;
26290002;COL DE ROUSSET_SAPC;44.841667;5.421667;1400;202511;1;38.9;0;3.2;0;9.4;0;;;;;;;;;
26290002;COL DE ROUSSET_SAPC;44.841667;5.421667;1400;202511;2;47.7;0;1.7;0;7.4;0;;;;;;;;;
26290002;COL DE ROUSSET_SAPC;44.841667;5.421667;1400;202511;3;153.9;0;-5.0;0;-0.2;0;;;;;;;;;
26290002;COL DE ROUSSET_SAPC;44.841667;5.421667;1400;202512;1;20.0;0;0.1;0;5.9;0;;;;;;;;;
26290002;COL DE ROUSSET_SAPC;44.841667;5.421667;1400;202512;2;8.0;0;2.2;0;7.5;0;;;;;;;;;
26290002;COL DE ROUSSET_SAPC;44.841667;5.421667;1400;202512;3;17.8;0;-1.7;0;4.7;0;;;;;;;;;
26290002;COL DE ROUSSET_SAPC;44.841667;5.421667;1400;202601;1;40.2;0;-8.8;0;-2.9;0;;;;;;;;;
26290002;COL DE ROUSSET_SAPC;44.841667;5.421667;1400;202601;2;6.4;0;0.2;0;5.9;0;;;;;;;;;
26290002;COL DE ROUSSET_SAPC;44.841667;5.421667;1400;202601;3;62.6;0;-2.9;0;2.0;0;;;;;;;;;
26290002;COL DE ROUSSET_SAPC;44.841667;5.421667;1400;202602;1;55.2;0;-0.6;0;4.4;0;;;;;;;;;
26290002;COL DE ROUSSET_SAPC;44.841667;5.421667;1400;202602;2;147.2;0;-2.0;0;2.2;0;;;;;;;;;
26290002;COL DE ROUSSET_SAPC;44.841667;5.421667;1400;202602;3;0.0;0;1.7;0;9.1;0;;;;;;;;;
26290002;COL DE ROUSSET_SAPC;44.841667;5.421667;1400;202603;1;24.8;0;2.1;0;8.1;0;;;;;;;;;
26292002;ST-AUBAN-SUR-OUVEZE;44.294833;5.409833;625;202501;1;19.0;0;0.3;0;9.9;0;3.3;0;7.1;0;1857;0;4617;0;5.2
26292002;ST-AUBAN-SUR-OUVEZE;44.294833;5.409833;625;202501;2;0.0;0;-4.6;0;10.0;0;2.2;0;4.5;0;3535;0;7525;0;7.9
26292002;ST-AUBAN-SUR-OUVEZE;44.294833;5.409833;625;202501;3;54.6;0;3.2;0;11.7;0;3.6;0;8.1;0;1791;0;5885;0;9.3
26292002;ST-AUBAN-SUR-OUVEZE;44.294833;5.409833;625;202502;1;7.4;0;-0.5;0;11.7;0;2.7;0;6.5;0;2876;0;8145;0;9.5
26292002;ST-AUBAN-SUR-OUVEZE;44.294833;5.409833;625;202502;2;8.2;0;1.2;0;11.7;0;2.4;0;7.0;0;2851;0;8774;0;10.5
26292002;ST-AUBAN-SUR-OUVEZE;44.294833;5.409833;625;202502;3;6.4;0;2.5;0;11.9;0;3.2;0;7.7;0;1741;0;6481;0;10.0
26292002;ST-AUBAN-SUR-OUVEZE;44.294833;5.409833;625;202503;1;57.4;0;0.0;0;14.9;0;3.0;0;6.3;0;3817;0;12208;0;18.3
26292002;ST-AUBAN-SUR-OUVEZE;44.294833;5.409833;625;202503;2;18.6;0;0.4;0;11.1;0;2.5;0;6.8;0;2214;0;10121;0;14.8
26292002;ST-AUBAN-SUR-OUVEZE;44.294833;5.409833;625;202503;3;34.0;0;4.1;0;15.6;0;3.7;0;7.9;0;4320;0;17145;0;30.1
26292002;ST-AUBAN-SUR-OUVEZE;44.294833;5.409833;625;202504;1;1.6;0;3.2;0;18.2;0;2.7;0;8.4;0;4727;0;18267;0;29.1
26292002;ST-AUBAN-SUR-OUVEZE;44.294833;5.409833;625;202504;2;95.3;0;6.7;0;16.1;0;3.5;0;9.6;0;2768;0;14112;0;27.5
26292002;ST-AUBAN-SUR-OUVEZE;44.294833;5.409833;625;202504;3;24.7;0;4.8;0;19.4;0;2.8;0;10.0;0;4942;0;20924;0;34.9
26292002;ST-AUBAN-SUR-OUVEZE;44.294833;5.409833;625;202505;1;51.1;0;7.2;0;18.7;0;2.6;0;10.6;0;2631;0;16086;0;32.0
26292002;ST-AUBAN-SUR-OUVEZE;44.294833;5.409833;625;202505;2;27.5;0;6.0;0;21.4;0;3.0;0;10.5;0;5648;0;23887;0;43.1
26292002;ST-AUBAN-SUR-OUVEZE;44.294833;5.409833;625;202505;3;2.6;0;8.1;0;23.2;0;3.5;0;10.5;0;7644;0;30284;0;58.7
26292002;ST-AUBAN-SUR-OUVEZE;44.294833;5.409833;625;202506;1;29.0;0;11.9;0;25.6;0;2.6;0;14.4;0;4777;0;21977;0;47.1
26292002;ST-AUBAN-SUR-OUVEZE;44.294833;5.409833;625;202506;2;0.6;0;12.5;0;30.0;0;2.5;0;15.1;0;7230;0;27172;0;57.6
26292002;ST-AUBAN-SUR-OUVEZE;44.294833;5.409833;625;202506;3;10.0;0;14.7;0;32.2;0;2.7;0;16.7;0;7094;0;27228;0;62.5
26292002;ST-AUBAN-SUR-OUVEZE;44.294833;5.409833;625;202507;1;2.6;0;13.0;0;29.4;0;3.2;0;13.3;0;6711;0;26617;0;61.3
26292002;ST-AUBAN-SUR-OUVEZE;44.294833;5.409833;625;202507;2;23.7;0;14.3;0;30.2;0;3.1;0;14.2;0;6418;0;24708;0;58.7
26292002;ST-AUBAN-SUR-OUVEZE;44.294833;5.409833;625;202507;3;3.2;0;12.5;0;25.8;0;3.5;0;12.3;0;6983;0;27884;0;61.7
26292002;ST-AUBAN-SUR-OUVEZE;44.294833;5.409833;625;202508;1;0.0;0;11.8;0;30.6;0;3.1;0;13.2;0;7156;0;24935;0;54.8
26292002;ST-AUBAN-SUR-OUVEZE;44.294833;5.409833;625;202508;2;42.2;0;15.0;0;33.0;0;2.9;0;15.2;0;5525;0;20331;0;51.7
26292002;ST-AUBAN-SUR-OUVEZE;44.294833;5.409833;625;202508;3;82.2;0;11.0;0;26.5;0;2.6;0;13.6;0;5669;0;21595;0;44.3
26292002;ST-AUBAN-SUR-OUVEZE;44.294833;5.409833;625;202509;1;37.3;0;10.9;0;24.4;0;2.4;0;14.4;0;4879;0;18250;0;33.8
26292002;ST-AUBAN-SUR-OUVEZE;44.294833;5.409833;625;202509;2;8.0;0;9.6;0;24.4;0;2.4;0;13.6;0;5307;0;17357;0;29.8
26292002;ST-AUBAN-SUR-OUVEZE;44.294833;5.409833;625;202509;3;74.8;0;6.0;0;18.5;0;2.3;0;10.9;0;3901;0;13478;0;19.7
26292002;ST-AUBAN-SUR-OUVEZE;44.294833;5.409833;625;202510;1;5.4;0;5.2;0;19.5;0;2.7;0;9.8;0;5140;0;14398;0;19.7
26292002;ST-AUBAN-SUR-OUVEZE;44.294833;5.409833;625;202510;2;34.2;0;5.6;0;19.1;0;2.5;0;11.0;0;4509;0;11430;0;13.2
26292002;ST-AUBAN-SUR-OUVEZE;44.294833;5.409833;625;202510;3;88.6;0;7.1;0;16.0;0;3.0;0;10.7;0;2552;0;8918;0;14.2
26292002;ST-AUBAN-SUR-OUVEZE;44.294833;5.409833;625;202511;1;26.1;0;4.4;0;16.1;0;2.7;0;8.5;0;2542;0;7185;0;11.6
26292002;ST-AUBAN-SUR-OUVEZE;44.294833;5.409833;625;202511;2;24.2;0;3.6;0;15.0;0;3.5;0;7.9;0;2646;0;6476;0;10.9
26292002;ST-AUBAN-SUR-OUVEZE;44.294833;5.409833;625;202511;3;29.6;0;-1.4;0;8.4;0;3.1;0;5.3;0;2458;0;5737;0;8.0
26292002;ST-AUBAN-SUR-OUVEZE;44.294833;5.409833;625;202512;1;8.0;0;0.3;0;11.4;0;2.1;0;7.5;0;2120;0;4882;0;4.2
26292002;ST-AUBAN-SUR-OUVEZE;44.294833;5.409833;625;202512;2;14.6;0;2.4;0;12.5;0;2.9;0;8.1;0;2378;0;4865;0;6.0
26292002;ST-AUBAN-SUR-OUVEZE;44.294833;5.409833;625;202512;3;30.0;0;-0.6;0;11.4;0;2.2;0;6.2;0;3023;0;6221;0;7.6
26292002;ST-AUBAN-SUR-OUVEZE;44.294833;5.409833;625;202601;1;14.2;0;-5.9;0;5.4;0;2.5;0;4.3;0;2999;0;6403;0;5.2
26292002;ST-AUBAN-SUR-OUVEZE;44.294833;5.409833;625;202601;2;8.6;0;1.7;0;11.4;0;3.1;0;6.7;0;2105;0;5051;0;8.8
26292002;ST-AUBAN-SUR-OUVEZE;44.294833;5.409833;625;202601;3;67.6;0;-0.5;0;7.9;0;2.6;0;6.6;0;1850;0;5740;0;5.6
26292002;ST-AUBAN-SUR-OUVEZE;44.294833;5.409833;625;202602;1;49.2;0;1.5;0;10.2;0;3.2;0;7.4;0;1513;0;5987;0;8.7
26292002;ST-AUBAN-SUR-OUVEZE;44.294833;5.409833;625;202602;2;71.4;0;2.9;0;10.0;0;3.9;0;7.2;0;1762;0;7355;0;13.0
26292002;ST-AUBAN-SUR-OUVEZE;44.294833;5.409833;625;202602;3;0.0;0;1.3;0;16.6;0;2.6;0;8.0;0;4268;0;11150;0;11.7
26292002;ST-AUBAN-SUR-OUVEZE;44.294833;5.409833;625;202603;1;12.6;0;3.6;0;15.1;0;2.0;0;8.5;0;1201;0;8124;0;15.8
26295001;ST-BARTHELEMY-V_SAPC;45.173833;4.902500;203;202501;1;27.6;0;3.7;0;10.5;0;;;;;;;;;
26295001;ST-BARTHELEMY-V_SAPC;45.173833;4.902500;203;202501;2;0.2;0;-2.1;0;4.9;0;;;;;;;;;
26295001;ST-BARTHELEMY-V_SAPC;45.173833;4.902500;203;202501;3;48.2;0;4.3;0;12.9;0;;;;;;;;;
26295001;ST-BARTHELEMY-V_SAPC;45.173833;4.902500;203;202502;1;19.0;0;1.8;0;8.2;0;;;;;;;;;
26295001;ST-BARTHELEMY-V_SAPC;45.173833;4.902500;203;202502;2;2.0;0;3.1;0;12.4;0;;;;;;;;;
26295001;ST-BARTHELEMY-V_SAPC;45.173833;4.902500;203;202502;3;21.0;0;5.6;0;14.0;0;;;;;;;;;
26295001;ST-BARTHELEMY-V_SAPC;45.173833;4.902500;203;202503;1;20.2;0;1.7;0;16.0;0;;;;;;;;;
26295001;ST-BARTHELEMY-V_SAPC;45.173833;4.902500;203;202503;2;37.3;0;2.6;0;11.9;0;;;;;;;;;
26295001;ST-BARTHELEMY-V_SAPC;45.173833;4.902500;203;202503;3;28.8;0;7.4;0;16.5;0;;;;;;;;;
26295001;ST-BARTHELEMY-V_SAPC;45.173833;4.902500;203;202504;1;0.6;0;5.2;0;20.9;0;;;;;;;;;
26295001;ST-BARTHELEMY-V_SAPC;45.173833;4.902500;203;202504;2;102.8;0;8.1;0;17.8;0;;;;;;;;;
26295001;ST-BARTHELEMY-V_SAPC;45.173833;4.902500;203;202504;3;10.6;0;8.0;0;21.9;0;;;;;;;;;
26295001;ST-BARTHELEMY-V_SAPC;45.173833;4.902500;203;202505;1;36.0;0;9.8;0;20.7;0;;;;;;;;;
26295001;ST-BARTHELEMY-V_SAPC;45.173833;4.902500;203;202505;2;10.2;0;9.3;0;24.3;0;;;;;;;;;
26295001;ST-BARTHELEMY-V_SAPC;45.173833;4.902500;203;202505;3;8.0;0;10.6;0;25.6;0;;;;;;;;;
26295001;ST-BARTHELEMY-V_SAPC;45.173833;4.902500;203;202506;1;28.2;0;14.3;0;27.3;0;;;;;;;;;
26295001;ST-BARTHELEMY-V_SAPC;45.173833;4.902500;203;202506;2;0.2;0;14.8;0;32.4;0;;;;;;;;;
26295001;ST-BARTHELEMY-V_SAPC;45.173833;4.902500;203;202506;3;7.2;0;17.5;0;35.9;0;;;;;;;;;
26295001;ST-BARTHELEMY-V_SAPC;45.173833;4.902500;203;202507;1;1.4;0;15.0;0;31.2;0;;;;;;;;;
26295001;ST-BARTHELEMY-V_SAPC;45.173833;4.902500;203;202507;2;19.6;0;15.6;0;32.3;0;;;;;;;;;
26295001;ST-BARTHELEMY-V_SAPC;45.173833;4.902500;203;202507;3;6.4;0;13.6;0;27.9;0;;;;;;;;;
26295001;ST-BARTHELEMY-V_SAPC;45.173833;4.902500;203;202508;1;1.2;0;14.4;0;33.0;0;;;;;;;;;
26295001;ST-BARTHELEMY-V_SAPC;45.173833;4.902500;203;202508;2;22.1;0;17.5;0;35.0;0;;;;;;;;;
26295001;ST-BARTHELEMY-V_SAPC;45.173833;4.902500;203;202508;3;42.7;0;13.7;0;27.7;0;;;;;;;;;
26295001;ST-BARTHELEMY-V_SAPC;45.173833;4.902500;203;202509;1;83.2;0;13.8;0;25.6;0;;;;;;;;;
26295001;ST-BARTHELEMY-V_SAPC;45.173833;4.902500;203;202509;2;2.8;0;11.9;0;25.7;0;;;;;;;;;
26295001;ST-BARTHELEMY-V_SAPC;45.173833;4.902500;203;202509;3;44.0;0;9.1;0;19.1;0;;;;;;;;;
26295001;ST-BARTHELEMY-V_SAPC;45.173833;4.902500;203;202510;1;4.2;0;7.9;0;19.6;0;;;;;;;;;
26295001;ST-BARTHELEMY-V_SAPC;45.173833;4.902500;203;202510;2;20.2;0;8.9;0;18.5;0;;;;;;;;;
26295001;ST-BARTHELEMY-V_SAPC;45.173833;4.902500;203;202510;3;42.2;0;9.4;0;16.6;0;;;;;;;;;
26295001;ST-BARTHELEMY-V_SAPC;45.173833;4.902500;203;202511;1;28.4;0;8.5;0;16.9;0;;;;;;;;;
26295001;ST-BARTHELEMY-V_SAPC;45.173833;4.902500;203;202511;2;69.9;0;5.8;0;14.6;0;;;;;;;;;
26295001;ST-BARTHELEMY-V_SAPC;45.173833;4.902500;203;202511;3;9.6;0;1.2;0;8.2;0;;;;;;;;;
26295001;ST-BARTHELEMY-V_SAPC;45.173833;4.902500;203;202512;1;21.0;0;3.8;0;10.9;0;;;;;;;;;
26295001;ST-BARTHELEMY-V_SAPC;45.173833;4.902500;203;202512;2;9.6;0;4.5;0;12.8;0;;;;;;;;;
26295001;ST-BARTHELEMY-V_SAPC;45.173833;4.902500;203;202512;3;19.2;0;1.7;0;5.6;0;;;;;;;;;
26295001;ST-BARTHELEMY-V_SAPC;45.173833;4.902500;203;202601;1;4.8;0;-3.0;0;4.5;0;;;;;;;;;
26295001;ST-BARTHELEMY-V_SAPC;45.173833;4.902500;203;202601;2;4.8;0;4.5;0;10.6;0;;;;;;;;;
26295001;ST-BARTHELEMY-V_SAPC;45.173833;4.902500;203;202601;3;58.8;0;2.0;0;9.5;0;;;;;;;;;
26295001;ST-BARTHELEMY-V_SAPC;45.173833;4.902500;203;202602;1;26.6;0;3.3;0;12.6;0;;;;;;;;;
26295001;ST-BARTHELEMY-V_SAPC;45.173833;4.902500;203;202602;2;16.8;0;4.9;0;11.6;0;;;;;;;;;
26295001;ST-BARTHELEMY-V_SAPC;45.173833;4.902500;203;202602;3;0.6;0;5.0;0;16.5;0;;;;;;;;;
26295001;ST-BARTHELEMY-V_SAPC;45.173833;4.902500;203;202603;1;6.0;0;4.6;0;17.3;0;;;;;;;;;
26298001;ST-CHRISTOPHE-L_SAPC;45.229333;5.071833;452;202501;1;38.2;0;2.7;0;8.6;0;;;;;;;;;
26298001;ST-CHRISTOPHE-L_SAPC;45.229333;5.071833;452;202501;2;0.4;0;-2.7;0;3.7;0;;;;;;;;;
26298001;ST-CHRISTOPHE-L_SAPC;45.229333;5.071833;452;202501;3;59.0;0;4.7;0;10.5;0;;;;;;;;;
26298001;ST-CHRISTOPHE-L_SAPC;45.229333;5.071833;452;202502;1;12.4;0;0.5;0;5.8;0;;;;;;;;;
26298001;ST-CHRISTOPHE-L_SAPC;45.229333;5.071833;452;202502;2;9.0;0;3.2;0;10.5;0;;;;;;;;;
26298001;ST-CHRISTOPHE-L_SAPC;45.229333;5.071833;452;202502;3;17.4;0;5.6;0;10.7;0;;;;;;;;;
26298001;ST-CHRISTOPHE-L_SAPC;45.229333;5.071833;452;202503;1;21.8;0;3.9;0;13.7;0;;;;;;;;;
26298001;ST-CHRISTOPHE-L_SAPC;45.229333;5.071833;452;202503;2;31.2;0;2.7;0;9.1;0;;;;;;;;;
26298001;ST-CHRISTOPHE-L_SAPC;45.229333;5.071833;452;202503;3;17.6;0;6.6;0;13.7;0;;;;;;;;;
26298001;ST-CHRISTOPHE-L_SAPC;45.229333;5.071833;452;202504;1;0.8;0;7.0;0;18.0;0;;;;;;;;;
26298001;ST-CHRISTOPHE-L_SAPC;45.229333;5.071833;452;202504;2;103.3;0;8.0;0;15.5;0;;;;;;;;;
26298001;ST-CHRISTOPHE-L_SAPC;45.229333;5.071833;452;202504;3;13.8;0;9.1;0;18.7;0;;;;;;;;;
26298001;ST-CHRISTOPHE-L_SAPC;45.229333;5.071833;452;202505;1;52.4;0;9.6;0;17.0;0;;;;;;;;;
26298001;ST-CHRISTOPHE-L_SAPC;45.229333;5.071833;452;202505;2;5.4;0;10.1;0;20.7;0;;;;;;;;;
26298001;ST-CHRISTOPHE-L_SAPC;45.229333;5.071833;452;202505;3;15.8;0;11.7;0;21.7;0;;;;;;;;;
26298001;ST-CHRISTOPHE-L_SAPC;45.229333;5.071833;452;202506;1;26.8;0;14.3;0;24.0;0;;;;;;;;;
26298001;ST-CHRISTOPHE-L_SAPC;45.229333;5.071833;452;202506;2;0.0;0;17.3;0;28.1;0;;;;;;;;;
26298001;ST-CHRISTOPHE-L_SAPC;45.229333;5.071833;452;202506;3;16.8;0;19.7;0;32.2;0;;;;;;;;;
26298001;ST-CHRISTOPHE-L_SAPC;45.229333;5.071833;452;202507;1;7.8;0;16.7;0;27.8;0;;;;;;;;;
26298001;ST-CHRISTOPHE-L_SAPC;45.229333;5.071833;452;202507;2;23.2;0;17.5;0;29.2;0;;;;;;;;;
26298001;ST-CHRISTOPHE-L_SAPC;45.229333;5.071833;452;202507;3;8.6;0;14.5;0;24.7;0;;;;;;;;;
26298001;ST-CHRISTOPHE-L_SAPC;45.229333;5.071833;452;202508;1;0.0;0;16.6;0;29.5;0;;;;;;;;;
26298001;ST-CHRISTOPHE-L_SAPC;45.229333;5.071833;452;202508;2;5.6;0;20.0;0;32.3;0;;;;;;;;;
26298001;ST-CHRISTOPHE-L_SAPC;45.229333;5.071833;452;202508;3;37.8;0;14.4;0;25.5;0;;;;;;;;;
26298001;ST-CHRISTOPHE-L_SAPC;45.229333;5.071833;452;202509;1;72.4;0;14.1;0;23.2;0;;;;;;;;;
26298001;ST-CHRISTOPHE-L_SAPC;45.229333;5.071833;452;202509;2;2.6;0;13.7;0;23.1;0;;;;;;;;;
26298001;ST-CHRISTOPHE-L_SAPC;45.229333;5.071833;452;202509;3;54.8;0;9.3;0;15.6;0;;;;;;;;;
26298001;ST-CHRISTOPHE-L_SAPC;45.229333;5.071833;452;202510;1;8.8;0;8.9;0;16.6;0;;;;;;;;;
26298001;ST-CHRISTOPHE-L_SAPC;45.229333;5.071833;452;202510;2;17.8;0;9.2;0;15.7;0;;;;;;;;;
26298001;ST-CHRISTOPHE-L_SAPC;45.229333;5.071833;452;202510;3;55.7;0;9.0;0;14.5;0;;;;;;;;;
26298001;ST-CHRISTOPHE-L_SAPC;45.229333;5.071833;452;202511;1;33.0;0;8.6;0;14.7;0;;;;;;;;;
26298001;ST-CHRISTOPHE-L_SAPC;45.229333;5.071833;452;202511;2;49.9;0;6.2;0;12.4;0;;;;;;;;;
26298001;ST-CHRISTOPHE-L_SAPC;45.229333;5.071833;452;202511;3;20.8;0;0.7;0;6.1;0;;;;;;;;;
26298001;ST-CHRISTOPHE-L_SAPC;45.229333;5.071833;452;202512;1;18.8;0;4.6;0;9.3;0;;;;;;;;;
26298001;ST-CHRISTOPHE-L_SAPC;45.229333;5.071833;452;202512;2;8.2;0;6.0;0;11.7;0;;;;;;;;;
26298001;ST-CHRISTOPHE-L_SAPC;45.229333;5.071833;452;202512;3;24.2;0;0.2;0;4.4;0;;;;;;;;;
26298001;ST-CHRISTOPHE-L_SAPC;45.229333;5.071833;452;202601;1;5.6;0;-3.1;0;2.6;0;;;;;;;;;
26298001;ST-CHRISTOPHE-L_SAPC;45.229333;5.071833;452;202601;2;9.6;0;3.4;0;9.4;0;;;;;;;;;
26298001;ST-CHRISTOPHE-L_SAPC;45.229333;5.071833;452;202601;3;78.2;0;2.0;0;7.6;0;;;;;;;;;
26298001;ST-CHRISTOPHE-L_SAPC;45.229333;5.071833;452;202602;1;30.2;0;4.0;0;10.9;0;;;;;;;;;
26298001;ST-CHRISTOPHE-L_SAPC;45.229333;5.071833;452;202602;2;27.8;0;3.5;0;9.5;0;;;;;;;;;
26298001;ST-CHRISTOPHE-L_SAPC;45.229333;5.071833;452;202602;3;0.0;0;6.7;0;13.9;0;;;;;;;;;
26298001;ST-CHRISTOPHE-L_SAPC;45.229333;5.071833;452;202603;1;6.6;0;7.5;0;15.3;0;;;;;;;;;
26307001;ST-JEAN-EN-ROYA;45.009167;5.292500;308;202501;1;38.4;0;1.5;0;10.3;0;;;;;;;;;
26307001;ST-JEAN-EN-ROYA;45.009167;5.292500;308;202501;2;3.6;0;-3.2;0;4.9;0;;;;;;;;;
26307001;ST-JEAN-EN-ROYA;45.009167;5.292500;308;202501;3;72.1;0;3.0;0;13.2;0;;;;;;;;;
26307001;ST-JEAN-EN-ROYA;45.009167;5.292500;308;202502;1;9.4;0;1.6;0;8.6;0;;;;;;;;;
26307001;ST-JEAN-EN-ROYA;45.009167;5.292500;308;202502;2;12.0;0;1.7;0;12.6;0;;;;;;;;;
26307001;ST-JEAN-EN-ROYA;45.009167;5.292500;308;202502;3;18.3;0;4.0;0;13.5;0;;;;;;;;;
26307001;ST-JEAN-EN-ROYA;45.009167;5.292500;308;202503;1;19.3;0;1.0;0;15.4;0;;;;;;;;;
26307001;ST-JEAN-EN-ROYA;45.009167;5.292500;308;202503;2;39.3;0;1.7;0;11.0;0;;;;;;;;;
26307001;ST-JEAN-EN-ROYA;45.009167;5.292500;308;202503;3;23.5;0;6.7;0;15.8;0;;;;;;;;;
26307001;ST-JEAN-EN-ROYA;45.009167;5.292500;308;202504;1;0.2;0;4.8;0;20.2;0;;;;;;;;;
26307001;ST-JEAN-EN-ROYA;45.009167;5.292500;308;202504;2;94.8;0;7.7;0;18.0;0;;;;;;;;;
26307001;ST-JEAN-EN-ROYA;45.009167;5.292500;308;202504;3;21.0;0;8.1;0;20.8;0;;;;;;;;;
26307001;ST-JEAN-EN-ROYA;45.009167;5.292500;308;202505;1;49.0;0;9.2;0;19.4;0;;;;;;;;;
26307001;ST-JEAN-EN-ROYA;45.009167;5.292500;308;202505;2;9.2;0;8.2;0;23.3;0;;;;;;;;;
26307001;ST-JEAN-EN-ROYA;45.009167;5.292500;308;202505;3;14.3;0;10.6;0;24.0;0;;;;;;;;;
26307001;ST-JEAN-EN-ROYA;45.009167;5.292500;308;202506;1;35.4;0;14.1;0;26.6;0;;;;;;;;;
26307001;ST-JEAN-EN-ROYA;45.009167;5.292500;308;202506;2;0.2;0;15.5;0;30.6;0;;;;;;;;;
26307001;ST-JEAN-EN-ROYA;45.009167;5.292500;308;202506;3;5.6;0;18.3;0;34.7;0;;;;;;;;;
26307001;ST-JEAN-EN-ROYA;45.009167;5.292500;308;202507;1;6.8;0;15.7;0;30.1;0;;;;;;;;;
26307001;ST-JEAN-EN-ROYA;45.009167;5.292500;308;202507;2;42.3;0;16.2;0;31.7;0;;;;;;;;;
26307001;ST-JEAN-EN-ROYA;45.009167;5.292500;308;202507;3;10.2;0;14.4;0;26.3;0;;;;;;;;;
26307001;ST-JEAN-EN-ROYA;45.009167;5.292500;308;202508;1;0.8;0;15.0;0;31.3;0;;;;;;;;;
26307001;ST-JEAN-EN-ROYA;45.009167;5.292500;308;202508;2;5.4;0;17.8;0;33.5;0;;;;;;;;;
26307001;ST-JEAN-EN-ROYA;45.009167;5.292500;308;202508;3;40.4;0;13.5;0;27.7;0;;;;;;;;;
26307001;ST-JEAN-EN-ROYA;45.009167;5.292500;308;202509;1;34.3;0;13.9;0;25.6;0;;;;;;;;;
26307001;ST-JEAN-EN-ROYA;45.009167;5.292500;308;202509;2;8.6;0;12.5;0;25.6;0;;;;;;;;;
26307001;ST-JEAN-EN-ROYA;45.009167;5.292500;308;202509;3;77.4;0;8.8;0;17.3;0;;;;;;;;;
26307001;ST-JEAN-EN-ROYA;45.009167;5.292500;308;202510;1;11.6;0;7.9;0;18.7;0;;;;;;;;;
26307001;ST-JEAN-EN-ROYA;45.009167;5.292500;308;202510;2;10.2;0;9.5;0;17.9;0;;;;;;;;;
26307001;ST-JEAN-EN-ROYA;45.009167;5.292500;308;202510;3;71.1;0;8.4;0;16.4;0;;;;;;;;;
26307001;ST-JEAN-EN-ROYA;45.009167;5.292500;308;202511;1;45.4;0;6.1;0;16.9;0;;;;;;;;;
26307001;ST-JEAN-EN-ROYA;45.009167;5.292500;308;202511;2;43.8;0;4.1;0;14.9;0;;;;;;;;;
26307001;ST-JEAN-EN-ROYA;45.009167;5.292500;308;202511;3;58.9;0;0.3;0;7.5;0;;;;;;;;;
26307001;ST-JEAN-EN-ROYA;45.009167;5.292500;308;202512;1;19.9;0;2.9;0;10.4;0;;;;;;;;;
26307001;ST-JEAN-EN-ROYA;45.009167;5.292500;308;202512;2;2.8;0;2.9;0;12.4;0;;;;;;;;;
26307001;ST-JEAN-EN-ROYA;45.009167;5.292500;308;202512;3;17.4;0;0.6;0;5.1;0;;;;;;;;;
26307001;ST-JEAN-EN-ROYA;45.009167;5.292500;308;202601;1;16.4;0;-4.0;0;4.8;0;;;;;;;;;
26307001;ST-JEAN-EN-ROYA;45.009167;5.292500;308;202601;2;6.4;0;2.1;0;11.1;0;;;;;;;;;
26307001;ST-JEAN-EN-ROYA;45.009167;5.292500;308;202601;3;69.9;0;0.7;0;9.0;0;;;;;;;;;
26307001;ST-JEAN-EN-ROYA;45.009167;5.292500;308;202602;1;23.4;0;2.9;0;13.2;0;;;;;;;;;
26307001;ST-JEAN-EN-ROYA;45.009167;5.292500;308;202602;2;59.2;0;4.1;0;10.8;0;;;;;;;;;
26307001;ST-JEAN-EN-ROYA;45.009167;5.292500;308;202602;3;0.8;0;3.9;0;16.8;0;;;;;;;;;
26307001;ST-JEAN-EN-ROYA;45.009167;5.292500;308;202603;1;4.4;0;5.2;0;16.9;0;;;;;;;;;
26313001;ST-MARCEL-LES-V-INRAE;44.980167;4.931333;190;202501;1;25.5;0;3.9;0;10.4;0;4.1;0;8.2;0;1590;2;3896;0;6.4
26313001;ST-MARCEL-LES-V-INRAE;44.980167;4.931333;190;202501;2;0.0;0;-1.3;0;4.6;0;4.5;0;5.3;0;3104;2;6128;0;6.7
26313001;ST-MARCEL-LES-V-INRAE;44.980167;4.931333;190;202501;3;40.5;0;5.4;0;12.5;0;3.7;0;9.0;0;2120;2;5614;0;8.3
26313001;ST-MARCEL-LES-V-INRAE;44.980167;4.931333;190;202502;1;26.0;0;2.2;0;8.2;0;4.1;0;6.9;0;2669;2;6845;0;7.7
26313001;ST-MARCEL-LES-V-INRAE;44.980167;4.931333;190;202502;2;6.0;0;4.2;0;12.1;0;3.2;0;8.4;0;4068;2;9951;0;9.7
26313001;ST-MARCEL-LES-V-INRAE;44.980167;4.931333;190;202502;3;17.0;0;6.6;0;13.1;0;3.9;0;9.0;0;2635;2;7600;0;11.4
26313001;ST-MARCEL-LES-V-INRAE;44.980167;4.931333;190;202503;1;25.0;0;3.3;0;15.5;0;2.6;0;7.6;0;4410;2;13161;0;17.9
26313001;ST-MARCEL-LES-V-INRAE;44.980167;4.931333;190;202503;2;28.5;0;3.7;0;11.2;0;2.9;0;7.8;0;2591;2;10449;0;15.7
26313001;ST-MARCEL-LES-V-INRAE;44.980167;4.931333;190;202503;3;29.0;0;8.3;0;16.2;0;5.2;0;9.2;0;4018;2;15153;0;33.0
26313001;ST-MARCEL-LES-V-INRAE;44.980167;4.931333;190;202504;1;0.5;0;7.6;0;20.0;0;3.0;0;8.6;0;6372;2;21239;0;36.7
26313001;ST-MARCEL-LES-V-INRAE;44.980167;4.931333;190;202504;2;119.5;0;9.0;0;17.7;0;3.5;0;11.1;0;3652;2;15572;0;29.5
26313001;ST-MARCEL-LES-V-INRAE;44.980167;4.931333;190;202504;3;9.0;0;9.2;0;20.9;0;2.8;0;11.6;0;5907;2;22039;0;38.7
26313001;ST-MARCEL-LES-V-INRAE;44.980167;4.931333;190;202505;1;25.5;0;10.5;0;19.4;0;3.2;0;11.3;0;4197;2;18288;0;36.9
26313001;ST-MARCEL-LES-V-INRAE;44.980167;4.931333;190;202505;2;14.5;0;10.8;0;23.2;0;2.9;0;11.8;0;7356;2;27131;0;51.1
26313001;ST-MARCEL-LES-V-INRAE;44.980167;4.931333;190;202505;3;11.5;0;12.4;0;24.5;0;3.6;0;12.2;0;7608;2;29044;0;61.5
26313001;ST-MARCEL-LES-V-INRAE;44.980167;4.931333;190;202506;1;21.0;0;15.3;0;26.7;0;3.0;1;16.1;1;5427;2;22283;0;50.7
26313001;ST-MARCEL-LES-V-INRAE;44.980167;4.931333;190;202506;2;0.0;0;17.6;0;30.8;0;3.5;0;15.7;0;8085;2;28794;0;69.4
26313001;ST-MARCEL-LES-V-INRAE;44.980167;4.931333;190;202506;3;15.5;0;19.9;0;34.5;0;3.0;0;18.2;0;7878;2;28280;0;72.2
26313001;ST-MARCEL-LES-V-INRAE;44.980167;4.931333;190;202507;1;0.5;0;17.0;0;29.9;0;3.4;0;14.6;0;7657;2;27596;0;65.9
26313001;ST-MARCEL-LES-V-INRAE;44.980167;4.931333;190;202507;2;36.5;0;17.9;0;31.3;0;3.1;0;16.1;0;7480;2;26876;0;64.9
26313001;ST-MARCEL-LES-V-INRAE;44.980167;4.931333;190;202507;3;7.5;0;15.6;0;26.4;0;3.6;0;14.6;0;7260;2;26764;0;61.0
26313001;ST-MARCEL-LES-V-INRAE;44.980167;4.931333;190;202508;1;0.0;0;16.5;0;31.5;0;3.4;0;14.3;0;7664;2;26194;0;62.7
26313001;ST-MARCEL-LES-V-INRAE;44.980167;4.931333;190;202508;2;10.0;0;20.0;0;34.2;0;2.7;0;16.3;0;6068;2;21774;0;58.3
26313001;ST-MARCEL-LES-V-INRAE;44.980167;4.931333;190;202508;3;31.5;0;15.0;0;27.7;0;3.2;0;14.8;0;6264;2;22042;0;50.4
26313001;ST-MARCEL-LES-V-INRAE;44.980167;4.931333;190;202509;1;72.5;0;14.9;0;25.6;0;2.7;0;15.4;0;5237;2;17752;0;37.0
26313001;ST-MARCEL-LES-V-INRAE;44.980167;4.931333;190;202509;2;10.0;0;13.8;0;25.0;0;2.2;0;14.4;0;5232;2;16726;0;31.9
26313001;ST-MARCEL-LES-V-INRAE;44.980167;4.931333;190;202509;3;56.0;0;10.7;0;18.3;0;2.8;0;12.4;0;3468;2;11968;0;20.6
26313001;ST-MARCEL-LES-V-INRAE;44.980167;4.931333;190;202510;1;2.0;0;9.3;0;19.0;0;3.5;0;11.4;0;4551;2;13112;0;21.4
26313001;ST-MARCEL-LES-V-INRAE;44.980167;4.931333;190;202510;2;28.0;0;10.4;0;17.9;0;2.9;0;12.3;0;3355;2;9841;0;15.5
26313001;ST-MARCEL-LES-V-INRAE;44.980167;4.931333;190;202510;3;73.0;0;10.3;0;16.4;0;2.8;0;12.3;0;1914;2;6818;0;12.2
26313001;ST-MARCEL-LES-V-INRAE;44.980167;4.931333;190;202511;1;51.5;0;9.1;0;16.6;0;2.9;0;10.7;0;2877;2;7228;0;11.1
26313001;ST-MARCEL-LES-V-INRAE;44.980167;4.931333;190;202511;2;84.5;0;6.7;0;14.5;0;3.6;0;9.8;0;2723;2;6312;0;8.3
26313001;ST-MARCEL-LES-V-INRAE;44.980167;4.931333;190;202511;3;18.5;0;2.2;0;8.0;0;4.7;0;6.9;0;2104;2;4964;0;7.3
26313001;ST-MARCEL-LES-V-INRAE;44.980167;4.931333;190;202512;1;26.0;0;5.0;0;10.9;0;2.4;0;9.1;0;1637;2;3976;0;3.7
26313001;ST-MARCEL-LES-V-INRAE;44.980167;4.931333;190;202512;2;15.0;0;5.1;0;12.4;0;1.8;0;9.9;0;1958;2;4188;0;2.9
26313001;ST-MARCEL-LES-V-INRAE;44.980167;4.931333;190;202512;3;25.0;0;1.9;0;5.5;0;4.2;0;6.9;0;1655;2;4010;0;4.4
26313001;ST-MARCEL-LES-V-INRAE;44.980167;4.931333;190;202601;1;6.5;0;-1.9;0;4.7;0;4.0;0;5.0;0;2680;2;5214;0;6.8
26313001;ST-MARCEL-LES-V-INRAE;44.980167;4.931333;190;202601;2;7.5;0;5.4;0;10.6;0;3.0;0;8.3;0;2177;2;4940;0;6.4
26313001;ST-MARCEL-LES-V-INRAE;44.980167;4.931333;190;202601;3;68.5;0;2.5;0;9.0;0;2.5;0;7.8;0;1960;2;5392;0;4.7
26313001;ST-MARCEL-LES-V-INRAE;44.980167;4.931333;190;202602;1;27.0;0;4.6;0;12.5;0;2.8;0;8.9;0;2651;2;6817;0;7.1
26313001;ST-MARCEL-LES-V-INRAE;44.980167;4.931333;190;202602;2;18.5;0;5.2;0;11.4;0;3.5;0;8.3;0;1887;2;6325;0;10.9
26313001;ST-MARCEL-LES-V-INRAE;44.980167;4.931333;190;202602;3;0.5;0;7.0;0;15.9;0;3.5;0;10.0;0;3736;2;9575;0;12.2
26313001;ST-MARCEL-LES-V-INRAE;44.980167;4.931333;190;202603;1;6.0;0;6.6;0;16.9;0;1.6;0;9.7;0;3632;2;11613;0;16.0
26327001;ST ROMAN-DIOIS;44.693833;5.428333;545;202501;1;49.5;0;0.8;0;9.6;0;1.9;0;7.2;0;1417;0;3840;0;3.8
26327001;ST ROMAN-DIOIS;44.693833;5.428333;545;202501;2;0.0;0;-4.3;0;7.2;0;1.2;0;4.8;0;3409;0;7595;0;4.3
26327001;ST ROMAN-DIOIS;44.693833;5.428333;545;202501;3;55.0;0;3.8;0;12.6;0;3.0;0;7.7;0;1930;0;5750;0;10.2
26327001;ST ROMAN-DIOIS;44.693833;5.428333;545;202502;1;3.8;0;0.0;0;9.6;0;1.7;0;6.5;0;1991;0;6974;0;7.9
26327001;ST ROMAN-DIOIS;44.693833;5.428333;545;202502;2;10.0;0;1.6;0;13.3;0;1.8;0;6.8;0;3354;0;9417;0;10.8
26327001;ST ROMAN-DIOIS;44.693833;5.428333;545;202502;3;8.6;0;3.9;0;12.6;0;2.2;0;7.9;0;2050;0;7003;0;9.9
26327001;ST ROMAN-DIOIS;44.693833;5.428333;545;202503;1;24.2;0;0.2;0;16.0;0;2.0;0;6.3;0;4136;0;13210;0;17.9
26327001;ST ROMAN-DIOIS;44.693833;5.428333;545;202503;2;16.6;0;1.7;0;11.8;0;1.7;0;7.0;0;1848;0;9998;0;15.6
26327001;ST ROMAN-DIOIS;44.693833;5.428333;545;202503;3;19.8;0;5.9;0;15.6;0;3.4;0;8.1;0;3897;0;16251;0;30.5
26327001;ST ROMAN-DIOIS;44.693833;5.428333;545;202504;1;1.8;0;4.3;0;21.0;0;1.5;0;8.2;0;5096;0;19618;0;31.5
26327001;ST ROMAN-DIOIS;44.693833;5.428333;545;202504;2;98.8;0;7.5;0;17.9;0;2.8;0;9.4;0;2825;0;14912;0;30.7
26327001;ST ROMAN-DIOIS;44.693833;5.428333;545;202504;3;21.0;0;6.5;0;21.1;0;1.7;0;10.4;0;4749;0;21653;0;37.6
26327001;ST ROMAN-DIOIS;44.693833;5.428333;545;202505;1;45.6;0;8.6;0;19.6;0;1.9;0;10.8;0;2594;0;16271;0;33.0
26327001;ST ROMAN-DIOIS;44.693833;5.428333;545;202505;2;24.0;0;7.6;0;23.0;0;2.1;0;10.5;0;5505;0;25232;0;47.4
26327001;ST ROMAN-DIOIS;44.693833;5.428333;545;202505;3;8.8;0;10.0;0;24.3;0;2.6;0;10.9;0;7002;0;30438;0;61.2
26327001;ST ROMAN-DIOIS;44.693833;5.428333;545;202506;1;59.9;0;13.5;0;26.8;0;1.8;0;15.2;0;4483;0;21581;0;47.1
26327001;ST ROMAN-DIOIS;44.693833;5.428333;545;202506;2;0.6;0;14.6;0;32.4;0;1.8;0;15.9;0;6937;0;28262;0;62.9
26327001;ST ROMAN-DIOIS;44.693833;5.428333;545;202506;3;31.2;0;17.3;0;35.8;0;1.9;0;16.6;0;6825;0;27905;0;67.9
26327001;ST ROMAN-DIOIS;44.693833;5.428333;545;202507;1;1.4;0;14.2;0;30.7;0;2.2;0;14.0;0;6472;0;27158;0;61.6
26327001;ST ROMAN-DIOIS;44.693833;5.428333;545;202507;2;23.9;0;15.7;0;32.1;0;2.0;0;14.2;0;5930;0;24971;0;59.6
26327001;ST ROMAN-DIOIS;44.693833;5.428333;545;202507;3;4.0;0;13.5;0;27.0;0;2.6;0;12.8;0;5856;0;26392;0;60.5
26327001;ST ROMAN-DIOIS;44.693833;5.428333;545;202508;1;0.0;0;14.2;0;32.7;0;2.2;0;13.1;0;6763;0;25310;0;57.4
26327001;ST ROMAN-DIOIS;44.693833;5.428333;545;202508;2;1.6;0;16.9;0;35.0;0;1.9;0;14.4;0;5446;0;20455;0;51.5
26327001;ST ROMAN-DIOIS;44.693833;5.428333;545;202508;3;62.0;0;12.9;0;28.7;0;2.1;0;13.4;0;5531;0;21787;0;47.8
26327001;ST ROMAN-DIOIS;44.693833;5.428333;545;202509;1;42.6;0;12.4;0;26.1;0;1.6;0;14.6;0;4778;0;17778;0;34.1
26327001;ST ROMAN-DIOIS;44.693833;5.428333;545;202509;2;16.0;0;11.3;0;25.8;0;1.4;0;14.0;0;5088;0;17119;0;30.1
26327001;ST ROMAN-DIOIS;44.693833;5.428333;545;202509;3;77.2;0;7.5;0;19.6;0;1.5;0;11.2;0;3630;0;13219;0;20.5
26327001;ST ROMAN-DIOIS;44.693833;5.428333;545;202510;1;5.2;0;6.1;0;20.0;0;1.7;0;10.1;0;4867;0;14541;0;19.7
26327001;ST ROMAN-DIOIS;44.693833;5.428333;545;202510;2;28.0;0;7.2;0;18.9;0;1.7;0;11.3;0;3721;0;10701;0;13.7
26327001;ST ROMAN-DIOIS;44.693833;5.428333;545;202510;3;85.1;0;7.6;0;16.2;0;1.9;0;11.0;0;2040;0;7873;0;12.5
26327001;ST ROMAN-DIOIS;44.693833;5.428333;545;202511;1;21.3;0;5.3;0;17.5;0;1.9;0;8.6;0;3040;0;7678;0;10.5
26327001;ST ROMAN-DIOIS;44.693833;5.428333;545;202511;2;33.7;0;4.5;0;15.1;0;2.6;0;7.6;0;2532;0;6357;0;10.8
26327001;ST ROMAN-DIOIS;44.693833;5.428333;545;202511;3;47.2;0;-0.9;0;7.7;0;2.1;0;5.8;0;2297;0;5190;0;5.3
26327001;ST ROMAN-DIOIS;44.693833;5.428333;545;202512;1;17.0;0;1.3;0;10.7;0;1.1;0;7.9;0;1909;0;4526;0;2.7
26327001;ST ROMAN-DIOIS;44.693833;5.428333;545;202512;2;4.2;0;3.0;0;13.7;0;1.8;0;8.2;0;2687;0;5042;0;5.8
26327001;ST ROMAN-DIOIS;44.693833;5.428333;545;202512;3;12.2;0;-0.6;0;7.2;0;1.1;0;6.4;0;2074;0;4785;0;3.1
26327001;ST ROMAN-DIOIS;44.693833;5.428333;545;202601;1;31.8;0;-5.7;0;4.9;0;1.5;0;4.4;0;2944;0;5786;0;3.8
26327001;ST ROMAN-DIOIS;44.693833;5.428333;545;202601;2;3.6;0;1.8;0;11.1;0;1.9;0;6.9;0;2007;0;4907;0;6.2
26327001;ST ROMAN-DIOIS;44.693833;5.428333;545;202601;3;68.6;0;0.0;0;9.0;0;1.8;0;6.8;0;2350;0;6291;0;4.8
26327001;ST ROMAN-DIOIS;44.693833;5.428333;545;202602;1;49.0;0;2.4;0;11.7;0;2.3;0;7.5;0;1588;0;6245;0;9.7
26327001;ST ROMAN-DIOIS;44.693833;5.428333;545;202602;2;101.0;0;2.7;0;10.0;0;2.6;0;7.5;0;1766;0;6702;0;9.4
26327001;ST ROMAN-DIOIS;44.693833;5.428333;545;202602;3;0.2;0;2.6;0;17.6;0;1.6;0;8.5;0;3982;0;10865;0;11.4
26327001;ST ROMAN-DIOIS;44.693833;5.428333;545;202603;1;12.2;0;4.0;0;16.6;0;1.2;0;8.9;0;1883;0;9695;0;16.1
26328001;ST SAUVEUR EN DIOIS;44.682667;5.157833;338;202501;1;39.5;0;2.5;0;10.7;0;;;;;;;;;
26328001;ST SAUVEUR EN DIOIS;44.682667;5.157833;338;202501;2;0.6;0;-3.2;0;4.6;0;;;;;;;;;
26328001;ST SAUVEUR EN DIOIS;44.682667;5.157833;338;202501;3;61.3;0;4.8;0;13.6;0;;;;;;;;;
26328001;ST SAUVEUR EN DIOIS;44.682667;5.157833;338;202502;1;12.4;0;1.0;0;8.3;0;;;;;;;;;
26328001;ST SAUVEUR EN DIOIS;44.682667;5.157833;338;202502;2;15.4;0;2.8;0;11.8;0;;;;;;;;;
26328001;ST SAUVEUR EN DIOIS;44.682667;5.157833;338;202502;3;18.9;0;4.9;0;12.7;0;;;;;;;;;
26328001;ST SAUVEUR EN DIOIS;44.682667;5.157833;338;202503;1;38.6;0;2.0;0;15.1;0;;;;;;;;;
26328001;ST SAUVEUR EN DIOIS;44.682667;5.157833;338;202503;2;31.2;0;2.0;0;11.3;0;;;;;;;;;
26328001;ST SAUVEUR EN DIOIS;44.682667;5.157833;338;202503;3;22.1;0;7.2;0;15.4;0;;;;;;;;;
26328001;ST SAUVEUR EN DIOIS;44.682667;5.157833;338;202504;1;0.2;0;5.7;0;19.3;0;;;;;;;;;
26328001;ST SAUVEUR EN DIOIS;44.682667;5.157833;338;202504;2;103.3;0;8.5;0;16.9;0;;;;;;;;;
26328001;ST SAUVEUR EN DIOIS;44.682667;5.157833;338;202504;3;8.6;0;8.4;0;20.2;0;;;;;;;;;
26328001;ST SAUVEUR EN DIOIS;44.682667;5.157833;338;202505;1;57.1;0;9.5;0;18.7;0;;;;;;;;;
26328001;ST SAUVEUR EN DIOIS;44.682667;5.157833;338;202505;2;21.4;0;9.2;0;22.7;0;;;;;;;;;
26328001;ST SAUVEUR EN DIOIS;44.682667;5.157833;338;202505;3;10.2;0;11.8;0;24.0;0;;;;;;;;;
26328001;ST SAUVEUR EN DIOIS;44.682667;5.157833;338;202506;1;27.2;0;14.4;0;26.8;0;;;;;;;;;
26328001;ST SAUVEUR EN DIOIS;44.682667;5.157833;338;202506;2;0.0;0;16.2;0;30.7;0;;;;;;;;;
26328001;ST SAUVEUR EN DIOIS;44.682667;5.157833;338;202506;3;18.0;0;18.8;0;33.9;0;;;;;;;;;
26328001;ST SAUVEUR EN DIOIS;44.682667;5.157833;338;202507;1;1.0;0;15.9;0;29.9;0;;;;;;;;;
26328001;ST SAUVEUR EN DIOIS;44.682667;5.157833;338;202507;2;27.4;0;17.0;0;31.1;0;;;;;;;;;
26328001;ST SAUVEUR EN DIOIS;44.682667;5.157833;338;202507;3;5.0;0;15.0;0;26.2;0;;;;;;;;;
26328001;ST SAUVEUR EN DIOIS;44.682667;5.157833;338;202508;1;0.0;0;16.3;0;31.6;0;;;;;;;;;
26328001;ST SAUVEUR EN DIOIS;44.682667;5.157833;338;202508;2;3.6;0;18.7;0;33.8;0;;;;;;;;;
26328001;ST SAUVEUR EN DIOIS;44.682667;5.157833;338;202508;3;43.6;0;14.2;0;28.0;0;;;;;;;;;
26328001;ST SAUVEUR EN DIOIS;44.682667;5.157833;338;202509;1;49.4;0;13.6;0;25.4;0;;;;;;;;;
26328001;ST SAUVEUR EN DIOIS;44.682667;5.157833;338;202509;2;10.4;0;13.1;0;24.8;0;;;;;;;;;
26328001;ST SAUVEUR EN DIOIS;44.682667;5.157833;338;202509;3;70.4;0;8.8;0;18.2;0;;;;;;;;;
26328001;ST SAUVEUR EN DIOIS;44.682667;5.157833;338;202510;1;4.0;0;8.0;0;18.8;0;;;;;;;;;
26328001;ST SAUVEUR EN DIOIS;44.682667;5.157833;338;202510;2;37.2;0;9.0;0;17.5;0;;;;;;;;;
26328001;ST SAUVEUR EN DIOIS;44.682667;5.157833;338;202510;3;93.3;0;9.0;0;16.3;0;;;;;;;;;
26328001;ST SAUVEUR EN DIOIS;44.682667;5.157833;338;202511;1;27.8;0;7.3;0;16.9;0;;;;;;;;;
26328001;ST SAUVEUR EN DIOIS;44.682667;5.157833;338;202511;2;49.7;0;5.4;0;14.6;0;;;;;;;;;
26328001;ST SAUVEUR EN DIOIS;44.682667;5.157833;338;202511;3;38.6;0;0.7;0;7.6;0;;;;;;;;;
26328001;ST SAUVEUR EN DIOIS;44.682667;5.157833;338;202512;1;23.9;0;3.8;0;10.7;0;;;;;;;;;
26328001;ST SAUVEUR EN DIOIS;44.682667;5.157833;338;202512;2;15.6;0;5.6;0;13.4;0;;;;;;;;;
26328001;ST SAUVEUR EN DIOIS;44.682667;5.157833;338;202512;3;35.3;0;1.2;0;4.8;0;;;;;;;;;
26328001;ST SAUVEUR EN DIOIS;44.682667;5.157833;338;202601;1;15.2;0;-3.3;0;4.7;0;;;;;;;;;
26328001;ST SAUVEUR EN DIOIS;44.682667;5.157833;338;202601;2;9.0;0;3.9;0;11.2;0;;;;;;;;;
26328001;ST SAUVEUR EN DIOIS;44.682667;5.157833;338;202601;3;65.7;0;1.4;0;9.1;0;;;;;;;;;
26328001;ST SAUVEUR EN DIOIS;44.682667;5.157833;338;202602;1;35.7;0;4.3;0;12.0;0;;;;;;;;;
26328001;ST SAUVEUR EN DIOIS;44.682667;5.157833;338;202602;2;41.7;0;4.5;0;10.7;0;;;;;;;;;
26328001;ST SAUVEUR EN DIOIS;44.682667;5.157833;338;202602;3;0.8;0;4.7;0;15.7;0;;;;;;;;;
26328001;ST SAUVEUR EN DIOIS;44.682667;5.157833;338;202603;1;18.0;0;5.9;0;15.3;0;;;;;;;;;
26330001;ST-SORLIN-EN-VA;45.271167;4.930333;237;202501;1;28.9;0;3.7;0;10.4;0;;;;;;;;;
26330001;ST-SORLIN-EN-VA;45.271167;4.930333;237;202501;2;0.2;0;-1.8;0;3.5;0;;;;;;;;;
26330001;ST-SORLIN-EN-VA;45.271167;4.930333;237;202501;3;47.9;0;4.7;0;12.6;0;;;;;;;;;
26330001;ST-SORLIN-EN-VA;45.271167;4.930333;237;202502;1;16.5;0;1.7;0;7.5;0;;;;;;;;;
26330001;ST-SORLIN-EN-VA;45.271167;4.930333;237;202502;2;10.5;0;3.1;0;12.5;0;;;;;;;;;
26330001;ST-SORLIN-EN-VA;45.271167;4.930333;237;202502;3;19.7;0;5.6;0;13.3;0;;;;;;;;;
26330001;ST-SORLIN-EN-VA;45.271167;4.930333;237;202503;1;20.5;0;2.6;0;16.0;0;;;;;;;;;
26330001;ST-SORLIN-EN-VA;45.271167;4.930333;237;202503;2;33.5;0;2.9;0;11.8;0;;;;;;;;;
26330001;ST-SORLIN-EN-VA;45.271167;4.930333;237;202503;3;27.9;0;7.4;0;15.9;0;;;;;;;;;
26330001;ST-SORLIN-EN-VA;45.271167;4.930333;237;202504;1;0.6;0;5.7;0;20.3;0;;;;;;;;;
26330001;ST-SORLIN-EN-VA;45.271167;4.930333;237;202504;2;114.5;0;8.3;0;18.0;0;;;;;;;;;
26330001;ST-SORLIN-EN-VA;45.271167;4.930333;237;202504;3;10.4;0;8.4;0;21.0;0;;;;;;;;;
26330001;ST-SORLIN-EN-VA;45.271167;4.930333;237;202505;1;44.8;0;9.9;0;19.8;0;;;;;;;;;
26330001;ST-SORLIN-EN-VA;45.271167;4.930333;237;202505;2;7.0;0;9.7;0;23.1;0;;;;;;;;;
26330001;ST-SORLIN-EN-VA;45.271167;4.930333;237;202505;3;11.5;0;10.7;0;24.1;0;;;;;;;;;
26330001;ST-SORLIN-EN-VA;45.271167;4.930333;237;202506;1;37.0;0;14.6;0;26.3;0;;;;;;;;;
26330001;ST-SORLIN-EN-VA;45.271167;4.930333;237;202506;2;6.3;0;16.2;0;30.4;0;;;;;;;;;
26330001;ST-SORLIN-EN-VA;45.271167;4.930333;237;202506;3;15.1;0;18.2;0;33.8;0;;;;;;;;;
26330001;ST-SORLIN-EN-VA;45.271167;4.930333;237;202507;1;3.8;0;15.7;0;29.5;0;;;;;;;;;
26330001;ST-SORLIN-EN-VA;45.271167;4.930333;237;202507;2;34.3;0;17.0;0;30.8;0;;;;;;;;;
26330001;ST-SORLIN-EN-VA;45.271167;4.930333;237;202507;3;3.2;0;14.4;0;26.2;0;;;;;;;;;
26330001;ST-SORLIN-EN-VA;45.271167;4.930333;237;202508;1;1.2;0;15.0;0;31.5;0;;;;;;;;;
26330001;ST-SORLIN-EN-VA;45.271167;4.930333;237;202508;2;20.0;0;18.1;0;34.1;0;;;;;;;;;
26330001;ST-SORLIN-EN-VA;45.271167;4.930333;237;202508;3;42.7;0;13.7;0;27.0;0;;;;;;;;;
26330001;ST-SORLIN-EN-VA;45.271167;4.930333;237;202509;1;81.9;0;13.8;0;25.1;0;;;;;;;;;
26330001;ST-SORLIN-EN-VA;45.271167;4.930333;237;202509;2;2.8;0;12.7;0;25.3;0;;;;;;;;;
26330001;ST-SORLIN-EN-VA;45.271167;4.930333;237;202509;3;46.9;0;9.2;0;17.9;0;;;;;;;;;
26330001;ST-SORLIN-EN-VA;45.271167;4.930333;237;202510;1;5.4;0;8.2;0;18.7;0;;;;;;;;;
26330001;ST-SORLIN-EN-VA;45.271167;4.930333;237;202510;2;19.3;0;8.9;0;17.5;0;;;;;;;;;
26330001;ST-SORLIN-EN-VA;45.271167;4.930333;237;202510;3;37.8;0;9.9;0;16.6;0;;;;;;;;;
26330001;ST-SORLIN-EN-VA;45.271167;4.930333;237;202511;1;32.8;0;8.6;0;16.9;0;;;;;;;;;
26330001;ST-SORLIN-EN-VA;45.271167;4.930333;237;202511;2;82.5;0;6.1;0;13.9;0;;;;;;;;;
26330001;ST-SORLIN-EN-VA;45.271167;4.930333;237;202511;3;10.8;0;1.2;0;7.7;0;;;;;;;;;
26330001;ST-SORLIN-EN-VA;45.271167;4.930333;237;202512;1;19.7;0;4.3;0;11.0;0;;;;;;;;;
26330001;ST-SORLIN-EN-VA;45.271167;4.930333;237;202512;2;6.8;0;5.3;0;13.3;0;;;;;;;;;
26330001;ST-SORLIN-EN-VA;45.271167;4.930333;237;202512;3;19.5;0;1.1;0;5.1;0;;;;;;;;;
26330001;ST-SORLIN-EN-VA;45.271167;4.930333;237;202601;1;6.6;0;-3.1;0;4.3;0;;;;;;;;;
26330001;ST-SORLIN-EN-VA;45.271167;4.930333;237;202601;2;5.6;0;4.2;0;10.2;0;;;;;;;;;
26330001;ST-SORLIN-EN-VA;45.271167;4.930333;237;202601;3;52.5;0;2.2;0;9.5;0;;;;;;;;;
26330001;ST-SORLIN-EN-VA;45.271167;4.930333;237;202602;1;30.6;0;4.0;0;12.4;0;;;;;;;;;
26330001;ST-SORLIN-EN-VA;45.271167;4.930333;237;202602;2;19.1;0;5.0;0;11.3;0;;;;;;;;;
26330001;ST-SORLIN-EN-VA;45.271167;4.930333;237;202602;3;1.0;0;5.7;0;16.0;0;;;;;;;;;
26330001;ST-SORLIN-EN-VA;45.271167;4.930333;237;202603;1;5.4;0;5.6;0;17.4;0;;;;;;;;;
26340001;SEDERON;44.202333;5.538833;804;202501;1;25.9;0;-2.5;0;8.6;0;;;;;;;;;
26340001;SEDERON;44.202333;5.538833;804;202501;2;0.4;0;-7.4;0;10.3;0;;;;;;;;;
26340001;SEDERON;44.202333;5.538833;804;202501;3;120.6;0;1.9;0;9.9;0;;;;;;;;;
26340001;SEDERON;44.202333;5.538833;804;202502;1;13.2;0;-2.7;0;11.3;0;;;;;;;;;
26340001;SEDERON;44.202333;5.538833;804;202502;2;16.7;0;-0.7;0;11.7;0;;;;;;;;;
26340001;SEDERON;44.202333;5.538833;804;202502;3;8.6;0;1.6;0;10.9;0;;;;;;;;;
26340001;SEDERON;44.202333;5.538833;804;202503;1;64.7;0;-2.6;0;14.0;0;;;;;;;;;
26340001;SEDERON;44.202333;5.538833;804;202503;2;30.5;0;-1.3;0;9.9;0;;;;;;;;;
26340001;SEDERON;44.202333;5.538833;804;202503;3;69.0;0;2.4;0;14.9;0;;;;;;;;;
26340001;SEDERON;44.202333;5.538833;804;202504;1;3.4;0;0.8;0;17.6;0;;;;;;;;;
26340001;SEDERON;44.202333;5.538833;804;202504;2;108.8;0;5.6;0;14.8;0;;;;;;;;;
26340001;SEDERON;44.202333;5.538833;804;202504;3;28.7;0;2.7;0;18.9;0;;;;;;;;;
26340001;SEDERON;44.202333;5.538833;804;202505;1;38.4;0;5.1;0;17.9;0;;;;;;;;;
26340001;SEDERON;44.202333;5.538833;804;202505;2;24.1;0;3.9;0;20.4;0;;;;;;;;;
26340001;SEDERON;44.202333;5.538833;804;202505;3;3.2;0;6.6;0;22.9;0;;;;;;;;;
26340001;SEDERON;44.202333;5.538833;804;202506;1;19.7;0;9.9;0;25.2;0;;;;;;;;;
26340001;SEDERON;44.202333;5.538833;804;202506;2;0.4;0;9.9;0;30.3;0;;;;;;;;;
26340001;SEDERON;44.202333;5.538833;804;202506;3;6.0;0;12.3;0;33.0;0;;;;;;;;;
26340001;SEDERON;44.202333;5.538833;804;202507;1;40.4;0;11.2;0;29.0;0;;;;;;;;;
26340001;SEDERON;44.202333;5.538833;804;202507;2;28.8;0;11.8;0;29.6;0;;;;;;;;;
26340001;SEDERON;44.202333;5.538833;804;202507;3;1.8;0;10.7;0;25.7;0;;;;;;;;;
26340001;SEDERON;44.202333;5.538833;804;202508;1;0.0;0;9.2;0;30.6;0;;;;;;;;;
26340001;SEDERON;44.202333;5.538833;804;202508;2;65.7;0;12.0;0;32.2;0;;;;;;;;;
26340001;SEDERON;44.202333;5.538833;804;202508;3;78.9;0;9.3;0;25.5;0;;;;;;;;;
26340001;SEDERON;44.202333;5.538833;804;202509;1;41.9;0;8.6;0;23.4;0;;;;;;;;;
26340001;SEDERON;44.202333;5.538833;804;202509;2;8.8;0;7.0;0;24.0;0;;;;;;;;;
26340001;SEDERON;44.202333;5.538833;804;202509;3;70.2;0;3.9;0;18.4;0;;;;;;;;;
26340001;SEDERON;44.202333;5.538833;804;202510;1;5.0;0;1.8;0;19.7;0;;;;;;;;;
26340001;SEDERON;44.202333;5.538833;804;202510;2;37.4;0;2.6;0;18.9;0;;;;;;;;;
26340001;SEDERON;44.202333;5.538833;804;202510;3;82.6;0;5.5;0;15.1;0;;;;;;;;;
26340001;SEDERON;44.202333;5.538833;804;202511;1;32.5;0;1.7;0;14.9;0;;;;;;;;;
26340001;SEDERON;44.202333;5.538833;804;202511;2;28.1;0;0.6;0;13.8;0;;;;;;;;;
26340001;SEDERON;44.202333;5.538833;804;202511;3;39.9;0;-4.1;0;6.9;0;;;;;;;;;
26340001;SEDERON;44.202333;5.538833;804;202512;1;11.8;0;-1.5;0;10.5;0;;;;;;;;;
26340001;SEDERON;44.202333;5.538833;804;202512;2;33.8;0;-0.3;0;11.1;0;;;;;;;;;
26340001;SEDERON;44.202333;5.538833;804;202512;3;50.4;0;-2.7;0;10.4;0;;;;;;;;;
26340001;SEDERON;44.202333;5.538833;804;202601;1;20.4;0;-7.7;0;5.5;0;;;;;;;;;
26340001;SEDERON;44.202333;5.538833;804;202601;2;35.8;0;-0.5;0;10.0;0;;;;;;;;;
26340001;SEDERON;44.202333;5.538833;804;202601;3;87.6;0;-2.6;0;6.4;0;;;;;;;;;
26340001;SEDERON;44.202333;5.538833;804;202602;1;73.1;0;-0.2;0;8.9;0;;;;;;;;;
26340001;SEDERON;44.202333;5.538833;804;202602;2;102.7;0;1.4;0;9.1;0;;;;;;;;;
26340001;SEDERON;44.202333;5.538833;804;202602;3;0.6;0;-1.6;0;17.3;0;;;;;;;;;
26340001;SEDERON;44.202333;5.538833;804;202603;1;25.5;0;1.2;0;14.0;0;;;;;;;;;
26361001;VALDROME;44.505333;5.576667;786;202501;1;48.8;0;-2.5;0;7.6;0;;;;;;;;;
26361001;VALDROME;44.505333;5.576667;786;202501;2;1.0;0;-7.3;0;7.3;0;;;;;;;;;
26361001;VALDROME;44.505333;5.576667;786;202501;3;70.0;0;1.0;0;10.1;0;;;;;;;;;
26361001;VALDROME;44.505333;5.576667;786;202502;1;9.8;0;-2.5;0;10.0;0;;;;;;;;;
26361001;VALDROME;44.505333;5.576667;786;202502;2;5.8;0;-1.0;0;12.5;0;;;;;;;;;
26361001;VALDROME;44.505333;5.576667;786;202502;3;10.2;0;0.3;0;11.7;0;;;;;;;;;
26361001;VALDROME;44.505333;5.576667;786;202503;1;53.7;0;-3.1;0;15.4;0;;;;;;;;;
26361001;VALDROME;44.505333;5.576667;786;202503;2;20.6;0;-0.7;0;10.8;0;;;;;;;;;
26361001;VALDROME;44.505333;5.576667;786;202503;3;40.2;0;2.3;0;15.5;0;;;;;;;;;
26361001;VALDROME;44.505333;5.576667;786;202504;1;3.8;0;0.3;0;19.5;0;;;;;;;;;
26361001;VALDROME;44.505333;5.576667;786;202504;2;150.8;0;4.9;0;16.5;0;;;;;;;;;
26361001;VALDROME;44.505333;5.576667;786;202504;3;45.8;0;2.6;0;20.5;0;;;;;;;;;
26361001;VALDROME;44.505333;5.576667;786;202505;1;56.5;0;5.8;0;18.3;0;;;;;;;;;
26361001;VALDROME;44.505333;5.576667;786;202505;2;32.6;0;3.5;0;21.7;0;;;;;;;;;
26361001;VALDROME;44.505333;5.576667;786;202505;3;8.2;0;5.2;0;23.6;0;;;;;;;;;
26361001;VALDROME;44.505333;5.576667;786;202506;1;41.6;0;10.2;0;26.2;0;;;;;;;;;
26361001;VALDROME;44.505333;5.576667;786;202506;2;4.8;0;9.3;0;31.2;0;;;;;;;;;
26361001;VALDROME;44.505333;5.576667;786;202506;3;12.5;0;11.2;0;33.1;0;;;;;;;;;
26361001;VALDROME;44.505333;5.576667;786;202507;1;7.4;0;9.4;0;29.2;0;;;;;;;;;
26361001;VALDROME;44.505333;5.576667;786;202507;2;36.0;0;9.9;0;31.0;0;;;;;;;;;
26361001;VALDROME;44.505333;5.576667;786;202507;3;3.8;0;9.1;0;25.8;0;;;;;;;;;
26361001;VALDROME;44.505333;5.576667;786;202508;1;0.0;0;7.9;0;30.9;0;;;;;;;;;
26361001;VALDROME;44.505333;5.576667;786;202508;2;13.4;0;10.5;0;33.1;0;;;;;;;;;
26361001;VALDROME;44.505333;5.576667;786;202508;3;73.6;0;8.7;0;26.7;0;;;;;;;;;
26361001;VALDROME;44.505333;5.576667;786;202509;1;64.9;0;9.2;0;24.8;0;;;;;;;;;
26361001;VALDROME;44.505333;5.576667;786;202509;2;4.8;0;6.7;0;24.7;0;;;;;;;;;
26361001;VALDROME;44.505333;5.576667;786;202509;3;55.4;0;4.0;0;19.4;0;;;;;;;;;
26361001;VALDROME;44.505333;5.576667;786;202510;1;5.2;0;0.8;0;20.6;0;;;;;;;;;
26361001;VALDROME;44.505333;5.576667;786;202510;2;30.2;0;3.1;0;20.0;0;;;;;;;;;
26361001;VALDROME;44.505333;5.576667;786;202510;3;93.9;0;4.7;0;15.8;0;;;;;;;;;
26361001;VALDROME;44.505333;5.576667;786;202511;1;17.5;0;0.9;0;16.2;0;;;;;;;;;
26361001;VALDROME;44.505333;5.576667;786;202511;2;23.5;0;0.7;0;14.2;0;;;;;;;;;
26361001;VALDROME;44.505333;5.576667;786;202511;3;44.6;0;-3.7;0;6.8;0;;;;;;;;;
26361001;VALDROME;44.505333;5.576667;786;202512;1;14.0;0;-1.1;0;10.0;0;;;;;;;;;
26361001;VALDROME;44.505333;5.576667;786;202512;2;19.6;0;-0.8;0;11.0;0;;;;;;;;;
26361001;VALDROME;44.505333;5.576667;786;202512;3;64.3;0;-3.0;0;6.5;0;;;;;;;;;
26361001;VALDROME;44.505333;5.576667;786;202601;1;33.6;0;-9.3;0;4.1;0;;;;;;;;;
26361001;VALDROME;44.505333;5.576667;786;202601;2;18.3;0;-2.0;0;10.1;0;;;;;;;;;
26361001;VALDROME;44.505333;5.576667;786;202601;3;83.2;0;-2.3;0;6.8;0;;;;;;;;;
26361001;VALDROME;44.505333;5.576667;786;202602;1;75.1;0;-0.8;0;9.7;0;;;;;;;;;
26361001;VALDROME;44.505333;5.576667;786;202602;2;115.0;0;0.7;0;8.5;0;;;;;;;;;
26361001;VALDROME;44.505333;5.576667;786;202602;3;1.0;0;-1.8;0;19.0;0;;;;;;;;;
26361001;VALDROME;44.505333;5.576667;786;202603;1;19.7;0;0.7;0;15.3;0;;;;;;;;;
26377003;VINSOBRES;44.337333;5.060167;346;202501;1;23.0;0;4.4;0;11.9;0;;;;;;;;;
26377003;VINSOBRES;44.337333;5.060167;346;202501;2;0.8;0;-0.4;0;9.8;0;;;;;;;;;
26377003;VINSOBRES;44.337333;5.060167;346;202501;3;49.6;0;6.3;0;13.5;0;;;;;;;;;
26377003;VINSOBRES;44.337333;5.060167;346;202502;1;14.3;0;2.1;0;12.5;0;;;;;;;;;
26377003;VINSOBRES;44.337333;5.060167;346;202502;2;12.8;0;4.8;0;13.3;0;;;;;;;;;
26377003;VINSOBRES;44.337333;5.060167;346;202502;3;10.2;0;6.5;0;13.2;0;;;;;;;;;
26377003;VINSOBRES;44.337333;5.060167;346;202503;1;41.1;0;5.4;0;17.3;0;;;;;;;;;
26377003;VINSOBRES;44.337333;5.060167;346;202503;2;25.1;0;3.9;0;12.7;0;;;;;;;;;
26377003;VINSOBRES;44.337333;5.060167;346;202503;3;42.3;0;8.0;0;16.9;0;;;;;;;;;
26377003;VINSOBRES;44.337333;5.060167;346;202504;1;0.0;0;8.6;0;21.2;0;;;;;;;;;
26377003;VINSOBRES;44.337333;5.060167;346;202504;2;68.0;0;9.0;0;18.3;0;;;;;;;;;
26377003;VINSOBRES;44.337333;5.060167;346;202504;3;18.5;0;9.6;0;22.6;0;;;;;;;;;
26377003;VINSOBRES;44.337333;5.060167;346;202505;1;30.7;0;10.5;0;21.9;0;;;;;;;;;
26377003;VINSOBRES;44.337333;5.060167;346;202505;2;29.9;0;10.8;0;24.5;0;;;;;;;;;
26377003;VINSOBRES;44.337333;5.060167;346;202505;3;3.2;0;13.8;0;25.8;0;;;;;;;;;
26377003;VINSOBRES;44.337333;5.060167;346;202506;1;13.7;0;15.5;0;29.1;0;;;;;;;;;
26377003;VINSOBRES;44.337333;5.060167;346;202506;2;0.0;0;18.0;0;34.5;0;;;;;;;;;
26377003;VINSOBRES;44.337333;5.060167;346;202506;3;31.0;0;20.8;0;37.3;0;;;;;;;;;
26377003;VINSOBRES;44.337333;5.060167;346;202507;1;20.4;0;17.6;0;32.6;0;;;;;;;;;
26377003;VINSOBRES;44.337333;5.060167;346;202507;2;44.1;0;18.4;0;34.3;0;;;;;;;;;
26377003;VINSOBRES;44.337333;5.060167;346;202507;3;3.2;0;16.4;0;28.5;0;;;;;;;;;
26377003;VINSOBRES;44.337333;5.060167;346;202508;1;0.0;0;17.9;0;33.6;0;;;;;;;;;
26377003;VINSOBRES;44.337333;5.060167;346;202508;2;2.6;0;21.7;0;36.9;0;;;;;;;;;
26377003;VINSOBRES;44.337333;5.060167;346;202508;3;72.4;0;15.7;0;29.8;0;;;;;;;;;
26377003;VINSOBRES;44.337333;5.060167;346;202509;1;68.6;0;14.7;0;27.0;0;;;;;;;;;
26377003;VINSOBRES;44.337333;5.060167;346;202509;2;9.3;0;14.6;0;26.9;0;;;;;;;;;
26377003;VINSOBRES;44.337333;5.060167;346;202509;3;52.7;0;10.0;0;21.3;0;;;;;;;;;
26377003;VINSOBRES;44.337333;5.060167;346;202510;1;2.4;0;10.0;0;21.6;0;;;;;;;;;
26377003;VINSOBRES;44.337333;5.060167;346;202510;2;45.6;0;9.9;0;22.1;0;;;;;;;;;
26377003;VINSOBRES;44.337333;5.060167;346;202510;3;95.1;0;9.8;0;18.2;0;;;;;;;;;
26377003;VINSOBRES;44.337333;5.060167;346;202511;1;38.2;0;8.7;0;17.8;0;;;;;;;;;
26377003;VINSOBRES;44.337333;5.060167;346;202511;2;40.0;0;7.1;0;16.4;0;;;;;;;;;
26377003;VINSOBRES;44.337333;5.060167;346;202511;3;27.3;0;2.2;0;10.0;0;;;;;;;;;
26377003;VINSOBRES;44.337333;5.060167;346;202512;1;25.1;0;5.0;0;12.3;0;;;;;;;;;
26377003;VINSOBRES;44.337333;5.060167;346;202512;2;36.4;0;7.5;0;14.7;0;;;;;;;;;
26377003;VINSOBRES;44.337333;5.060167;346;202512;3;32.1;0;2.9;0;10.5;0;;;;;;;;;
26377003;VINSOBRES;44.337333;5.060167;346;202601;1;2.4;0;-1.0;0;7.2;0;;;;;;;;;
26377003;VINSOBRES;44.337333;5.060167;346;202601;2;18.5;0;6.1;0;12.7;0;;;;;;;;;
26377003;VINSOBRES;44.337333;5.060167;346;202601;3;54.9;0;3.0;0;10.8;0;;;;;;;;;
26377003;VINSOBRES;44.337333;5.060167;346;202602;1;50.3;0;4.8;0;12.7;0;;;;;;;;;
26377003;VINSOBRES;44.337333;5.060167;346;202602;2;46.7;0;5.0;0;12.3;0;;;;;;;;;
26377003;VINSOBRES;44.337333;5.060167;346;202602;3;0.2;0;7.6;0;17.4;0;;;;;;;;;
26377003;VINSOBRES;44.337333;5.060167;346;202603;1;25.7;0;7.8;0;16.7;0;;;;;;;;;
